ID_материала,URL,Заголовок,Раздел_корпуса,Номер_объекта,Тип_текста,Концепт,Фрейм,Метафора,Субъектная_роль,Ценностная_оппозиция,Модель_действия
M001,https://tass.ru/ekonomika/27040453,Затраты бизнеса в РФ на ИИ в 2025 году составили 257 млрд рублей,Быстрый (новостной),1,Новость о внедрении ИИ,РАЗВИТИЕ,технологический прорыв,технология как двигатель,государство / эксперт,развитие / адаптация,модернизация
M002,https://tass.ru/ekonomika/27570217,В рамочном законопроекте про ИИ в России учли предложения разработчиков,Быстрый (новостной),1,Новость о регулировании ИИ,БЕЗОПАСНОСТЬ,регулирование,закон как рамка,разработчик / парламент,порядок / хаос,регулирование
M003,https://ria.ru/20260530/uchenye-2095743428.html,Российские ученые оценили влияние ИИ на фармацевтику,Быстрый (новостной),1,Новость о науке,ЗНАНИЕ,научное открытие,наука как двигатель,учёный / общество,открытие / застой,инновация
M004,https://www.kommersant.ru/doc/8692923,Путин назвал конкурентные преимущества России в развитии ИИ,Быстрый (новостной),1,Новость о стратегии ИИ,СИЛА,национальное лидерство,государство как механизм,президент / страна,лидерство / партнёрство,стратегическое развитие
M005,https://www.rbc.ru/technology_and_media/08/11/2024/671b85db9a794780798aea5b,Зачем промышленным предприятиям России нужны нейросети,Быстрый (новостной),1,Новость о внедрении ИИ,ЭФФЕКТИВНОСТЬ,промышленная модернизация,нейросеть как инструмент,предприятие / государство,модернизация / постепенность,оптимизация
M006,https://iz.ru/1814425/anton-belyi/mashinnyj-cvet-rynok-ii-v-rossii-kratno-vyrastet-v-2025-godu,Рынок ИИ в России кратно вырастет в 2025 году,Быстрый (новостной),1,Новость о рынке ИИ,РОСТ,рыночная экспансия,рынок как организм,бизнес / инвестор,рост / стабилизация,инвестиция
M007,https://iz.ru/2049479/iana-shturma/novyj-kod-hakery-stali-vdvoe-chashche-ispolzovat-ii-dlya-atak,Хакеры стали вдвое чаще использовать ИИ для атак,Быстрый (новостной),1,Новость о кибербезопасности,ВЫЗОВ,кибератака,ИИ как инструмент,хакер / государство,вызов / защита,защита
M008,https://www.gazeta.ru/politics/2024/05/14/19076389.shtml,"Новое правительство России 2024: все министры, вице-премьеры",Быстрый (новостной),1,Новость о власти,ВЛАСТЬ,государственное управление,правительство как механизм,президент / министр,стабильность / перемены,управление
M009,https://www.gazeta.ru/social/2024/03/01/18354896.shtml,"Путин послал послание: современная, комфортная Россия",Быстрый (новостной),1,Новость о национальном курсе,БУДУЩЕЕ,национальный проект,страна как семья,президент / народ,развитие / стабилизация,строительство
M010,https://ria.ru/20251208/putiny-2060617599.html,Путин поручил разработать меры по улучшению демографии,Быстрый (новостной),1,Новость о демографии,ЖИЗНЬ,демографическая политика,нация как организм,президент / правительство,воспроизводство / сокращение,сохранение
M011,https://ria.ru/20251015/rossiya-2048504926.html,Концепция миграционной политики коснется образования и русского языка,Быстрый (новостной),1,Новость о миграции,ИДЕНТИЧНОСТЬ,культурная интеграция,миграция как поток,государство / мигрант,интеграция / обособление,ассимиляция
M012,https://www.rbc.ru/society/31/01/2025/679ceb1f9a794739d6fa3ad1,Росстат назвал численность россиян к началу 2025 года,Быстрый (новостной),1,Новость о населении,ДЕМОГРАФИЯ,статистический учёт,население как ресурс,государство / общество,рост / сокращение,мониторинг
M013,https://iz.ru/1859796/valentina-averanova/roditelnyi-padez-u-rossii-poavilas-demograficeskaa-strategia,У России появилась демографическая стратегия,Быстрый (новостной),1,Новость о стратегии,СЕМЬЯ,стратегическое планирование,стратегия как путь,государство / семья,планирование / стихийность,планирование
M014,https://www.vedomosti.ru/society/articles/2025/05/16/1110458-vtsiom-videlil-chetire-demograficheskih-stsenariya,ВЦИОМ выделил четыре демографических сценария к 2036,Быстрый (новостной),1,Новость о прогнозе,ПРОГНОЗ,сценарное планирование,будущее как развилка,эксперт / общество,оптимизм / пессимизм,прогнозирование
M015,https://tass.ru/opinions/27578597,Образование как главный экспорт XXI века: шансы России,Быстрый (новостной),1,Новость об образовании,ЭКСПОРТ,образовательная экспансия,образование как товар,университет / государство,лидерство / отставание,экспансия
M016,https://tass.ru/obschestvo/26279597,Ведущие вузы РФ начнут переход на новую систему образования,Быстрый (новостной),1,Новость о реформе образования,РЕФОРМА,образовательная трансформация,реформа как переход,министерство / вуз,новое / старое,трансформация
M017,https://www.interfax.ru/russia/1077376,Вузы перейдут на новую систему образования с сентября,Быстрый (новостной),1,Новость о реформе образования,ПЕРЕХОД,системная трансформация,образование как механизм,министерство / вуз,развитие / адаптация,реализация
M018,https://www.rbc.ru/economics/06/02/2026/6985fe749a7947b0e2a18e3e,Экономика РФ в 2025 году выросла на 1%,Быстрый (новостной),1,Новость о ВВП,РОСТ,экономическая динамика,экономика как организм,государство / Росстат,рост / корректировка,стимулирование
M019,https://www.vedomosti.ru/economics/articles/2025/01/10/1085363-visokaya-klyuchevaya-stavka-zamedlit-rost-ekonomiki,Высокая ключевая ставка замедлит рост экономики в 2025,Быстрый (новостной),1,Новость о ставке,РЕГУЛИРОВАНИЕ,монетарная политика,ставка как тормоз,ЦБ / бизнес,осторожность / риск,регулирование
M020,https://www.rbc.ru/rbcfreenews/696a72839a7947f46b0d9367,Росстат назвал размер инфляции в 2025 году,Быстрый (новостной),1,Новость об инфляции,СТОИМОСТЬ,инфляционный процесс,инфляция как давление,ЦБ / потребитель,дороговизна / доступность,контроль
M021,https://www.vedomosti.ru/economics/articles/2025/06/23/1119182-putin-nazval-pyat-elementov-strukturnoi-transformatsii-ekonomiki,Путин назвал пять элементов структурной трансформации экономики,Быстрый (новостной),1,Новость о трансформации,ТРАНСФОРМАЦИЯ,структурные реформы,экономика как здание,президент / правительство,обновление / преемственность,реформа
M022,https://www.vedomosti.ru/economics/articles/2025/09/24/1141664-minek-snizil-prognoz,Минэк снизил прогноз роста экономики до 1% в 2025,Быстрый (новостной),1,Новость о прогнозе,КОРРЕКТИРОВКА,прогнозная корректировка,прогноз как прицел,министерство / экономика,реалистичный / оптимистичный сценарий,корректировка
M023,https://lenta.ru/news/2025/11/26/godovaya-inflyatsiya-v-rossii-opustilas-nizhe-semi-protsentov,Годовая инфляция в России опустилась ниже 7%,Быстрый (новостной),1,Новость об инфляции,СНИЖЕНИЕ,ценовая стабилизация,инфляция как лихорадка,ЦБ / общество,снижение / повышение,стабилизация
M024,https://www.gazeta.ru/politics/2024/12/01/20165072.shtml,Путин подписал бюджет на три года,Быстрый (новостной),1,Новость о бюджете,БЮДЖЕТ,финансовое планирование,бюджет как план,государство / общество,расход / доход,планирование
M025,https://tass.ru/ekonomika/27530931,В РФ снизилось количество преступлений с использованием новых технологий,Быстрый (новостной),1,Новость о киберпреступности,БЕЗОПАСНОСТЬ,правопорядок,преступность как угроза,правоохранители / общество,безопасность / опасность,контроль
M026,https://tass.ru/obschestvo/27546499,В Москве число IT-преступлений против граждан снизилось,Быстрый (новостной),1,Новость о кибербезопасности,ЗАЩИТА,цифровая безопасность,киберпространство как поле боя,МВД / гражданин,защита / риски,превенция
M027,https://tass.ru/proisshestviya/27138967,"Число причастных к терроризму подростков выросло в 2,5 раза",Быстрый (новостной),1,Новость о безопасности,ВЫЗОВ,радикализация молодёжи,радикализм как вирус,правоохранители / молодёжь,безопасность / риски,профилактика
M028,https://tass.ru/politika/27447659,Лидеры РФ и КНР примут Декларацию о многополярном мире,Быстрый (новостной),1,Новость о международной политике,МНОГОПОЛЯРНОСТЬ,многополярный порядок,мир как полюса,лидеры / страны,многополярность / униполярность,координация
M029,https://tass.ru/politika/27541323,Путин: Россия и Казахстан за демократизацию международных отношений,Быстрый (новостной),1,Новость о дипломатии,СУВЕРЕНИТЕТ,международное равноправие,дипломатия как диалог,лидеры / международное сообщество,равенство / доминирование,сотрудничество
M030,https://www.rbc.ru/politics/24/10/2024/671a3dad9a7947b37650487a,На Западе опасаются идеи Путина о платежной системе БРИКС,Быстрый (новостной),1,Новость о БРИКС,СУВЕРЕНИТЕТ,финансовая независимость,платёжная система как инструмент,государство / Запад,независимость / взаимозависимость,создание альтернативы
M031,https://lenta.ru/articles/2025/12/24/kulturnyy-obmen,Как РОСКОНЦЕРТ превращает искусство в дипломатию,Быстрый (новостной),1,Новость о культурной дипломатии,ДИПЛОМАТИЯ,культурный обмен,культура как мост,государство / культура,открытость / изоляция,культурный обмен
M032,https://lenta.ru/articles/2025/11/06/eto-pamyat-o-rodnoy-zemle,Как бренды из национальных республик сохраняют культуру,Быстрый (новостной),1,Новость о культуре,ПАМЯТЬ,культурное наследие,культура как корень,общество / бренд,сохранение / утрата,сохранение
M033,https://lenta.ru/articles/2025/01/15/god-zaschitnika-otechestva-2025,Год защитника Отечества — 2025,Быстрый (новостной),1,Новость о памяти,ПОДВИГ,историческая память,память как якорь,государство / народ,память / забвение,чествование
M034,https://tass.ru/kultura/26888973,Русский музей стал лучшим в 2025 году по версии The Art Newspaper,Быстрый (новостной),1,Новость о культуре,ПРИЗНАНИЕ,культурное лидерство,музей как хранитель,музей / общество,признание / формирование,популяризация
M035,https://tass.ru/obschestvo/23143655,Севастополь становится новой культурной столицей юга России,Быстрый (новостной),1,Новость о региональной культуре,ВОЗРОЖДЕНИЕ,культурное развитие региона,город как культурный центр,город / общество,развитие / стабилизация,развитие
M036,https://tass.ru/politika/26191397,Лавров подвел итоги работы МИД в 2025 году,Быстрый (новостной),1,Новость о внешней политике,СУВЕРЕНИТЕТ,дипломатическая деятельность,дипломатия как щит,МИД / международное сообщество,независимость / сотрудничество,защита интересов
M037,https://russian.rt.com/russia/article/1576031-bpla-drony-svo-itogi-2025,Итоги 2025 года в сфере БПЛА,Быстрый (новостной),1,Новость о военных технологиях,ОБОРОНА,технологическое превосходство,дрон как воин,военные / промышленность,развитие / ограничения,развитие
M038,https://russian.rt.com/russia/article/1578811-burevestnik-poseidon-oruzhie-novinki-2025,Пять главных оружейных новинок российской армии в 2025,Быстрый (новостной),1,Новость о вооружениях,СИЛА,военная мощь,оружие как щит,армия / государство,военные возможности / ограничения,вооружение
M039,https://tass.ru/obschestvo/23128087,"В РФ за семь лет число IT-преступлений выросло в 7,5 раза",Быстрый (новостной),1,Новость о киберпреступности,ВЫЗОВ,цифровая угроза,интернет как среда,правоохранители / преступник,безопасность / уязвимость,борьба
M040,https://trends.rbc.ru/trends/industry/656da1929a79470b97ad54ad,Искусственный интеллект 2023–2024: борьба за данные,Средний (аналитический),1,Аналитика о тренде ИИ,ДАННЫЕ,конкуренция за ресурсы,данные как нефть,корпорация / общество,доступность / концентрация,борьба за ресурсы
M041,https://trends.rbc.ru/trends/industry/694d4ce89a79476c5f6270d6,Итоги 2025 года в ИИ: где заканчивается хайп,Средний (аналитический),1,Аналитика о хайпе ИИ,РЕАЛЬНОСТЬ,развенчание иллюзий,хайп как пузырь,эксперт / рынок,реализм / иллюзия,рационализация
M042,https://trends.rbc.ru/trends/social/68e76c4f9a794769629fff4a,Цифровое похмелье: почему мы устали от ИИ-контента,Средний (аналитический),1,Аналитика о восприятии ИИ,УСТАЛОСТЬ,цифровая перегрузка,ИИ как зависимость,общество / ИИ,осознанность / зависимость,ограничение
M043,https://trends.rbc.ru/trends/industry/6853a8a49a794719f86161dc,Алгоритмы как кураторы: как ИИ формирует вкус,Средний (аналитический),1,Аналитика о вкусе,ВКУС,алгоритмическая куратура,алгоритм как критик,ИИ / творец,оригинальность / типизация,фильтрация
M044,https://trends.rbc.ru/trends/social/693831c89a7947536b9e1ca8,Как ИИ-боты создают информационные пузыри,Средний (аналитический),1,Аналитика об инфопузырях,ИСТИНА,информационная изоляция,инфопузырь как клетка,ИИ / пользователь,разнообразие / однородность,диверсификация
M045,https://trends.rbc.ru/trends/industry/67d7eacc9a7947482963ece1,"6 трендов аналитики данных, которые изменят бизнес",Средний (аналитический),1,Аналитика о трендах данных,ТРЕНД,рыночная трансформация,тренд как волна,аналитик / бизнес,адаптация / отставание,адаптация
M046,https://trends.rbc.ru/trends/innovation/69b2ee809a79474d1d75ccd7,"Технотренды-2026: ИИ лидирует, а главный барьер — не деньги",Средний (аналитический),1,Аналитика о барьерах ИИ,БАРЬЕР,организационное сопротивление,культура как стена,компания / технологии,открытость / консерватизм,преодоление
M047,https://www.kommersant.ru/doc/8477068,Рост расходов компаний «на цифру» замедлился,Средний (аналитический),1,Аналитика о цифровизации,ЗАМЕДЛЕНИЕ,цифровая усталость рынка,рынок как насыщенный организм,бизнес / государство,рост / стабилизация,оптимизация
M048,https://www.kommersant.ru/doc/8335113,Большие данные пошли в рост,Средний (аналитический),1,Аналитика о Big Data,ДАННЫЕ,рыночный рост,данные как валюта,рынок / государство,рост / стабилизация,монетизация
M049,https://www.kommersant.ru/doc/8270384,Рынок генеративного ИИ в России вырастет в пять раз,Средний (аналитический),1,Аналитика о рынке GenAI,ЭКСПАНСИЯ,рыночная экспансия,рынок как взрыв,бизнес / инвестор,рост / стабилизация,инвестирование
M050,https://www.kommersant.ru/doc/8623954,Как ИИ меняет карьерный рост и рынок труда,Средний (аналитический),1,Аналитика о труде,ТРУД,автоматизация труда,ИИ как конкурент,работник / ИИ,адаптация / коэволюция,переподготовка
M051,https://www.kommersant.ru/doc/8462729,Кибератаки в России в 2025 году,Средний (аналитический),1,Аналитика о кибербезопасности,ВЫЗОВ,цифровая война,кибератака как вторжение,хакер / организация,защита / риски,защита
M052,https://www.kommersant.ru/doc/8271101,Рынок защиты ИИ формируется: прогнозы и угрозы,Средний (аналитический),1,Аналитика о безопасности ИИ,БЕЗОПАСНОСТЬ,формирование рынка защиты,ИИ как система с ограничениями,индустрия / ИИ,защита / риски,защита
M053,https://www.kommersant.ru/doc/8625082,"Экономика Рунета-2025: 38,4 трлн руб.",Средний (аналитический),1,Аналитика о цифровой экономике,МАСШТАБ,цифровая экономика,Рунет как экосистема,индустрия / государство,рост / стабилизация,развитие
M054,https://www.vedomosti.ru/analytics/krupnyy_plan/articles/2025/11/25/1157711-kak-iskusstvennii-intellekt-pronikaet-v-ekonomiku,Как ИИ проникает в экономику,Средний (аналитический),1,Аналитика о проникновении ИИ,ПРОНИКНОВЕНИЕ,экономическая интеграция ИИ,ИИ как вода,бизнес / экономика,интеграция / сопротивление,интеграция
M055,https://www.vedomosti.ru/economics/articles/2026/01/23/1171183-ekonomisti-i-biznes-otsenili-posledstviya-vnedreniya-ii-dlya-rinka-truda,Последствия внедрения ИИ для рынка труда,Средний (аналитический),1,Аналитика о рынке труда,ТРУД,рыночная трансформация,ИИ как замена,экономист / работник,созидание / адаптация,адаптация
M056,https://www.vedomosti.ru/economics/articles/2025/01/31/1089571-it-sektor-22-vvp,"ИТ-сектор занял 2,2% российского ВВП",Средний (аналитический),1,Аналитика о ИТ-секторе,ВКЛАД,экономическая значимость ИТ,ИТ как фундамент,государство / ИТ-сектор,развитие / адаптация,развитие
M057,https://www.vedomosti.ru/press_releases/2025/12/08/vnedrenie-ii-mozhet-prinesti-rossiiskoi-ekonomike-do-13-trln-rub-k-2030-g,Внедрение ИИ может принести экономике до 13 трлн руб.,Средний (аналитический),1,Аналитика о потенциале ИИ,ПОТЕНЦИАЛ,экономический прогноз,ИИ как золотая жила,бизнес / государство,возможность / упущение,внедрение
M058,https://russiancouncil.ru/analytics-and-comments/columns/sandbox/bitva-za-tiktok,Битва за TikTok: США и Китай на поле цифровой безопасности,Средний (аналитический),1,Аналитика о цифровом суверенитете,СУВЕРЕНИТЕТ,цифровая война,TikTok как поле боя,США / Китай,суверенитет / зависимость,защита
M059,https://russiancouncil.ru/analytics-and-comments/analytics/pravila-ili-praktika-novye-razvilki-globalnogo-regulirovaniya-ii,Правила или практика: новые развилки глобального регулирования ИИ,Средний (аналитический),1,Аналитика о регулировании ИИ,ПРАВИЛО,институциональное развитие,регулирование как дорога,государство / ИИ,порядок / хаос,регулирование
M060,https://globalaffairs.ru/articles/ii-vojna-romashkina-stefanovich,Искусственный интеллект и естественная война,Средний (аналитический),1,Аналитика о войне и ИИ,ВОЙНА,автономные системы,ИИ как солдат,военный / ИИ,регулирование / автономия,ограничение
M061,https://globalaffairs.ru/articles/parus-sytnik-bazluczkaya,Парус при шторме: цифровой потенциал в мире ИИ,Средний (аналитический),1,Аналитика о цифровом потенциале,ПОТЕНЦИАЛ,цифровое развитие,цифра как парус,государство / экономика,развитие / адаптация,развитие
M062,https://expert.ru/analitika/texnologiceskaia-politika/chto-ekonomike-dast-zapusk-komissii-po-razvitiyu-iskusstvennogo-intellekta,Что экономике даст запуск комиссии по ИИ,Средний (аналитический),1,Аналитика о комиссии ИИ,ИНСТИТУТ,институциональное развитие,комиссия как штурвал,государство / ИИ-индустрия,координация / хаос,координация
M063,https://expert.ru/mnenie/kak-informatsiya-stanovitsya-klyuchevym-resursom-razvitiya-rossii,Как информация становится ключевым ресурсом развития,Средний (аналитический),1,Аналитика о данных,РЕСУРС,информационная экономика,данные как нефть,государство / экономика,ресурс / отход,мобилизация
M064,https://expert.ru/obshchestvo/im-tsifry-vidno-vse-ty-tak-i-znay,Им цифры видно все — ты так и знай,Средний (аналитический),1,Аналитика о цифровом развитии,ПРОЗРАЧНОСТЬ,цифровой контроль,цифра как окно,государство / гражданин,прозрачность / тайна,мониторинг
M065,https://expert.ru/expertise/arkhiv/obrazovanie/shkola/ot-traditsiy-k-innovatsiyam,Как цифровые технологии трансформируют учебный процесс,Средний (аналитический),1,Аналитика о цифровом образовании,ТРАНСФОРМАЦИЯ,цифровизация школы,школа как платформа,школа / технологии,инновация / преемственность,цифровизация
M066,https://www.vedomosti.ru/press_releases/2026/01/21/v-mire-sformirovalsya-trend-na-smyagchenie-i-peresmotr-regulirovaniya-v-sfere-generativnogo-ii,В мире сформировался тренд на смягчение регулирования ИИ,Средний (аналитический),1,Аналитика о смягчении регулирования,СМЯГЧЕНИЕ,регуляторная переориентация,регулирование как поводок,государство / индустрия,свобода / ограничение,либерализация
M067,https://www.rbc.ru/politics/08/07/2025/686b9ca39a79477adf9a5150,Примаков — РБК: Снаряды и учебники взаимозависимы,Средний (аналитический),1,Интервью с дипломатом,СУВЕРЕНИТЕТ,международная политика,дипломатия как шахматы,дипломат / страна,сотрудничество / конфронтация,переговоры
M068,https://www.rbc.ru/spb_sz/08/03/2025/67c5a31a9a79476e0ddd910a,Зубаревич — об экономике регионов в 2025 году,Средний (аналитический),1,Интервью с экономистом,РЕГИОН,экономическая дифференциация,регион как организм,эксперт / регион,развитие / стабилизация,диагностика
M069,https://www.rbc.ru/politics/30/01/2025/679936eb9a7947bacd566159,Мединский объяснил запрет пацифистских лозунгов,Средний (аналитический),1,Интервью с чиновником,ЦЕНЗУРА,идеологический контроль,культура как сфера влияния,чиновник / общество,порядок / свобода,регулирование
M070,https://www.forbes.ru/rubriki-kanaly/video/559888-sergej-kolesnikov-forbes,"Колесников — Forbes: Курьером стать проще, чем конструктором",Средний (аналитический),1,Интервью с предпринимателем,ТРУД,кадровый кризис,образование как лифт,предприниматель / образование,подготовка / дефицит,подготовка кадров
M071,https://www.forbes.ru/rubriki-kanaly/video/551407-oleg-v-ugin-forbes,Вьюгин — Forbes: Экономика входит в 2026 год с нулевым ростом,Средний (аналитический),1,Интервью с экономистом,СТАБИЛЬНОСТЬ,экономическая оценка,экономика как система,экономист / страна,рост / корректировка,диагностика
M072,https://www.forbes.ru/spetsproekt/promo/557474-pavel-voronin-mts-web-services,"Воронин, МТС: три новых волны развития ИИ",Средний (аналитический),1,Интервью с ИИ-экспертом,ВОЛНА,технологическая эволюция,ИИ как волна,эксперт / индустрия,инновация / стабильность,развитие
M073,https://snob.ru/art/barokko-s-protsessorom-oleg-dou-o-novom-iskusstve,Барокко с процессором: Олег Доу о новом искусстве,Средний (аналитический),1,Интервью с художником,ИСКУССТВО,творческая трансформация,нейросеть как кисть,художник / ИИ,творчество / автоматизация,созидание
M074,https://tass.ru/interviews/22700693,"Кононенко: после возвращения наслаждался тем, что можно пить воду",Средний (аналитический),1,Интервью с космонавтом,ПОДВИГ,космическая миссия,космос как испытание,космонавт / общество,подвиг / повседневность,возвращение
M075,https://tass.ru/interviews/27559385,"Мы ищем жизнь во Вселенной, чтобы понять, откуда она на Земле",Средний (аналитический),1,Интервью с астрофизиком,ПОИСК,научное познание,Вселенная как объект исследования,учёный / общество,знание / неведение,исследование
M076,https://ria.ru/20241022/yakovenko-1979157573.html,Яковенко: приходит время противостояния,Средний (аналитический),1,Интервью с дипломатом,ПРОТИВОСТОЯНИЕ,геополитический конфликт,мир как арена,дипломат / государство,независимость / сотрудничество,защита
M077,https://ria.ru/20241227/morgulov-1991638537.html,Моргулов: шаги недругов не остановят сотрудничество РФ и Китая,Средний (аналитический),1,Интервью с послом,СОТРУДНИЧЕСТВО,международное партнёрство,партнёрство как мост,посол / страна,сотрудничество / самостоятельность,укрепление
M078,https://ria.ru/20250115/biznes-1993767956.html,Биричевский: Россия продолжает работать с западным бизнесом,Средний (аналитический),1,Интервью с руководителем,СВЯЗЬ,экономическое сотрудничество,бизнес как мост,руководитель / бизнес,открытость / регулируемость,сохранение связей
M079,https://tass.ru/interviews/27065281,Караник: ни одного года без запуска в космос,Средний (аналитический),1,Интервью о космосе,КОСМОС,космическая программа,космос как горизонт,учёный / государство,развитие / ограничения,исследование
M080,https://www.kommersant.ru/doc/8571874,"Выбор, который устроил всех: интервью с банкиром",Средний (аналитический),1,Интервью с банкиром,ВЫБОР,финансовая стратегия,банк как крепость,банкир / рынок,стабильность / риск,стратегия
M081,https://www.kommersant.ru/doc/8532230,Главный KPI — экономика внимания: интервью с медиаменеджером,Средний (аналитический),1,Интервью о медиа,ВНИМАНИЕ,экономика внимания,внимание как валюта,медиаменеджер / аудитория,контроль / свобода,управление
M082,https://snob.ru/money/ekaterina-seredinskaia-ob-evoliutsii-bankovskogo-obsluzhivaniia,Серединская: об эволюции банковского обслуживания,Средний (аналитический),1,Интервью с банкиром,СЛУЖБА,сервисная трансформация,банк как сервис,банкир / клиент,сервис / равнодушие,сервис
M083,https://www.kommersant.ru/doc/8340950,Новая система высшего образования: увеличены баллы ЕГЭ,Средний (аналитический),1,Интервью об образовании,КАЧЕСТВО,образовательная реформа,ЕГЭ как инструмент оценки,министерство / абитуриент,качество / формализм,реформа
M084,https://www.vedomosti.ru/opinion/columns/2026/03/26/1185551-vesch-nedeli-borba-s-ekstremizmom,Борьба с экстремизмом: новые поправки,Медленный (культурная публицистика),1,Колонка о законодательстве,БЕЗОПАСНОСТЬ,правовое регулирование,закон как щит,государство / гражданин,безопасность / свобода,регулирование
M085,https://www.vedomosti.ru/ideas/education/columns/2026/04/06/1188222-gotovih-kadrov,Почему технологические лидеры не ждут готовых кадров,Медленный (культурная публицистика),1,Колонка о кадрах,КАДР,кадровый кризис,кадр как ресурс,лидер / образование,подготовка / дефицит,переподготовка
M086,https://www.vedomosti.ru/opinion/columns/2025/12/15/1163160-kuda-huzhe,Куда хуже: о кризисах 2025,Медленный (культурная публицистика),1,Колонка о кризисе,КРИЗИС,экономический спад,кризис как буря,эксперт / общество,осознание / адаптация,адаптация
M087,https://snob.ru/profile/413059/blog/3099724,Миллениалы не плачут: им за это стыдно,Медленный (культурная публицистика),1,Эссе о поколениях,ПОКОЛЕНИЕ,поколенческая травма,миллениал как субъект,поколение / общество,эмоциональность / сдержанность,рефлексия
M088,https://snob.ru/obrazovanie/faktologiia-protiv-poznaniia,Фактология против познания: образование в эпоху нейросетей,Медленный (культурная публицистика),1,Колонка об образовании,ЗНАНИЕ,образовательный кризис,знание как вода,образование / ИИ,познание / заучивание,реформа
M089,https://snob.ru/literature/chto-my-chitali-v-2025-godu-reiting-knizhnykh-izdatelstv,Что мы читали в 2025 году: рейтинг издательств,Медленный (культурная публицистика),1,Колонка о чтении,ЧТЕНИЕ,книжный рынок,книга как компас,читатель / рынок,качество / конвейер,выбор
M090,https://www.kommersant.ru/doc/8588198,Конец прошедшего времени: о смене политической эпохи,Медленный (культурная публицистика),1,Колонка о политике,ЭПОХА,политическая трансформация,эпоха как дверь,политик / общество,перемены / застой,наблюдение
M091,https://www.kommersant.ru/doc/8364012,Вся кООНпромиссная рать,Медленный (культурная публицистика),1,Колонка о геополитике,КОМПРОМИСС,международная дипломатия,ООН как театр,дипломат / ООН,компромисс / конфронтация,переговоры
M092,https://nvo.ng.ru/editorial/2025-12-26/01_9409_red.html,Что изменилось в инвестприоритетах,Медленный (культурная публицистика),1,Колонка об инвестициях,ИНВЕСТИЦИЯ,экономическая переориентация,инвестиция как посев,инвестор / экономика,развитие / стагнация,перераспределение
M093,https://nvo.ng.ru/ideas/2026-01-11/6_9412_100.html,100 ведущих политиков России в 2025 году,Медленный (культурная публицистика),1,Рейтинг-эссе,ВЛИЯНИЕ,политический рейтинг,политика как иерархия,политик / общество,власть / безвластие,оценка
M094,https://www.vedomosti.ru/esg/ecology/articles/2024/02/28/1022619-ekologiya-ischet-novie-vizovi,Экология ищет новые вызовы,Медленный (культурная публицистика),1,Колонка об экологии,ЭКОЛОГИЯ,устойчивое развитие,экология как баланс,общество / природа,сохранение / разрушение,баланс
M095,https://www.kommersant.ru/doc/7429862,Как изменились партийные симпатии избирателей,Медленный (культурная публицистика),1,Колонка о социологии,ВЫБОР,электоральная динамика,избиратель как маятник,избиратель / партия,перемены / стабильность,наблюдение
M096,https://www.culture.ru/materials/258644/ot-dyurera-do-deineki-samye-interesnye-vystavki-2025-goda,От Дюрера до Дейнеки: выставки 2025 года,Медленный (культурная публицистика),1,Рецензия на выставку,ИСКУССТВО,художественная выставка,выставка как диалог эпох,куратор / зритель,наследие / новаторство,популяризация
M097,https://www.culture.ru/materials/257560/glavnye-vystavki-2023-goda,Главные выставки 2023 года,Медленный (культурная публицистика),1,Обзор выставок,КУЛЬТУРНОЕ НАСЛЕДИЕ,музейная жизнь,музей как хранитель,музей / общество,сохранение / забвение,сохранение
M098,https://www.culture.ru/materials/258531/chto-smotret-v-teatralnom-sezone-2024-25-premery-moskvy-i-peterburga,Театральный сезон 2024/25: премьеры,Медленный (культурная публицистика),1,Обзор театра,ТЕАТР,театральная премьера,театр как зеркало,режиссёр / зритель,новаторство / традиция,просвещение
M099,https://www.culture.ru/materials/258946/spektakli-proekta-svoi-nepridumannye-istorii,Спектакли проекта «СВОи. Непридуманные истории»,Медленный (культурная публицистика),1,Рецензия на спектакль,СВИДЕТЕЛЬСТВО,документальный театр,сцена как свидетель,актёр / зритель,правда / вымысел,свидетельствование
M100,https://www.ng.ru/culture/2024-02-20/7_8953_gallery.html,В Третьяковской галерее вспоминают Александра Константинова,Медленный (культурная публицистика),1,Рецензия на выставку,ПАМЯТЬ,художественное наследие,искусство как послание,художник / зритель,признание / забвение,сохранение
M101,https://www.ng.ru/culture/2024-10-27/7_9123_museum.html,«Новое общество художников»,Медленный (культурная публицистика),1,Рецензия на выставку,СООБЩЕСТВО,коллективное творчество,искусство как диалог,художник / общество,коллектив / индивидуальность,популяризация
M102,https://www.ng.ru/culture/2024-03-31/6_8983_art.html,Современное искусство расцветает средними чеками,Медленный (культурная публицистика),1,Репортаж с ярмарки,РЫНОК,коммерциализация искусства,искусство как товар,рынок / художник,коммерция / творчество,продажа
M103,https://www.kommersant.ru/doc/6493375,Берлинале–2024: 10 главных фильмов,Медленный (культурная публицистика),1,Обзор кинофестиваля,КИНО,фестивальный показ,кино как окно,режиссёр / зритель,мировое / локальное,просвещение
M104,https://www.kommersant.ru/doc/6712775,Каннский кинофестиваль: обзор фильмов,Медленный (культурная публицистика),1,Обзор кинофестиваля,ПРЕЗЕНТАЦИЯ,международный кинопоказ,Канны как арена,кинематограф / общество,признание / отвержение,репрезентация
M105,https://www.kommersant.ru/doc/6727817,Почему россияне стали меньше ходить в театры,Медленный (культурная публицистика),1,Аналитика о культуре,КРИЗИС,падение культурного потребления,театр как система,театр / зритель,участие / равнодушие,привлечение
M106,https://style.rbc.ru/impressions/66bc84839a794720dc3db980,Локарно-2024: реальность кусается,Медленный (культурная публицистика),1,Обзор кинофестиваля,РЕАЛЬНОСТЬ,кинематографическая правда,кино как зубы,режиссёр / зритель,правда / иллюзия,наблюдение
M107,https://style.rbc.ru/impressions/664f47709a79472ac8074d33,Канны-2024: в чем загадка Трампа,Медленный (культурная публицистика),1,Репортаж с фестиваля,ЗАГАДКА,культурный феномен,Канны как зеркало,кино / общество,искусство / политика,наблюдение
M108,https://style.rbc.ru/impressions/6708fbd19a7947a40b5b3a6f,Маяк: фестиваль актуального российского кино,Медленный (культурная публицистика),1,Обзор фестиваля,СОВРЕМЕННОСТЬ,новое российское кино,фестиваль как маяк,режиссёр / зритель,новое / старое,популяризация
M109,https://style.rbc.ru/impressions/66fe680e9a79471ce45858a2,Новый роман Пелевина: круть или не круть?,Медленный (культурная публицистика),1,Рецензия на книгу,ЛИТЕРАТУРА,литературная оценка,книга как диагноз,писатель / читатель,гениальность / конвейер,оценка
M110,https://www.forbes.ru/forbeslife/527979-opasnye-sputniki,Как музеи показывали современное искусство в 2024,Медленный (культурная публицистика),1,Итоги года,ИТОГ,музейный год,музей как спутник,куратор / зритель,современность / традиция,подведение итогов
M111,https://www.forbes.ru/forbeslife/503189-ot-van-goga-do-joko-ono,Самые ожидаемые мировые выставки 2024,Медленный (культурная публицистика),1,Обзор выставок,ОЖИДАНИЕ,культурный календарь,выставка как событие,куратор / публика,мировое / локальное,анонс
M112,https://www.forbes.ru/forbeslife/513921-pocemu-na-biennale-v-veneciu-rossiu-predstavlaet-uzbekistan,Почему на биеннале в Венеции Россию представляет Узбекистан,Медленный (культурная публицистика),1,Репортаж с биеннале,ПАРАДОКС,культурная репрезентация,биеннале как витрина,страна / искусство,присутствие / отсутствие,репрезентация
M113,https://regnum.ru/article/4027101,Русский код: как культура стала приоритетом,Медленный (культурная публицистика),1,Аналитика о культуре,ПРИОРИТЕТ,государственная культурная политика,культура как фундамент,государство / культура,поддержка / равнодушие,поддержка
M114,https://rg.ru/2024/09/12/preliudii-narodnoj-liubvi.html,Почему классика должна сопровождать детвору,Медленный (культурная публицистика),1,Эссе о каноне,КАНОН,классическое образование,классика как фундамент,школа / ребёнок,просвещение / невежество,просвещение
M115,https://rg.ru/2024/10/31/emir-kusturica-russkaia-kultura-moj-argument-v-spore-s-evropoj.html,Кустурица: Русская культура — мой аргумент в споре с Европой,Медленный (культурная публицистика),1,Интервью о культуре,АРГУМЕНТ,культурная дипломатия,культура как аргумент,Кустурица / Европа,диалог / конфронтация,диалог
M116,https://rg.ru/2025/03/21/v-brazilii-obsudiat-slovo-tolstogo-v-sovremennom-mire.html,В Бразилии обсудят слово Толстого в современном мире,Медленный (культурная публицистика),1,Новость о литературе,СЛОВО,международная рецепция классики,Толстой как посол,форум / общество,мировое / локальное,популяризация
M117,https://www.ng.ru/culture/2024-11-17/6_9136_history.html,Современность из архива,Медленный (культурная публицистика),1,Рецензия на проект,АРХИВ,современное искусство и память,архив как источник,художник / история,новое / вечное,исследование
M118,https://www.ng.ru/ng_exlibris/2024-06-19/9_1227_5books.html,Пять книг недели: «Русская классика в зеркале андеграунда»,Медленный (культурная публицистика),1,Обзор книг,КНИГА,литературная критика,книга как зеркало,критик / читатель,канон / андеграунд,оценка
M119,https://www.ng.ru/culture/2024-01-29/8_8934_exhibition.html,Формула допетровской Руси,Медленный (культурная публицистика),1,Рецензия на выставку,РУСЬ,историческая рецепция,Русь как формула,художник / зритель,прошлое / настоящее,осмысление
M120,https://www.kommersant.ru/doc/6917302,Докер 2024: главные фильмы,Медленный (культурная публицистика),1,Обзор фестиваля,ДОКУМЕНТ,документальное кино,документ как свидетель,режиссёр / общество,правда / вымысел,свидетельствование
M121,https://www.kommersant.ru/doc/7310242,Рецензия на фильм «Кандинский и его муза»,Медленный (культурная публицистика),1,Рецензия на фильм,ВДОХНОВЕНИЕ,творческая биография,муза как источник,художник / муза,творчество / рутина,осмысление
M122,https://style.rbc.ru/impressions/674963ca9a7947680c95c203,"Театральный обман, пейзажи, натюрморты и китч",Медленный (культурная публицистика),1,Обзор культуры,РАЗНООБРАЗИЕ,культурная панорама,культура как мозаика,критик / зритель,разнообразие / однообразие,обзор
M123,https://www.forbes.ru/forbeslife/503555-bulatov-mone-i-peredvizniki,"Булатов, Моне и передвижники: выставки в музеях РФ 2024",Медленный (культурная публицистика),1,Анонс выставок,АНОНС,музейный сезон,музей как храм,куратор / зритель,классика / современность,подготовка
M124,https://regnum.ru/article/3858059,Главный интерес к русской литературе в мире ещё впереди,Медленный (культурная публицистика),1,Интервью о литературе,БУДУЩЕЕ,литературная перспектива,литература как посев,редактор / общество,расцвет / упадок,прогноз
M125,https://regnum.ru/article/3866181,Герои в комиксах и татуировки: как художники рассказывают о войне,Медленный (культурная публицистика),1,Репортаж об искусстве,ВОЙНА,художественная репрезентация войны,война как холст,художник / общество,осмысление / глорификация,осмысление
M126,https://nplus1.ru/news/2024/10/08/phys-nobel-2024,Нобелевскую премию по физике присудили за машинное обучение,Медленный (культурная публицистика),1,Научно-популярная статья об ИИ,ПРОРЫВ,научное признание ИИ,Нобелевка как знак,учёный / общество,признание / скепсис,популяризация
M127,https://nplus1.ru/material/2024/10/09/physics-of-neural-networks-2024,Магнетизм нейросетей: физика нейросетей,Медленный (культурная публицистика),1,Научно-популярная статья о нейросетях,ФИЗИКА,физическое обоснование ИИ,нейросеть как магнит,физик / ИИ,закономерность / хаос,объяснение
M128,https://nplus1.ru/material/2024/10/24/ai-masters,Магистры AI: как достичь баланса,Медленный (культурная публицистика),1,Научно-популярная статья об образовании ИИ,БАЛАНС,подготовка ИИ-кадров,образование как весы,университет / студент,глубина / широта,подготовка
M129,https://nplus1.ru/blog/2025/04/11/deep-research,"Глубина, я не твой: на что способен Deep Research",Медленный (культурная публицистика),1,Научно-популярная статья об ИИ-инструменте,ГЛУБИНА,инструментальное исследование,Deep Research как лупа,ИИ / исследователь,глубина / поверхностность,исследование
M130,https://nplus1.ru/blog/2026/05/22/ai-anthropomorphization,Почему мы очеловечиваем ИИ,Медленный (культурная публицистика),1,Научно-популярная статья о психологии,АНТРОПОМОРФИЗМ,психологическая проекция,ИИ как зеркало,человек / ИИ,эмпатия / иллюзия,осознание
M131,https://habr.com/ru/companies/onlinepatent/articles/870626,Самые примечательные научные открытия 2024 года,Медленный (культурная публицистика),1,Научно-популярный обзор,ОТКРЫТИЕ,научный прогресс,наука как фронт,учёный / общество,прогресс / стагнация,популяризация
M132,https://habr.com/ru/articles/902602,Искусственный интеллект в 2025 году: что происходит на самом деле,Медленный (культурная публицистика),1,Научно-популярная аналитика,РЕАЛЬНОСТЬ,тренды ИИ,ИИ как волна,аналитик / общество,прогресс / хайп,анализ
M133,https://postnauka.ru/tv/22767,"Нейрокоммуникаторы, нейроконтроллеры, нейропротезы",Медленный (культурная публицистика),1,Научно-популярная лекция,НЕЙРОИНТЕРФЕЙС,нейротехнология,мозг как компьютер,учёный / технология,расширение / ограничение,развитие
M134,https://postnauka.ru/talks/154889,Дубынин: «Если нет тигра за углом…»,Медленный (культурная публицистика),1,Научно-популярная беседа,СТРЕСС,нейробиология стресса,тигр как метафора угрозы,нейрофизиолог / общество,адаптация / дезадаптация,осознание
M135,https://elementy.ru/video/927/Evgeniy_Plisov_glavnye_novosti_nauki_v_2024_godu,Главные новости науки в 2024 году,Медленный (культурная публицистика),1,Научно-популярный обзор,ИТОГ,научный год,наука как путешествие,учёный / общество,прогресс / тупик,обзор
M136,https://elementy.ru/video/919/Itogi_2024_goda_v_fizike,Итоги 2024 года в физике,Медленный (культурная публицистика),1,Научно-популярный обзор,ФИЗИКА,физические открытия,физика как фундамент,физик / общество,познание / неведение,обзор
M137,https://biomolecula.ru/articles/khit-parad-biomolekuly-2024,Хит-парад «Биомолекулы» 2024,Медленный (культурная публицистика),1,Научно-популярный обзор,БИОЛОГИЯ,молекулярная биология,молекула как механизм,биолог / общество,познание / неведение,популяризация
M138,https://biomolecula.ru/articles/mikrornk-s-ogromnym-vliianiem,МикроРНК с огромным влиянием: Нобелевская премия по медицине 2024,Медленный (культурная публицистика),1,Научно-популярная статья о нобелевке,ПРЕМИЯ,научное признание,Нобелевка как вершина,учёный / общество,признание / неизвестность,популяризация
M139,https://ria.ru/20260119/nauka-2068347427.html,Профессор СПбПУ дал прогноз о развитии «цифровой Арктики»,Медленный (культурная публицистика),1,Научно-популярная статья о технологиях,АРКТИКА,цифровизация региона,Арктика как фронт,учёный / регион,освоение / отставание,развитие
M140,https://ria.ru/20250625/uchenye-2025243144.html,Российские учёные отправили в стратосферу крыс с нейроинтерфейсами,Медленный (культурная публицистика),1,Научно-популярная статья об эксперименте,ЭКСПЕРИМЕНТ,нейробиологический прорыв,мозг как компьютер,учёный / технология,прорыв / фантастика,исследование
M141,https://tass.ru/nauka/19632657,Искусственный интеллект и лунные миссии: как наука будет развиваться,Медленный (культурная публицистика),1,Научно-популярный обзор,КОСМОС,научные тренды,космос как горизонт,учёный / общество,развитие / ограничения,исследование
M142,https://tass.ru/v-strane/20083087,Город инноваций: робот-хирург в Петербурге,Медленный (культурная публицистика),1,Научно-популярная статья о медицине,МЕДИЦИНА,технологическая революция,робот как хирург,врач / технология,спасение / риск,инновация
M143,https://www.kommersant.ru/doc/6746758,Технологиям потребовались смыслы,Медленный (культурная публицистика),1,Научно-популярная статья о смыслах,СМЫСЛ,технологическая этика,смысл как якорь,эксперт / общество,осмысленность / бессмысленность,осмысление
M144,https://mel.fm/novosti/4863591-rossyskiye-vuzy-pereydut-na-novuyu-sistemu-obrazovaniya,Вузы перейдут на новую систему образования с 2026 года,Медленный (культурная публицистика),1,Научно-популярная статья об образовании,РЕФОРМА,образовательная трансформация,образование как стройка,министерство / вуз,новое / старое,реализация
M145,https://biomolecula.ru/articles/scinat-za-mart-2024-1,SciNat: эпигенетическое редактирование генома,Медленный (культурная публицистика),1,Научно-популярный дайджест,ГЕНОМ,генная инженерия,геном как текст,учёный / общество,редактирование / запрет,исследование
M146,https://gorvesti.ru/text/zhizn-stala-komfortnee-kakie-novye-obekty-poyavilis-v-volgograde-v-2025-godu-214614.html,Новые объекты в Волгограде в 2025 году,Быстрый (новостной),1,Региональная новость,КОМФОРТ,городское развитие,город как организм,власть / горожанин,развитие / застой,благоустройство
M147,https://gorvesti.ru/society/21-milliona-chelovek-posetili-volgogradskuyu-oblast-v-2025-godu-215499.html,Турпоток вырос на 10% в Волгоградской области,Быстрый (новостной),1,Региональная новость о туризме,ТУРИЗМ,региональная привлекательность,регион как магнит,регион / турист,открытость / регулируемость,привлечение
M148,https://gorvesti.ru/society/volgograd-pereimenuyut-v-stalingrad-2-fevralya-217217.html,Волгоград переименуют в Сталинград 2 февраля,Быстрый (новостной),1,Региональная новость о памяти,ПАМЯТЬ,историческая символика,город как память,власть / общество,память / забвение,чествование
M149,https://c-pravda.ru/news/2025-12-23/turpotok-v-krym-v-2025-godu-pokazal-rekordnyjj-rost-pochti-na-70,Турпоток в Крым вырос на 70% в 2025 году,Быстрый (новостной),1,Региональная новость о туризме,РОСТ,региональное развитие,Крым как курорт,регион / турист,процветание / упадок,развитие
M150,https://c-pravda.ru/news/2026-02-17/bolee-70-novykh-ambulatorijj-i-fapov-postroili-v-krymu-v-2025-godu,70 новых амбулаторий и ФАПов в Крыму,Быстрый (новостной),1,Региональная новость о медицине,ЗДОРОВЬЕ,медицинская инфраструктура,больница как фундамент,власть / пациент,развитие / адаптация,строительство
M151,https://www.svoboda.org/a/territoriya-sama-po-sebe-nikomu-ne-nuzhna/33649804.html,Что не так с кремлевской идеей сибиризации,Быстрый (новостной),1,Региональная аналитика,СИБИРЬ,депопуляция регионов,Сибирь как ресурс,государство / регион,развитие / вымирание,сохранение
M152,https://www.svoboda.org/a/ochen-nuzhno-myaso/33459897.html,"Российских зэков избивают, вынуждая заключать контракты",Быстрый (новостной),1,Региональное расследование,НАСИЛИЕ,принуждение к службе,тюрьма как рекрутинговый центр,государство / заключённый,принуждение / свобода,расследование
M153,https://www.kavkazr.com/a/33756590.html,Жительниц юга России лишают свободы,Быстрый (новостной),1,Региональное расследование,ПРАВО,гендерное неравенство,Кавказ как клетка,традиция / женщина,свобода / подчинение,защита
M154,https://www.kavkazr.com/a/kazna-pusteet-fond-kadyrova/33345150.html,Фонд Кадырова отчитался о долгах и сокращении активов,Быстрый (новостной),1,Региональная аналитика,БЮДЖЕТ,финансовый кризис региона,фонд как кошелёк,фонд / регион,процветание / кризис,мониторинг
M155,https://www.kavkazr.com/a/chuda-ne-budet/33540635.html,Чуда не будет: ситуация на Северном Кавказе в докладе для ООН,Быстрый (новостной),1,Региональная аналитика,ДОКЛАД,правозащитная оценка,Кавказ как проблема,ООН / регион,реализм / иллюзия,оценка
M156,https://www.severreal.org/a/nastoyaschiy-komi-muzhik-gordost-naroda/33546202.html,За что арестован философ Зюзев из Коми,Быстрый (новостной),1,Региональная новость,СВОБОДА,преследование инакомыслящих,философ как совесть,государство / интеллигенция,свобода / репрессия,солидарность
M157,https://www.severreal.org/a/glava-komi-uyba-ushel-v-otstavku/33176020.html,Глава Коми Уйба ушел в отставку,Быстрый (новостной),1,Региональная новость о политике,ОТСТАВКА,политическая ротация,губернатор как руль,губернатор / регион,перемены / застой,замена
M158,https://t-l.ru/401601.html,Бюджет Тюмени 2025 исполнен без дефицита,Быстрый (новостной),1,Региональная новость о бюджете,БАЛАНС,финансовая устойчивость,бюджет как весы,город / экономика,профицит / дефицит,управление
M159,https://t-l.ru/389862.html,В Тюмени стартовал цифровой форум «Инфотех»,Быстрый (новостной),1,Региональная новость о технологиях,ТЕХНОЛОГИЯ,цифровое развитие региона,форум как витрина,город / технологии,инновация / отставание,развитие
M160,https://ysia.ru/v-2025-godu-indeks-promyshlennogo-proizvodstva-v-yakutii-sostavil-100,Индекс промышленного производства в Якутии — 100%,Быстрый (новостной),1,Региональная новость о промышленности,СТАБИЛЬНОСТЬ,промышленное развитие,промышленность как фундамент,регион / экономика,рост / стабилизация,мониторинг
M161,https://ysia.ru/41-sotsialnyj-obekt-planiruyut-vvesti-v-yakutii-v-2025-godu,41 социальный объект в Якутии в 2025 году,Быстрый (новостной),1,Региональная новость о строительстве,СТРОИТЕЛЬСТВО,социальная инфраструктура,объект как фундамент,власть / общество,развитие / нужда,строительство
M162,https://www.bashinform.ru/news/culture/2025-01-09/top-10-kulturnyh-sobytiy-v-bashkirii-za-2024-god-4070995,Топ-10 культурных событий в Башкирии за 2024,Быстрый (новостной),1,Региональная новость о культуре,КУЛЬТУРА,региональная культурная жизнь,культура как лицо,регион / общество,многообразие / однообразие,популяризация
M163,https://yakutia.info/article/214721,Экономические итоги 2025 года в Якутии,Быстрый (новостной),1,Региональная аналитика,ИТОГ,экономическая оценка региона,экономика как система,регион / экономика,рост / корректировка,диагностика
M164,https://www.ekburg.ru/news/2/97278-zhiteli-ekaterinburga-otsenili-rabotu-gorodskikh-vlastey,Жители Екатеринбурга оценили работу властей,Быстрый (новостной),1,Региональная новость об оценке,ОЦЕНКА,городское управление,город как механизм,власть / горожанин,удовлетворённость / недовольство,мониторинг
M165,https://c-pravda.ru/news/2025-02-12/finansovaya-gramotnost-dlya-vsekh,Финансовая грамотность для всех в Крыму,Быстрый (новостной),1,Региональная новость об образовании,ГРАМОТНОСТЬ,финансовое просвещение,грамотность как щит,школа / общество,знание / невежество,просвещение
M166,https://lgz.ru/article/anton-chekhov-i-konets-russkogo-klassicheskogo-realizma,Чехов и конец русского классического реализма,Глубокий (литературный канон),1,Литературная критика,РЕАЛИЗМ,эпохальная трансформация,реализм как эпоха,Чехов / литература,завершение / начало,осмысление
M167,https://lgz.ru/article/sto-let-na-klassiku,Сто лет на классику,Глубокий (литературный канон),1,Беседа о литературе,КАНОН,литературная преемственность,классика как фундамент,писатель / читатель,преемственность / разрыв,сохранение
M168,https://lgz.ru/article/drugie-zoshchenko,Другие Зощенко: к 130-летию,Глубокий (литературный канон),1,Литературная статья,НАСЛЕДИЕ,литературный юбилей,Зощенко как зеркало эпохи,писатель / общество,осмысление / забвение,чествование
M169,https://lgz.ru/article/toska-po-osmyslennoy-zhizni,Тоска по осмысленной жизни: о «вредном» Достоевском,Глубокий (литературный канон),1,Беседа о классике,СМЫСЛ,экзистенциальная проблематика,Достоевский как совесть,писатель / читатель,смысл / бессмыслица,осмысление
M170,https://lgz.ru/article/bulgakov-v-prioritete,Булгаков в приоритете: рейтинг продаж классиков,Глубокий (литературный канон),1,Литературная статистика,ПОПУЛЯРНОСТЬ,читательский выбор,рейтинг как голос,читатель / классик,востребованность / забвение,анализ
M171,https://voplit.ru/article/tolstoj-i-dostoevskij,Толстой и Достоевский: монография,Глубокий (литературный канон),1,Литературная критика,ДУАЛИЗМ,классическая оппозиция,Толстой и Достоевский как полюса,критик / классика,два пути / один,осмысление
M172,https://voplit.ru/article/vera-i-neverie-dostoevskij-tolstoj-chehov-i-drugie,"Вера и неверие: Достоевский, Толстой, Чехов",Глубокий (литературный канон),1,Литературоведческая статья,ВЕРА,религиозно-философские мотивы,вера как якорь,писатель / общество,вера / безверие,исследование
M173,https://voplit.ru/article/turgenev-tolstoj-dostoevskij-podteksty-pushkinskogo-prazdnika-1880-goda,Подтексты Пушкинского праздника 1880 года,Глубокий (литературный канон),1,Литературоведческая статья,ПРАЗДНИК,литературно-политический контекст,памятник как символ,литература / общество,объединение / раскол,исследование
M174,https://voplit.ru/article/vozvrashhenie-k-shalamovu,Возвращение к Шаламову,Глубокий (литературный канон),1,Литературная статья,ВОЗВРАЩЕНИЕ,литературная реабилитация,Шаламов как свидетель,писатель / история,правда / забвение,восстановление
M175,https://nm1925.ru/articles/2025/1-2025/rechevoy-lider,"Речевой лидер: Толстой, Пушкин, Достоевский, Гоголь",Глубокий (литературный канон),1,Литературное эссе,ЛИДЕРСТВО,речевое влияние классиков,классик как лидер,классик / язык,влияние / затухание,осмысление
M176,https://nm1925.ru/articles/2024/1-2024/periodika-1-2024,Периодика: обсуждение русской классики,Глубокий (литературный канон),1,Литературный обзор,ОБСУЖДЕНИЕ,литературная рефлексия,журнал как площадка,критик / классика,осмысление / равнодушие,обсуждение
M177,https://znamlit.ru/publication.php?id=9257,Преодолевая страх: переосмысление классики,Глубокий (литературный канон),1,Литературная критика,СТРАХ,неклассическая рецепция,страх как барьер,критик / классика,преодоление / подчинение,переосмысление
M178,https://znamlit.ru/publication.php?id=8901,Молодые критики о литературе,Глубокий (литературный канон),1,Литературная дискуссия,НОВОЕ,поколенческий взгляд,молодость как вызов,критик / литература,новизна / традиция,дискуссия
M179,https://znamlit.ru/publication.php?id=8900,Первые толстяки: к 100-летию журналов,Глубокий (литературный канон),1,Литературная история,ТРАДИЦИЯ,история толстых журналов,журнал как корабль,журнал / литература,продолжение / закрытие,сохранение
M180,https://gramota.ru/journal/novosti-i-sobytiya/o-chem-govoryat-slova-2024-goda,О чем говорят слова 2024 года,Глубокий (литературный канон),1,Лингвистический обзор,СЛОВО,языковая динамика,слово как барометр,лингвист / общество,изменение / стабильность,наблюдение
M181,https://gramota.ru/journal/stati/zhizn-yazyka/chto-my-znaem-o-populyarnykh-slovakh-goda,Популярные слова года: 11 эскизов к портретам,Глубокий (литературный канон),1,Лингвистический анализ,СЛОВО ГОДА,лексикографическая оценка,слово как портрет,лингвист / общество,новое / вечное,анализ
M182,https://gramota.ru/journal/stati/nauka/novoe-v-metaslovare-gramoty,Новое в метасловаре Грамоты: лексикографические описания,Глубокий (литературный канон),1,Лингвистическая статья,СЛОВАРЬ,лексикографическая практика,словарь как зеркало,лингвист / язык,описание / игнорирование,описание
M183,https://russkayarech.ru/ru/archive/2024-5,Русская речь. 2024. №5: Гоголь и пушкинский ямб,Глубокий (литературный канон),1,Филологическая статья,ФОРМА,литературный анализ,стих как механизм,филолог / классика,точность / приблизительность,анализ
M184,https://russkayarech.ru/ru/archive/2024-4,Русская речь. 2024. №4: Национальный словарный фонд,Глубокий (литературный канон),1,Филологическая статья,ФОНД,лексическое наследие,словарь как хранилище,лингвист / нация,сохранение / утрата,сохранение
M185,https://nm1925.ru/journal-archive/year-content/2024,Содержание «Нового мира» за 2024 год,Глубокий (литературный канон),1,Литературный обзор,ГОД,литературная панорама,журнал как летопись,редакция / читатель,многообразие / однообразие,обзор
M186,https://lenta.ru/news/2024/08/29/fight,Власти начали готовить план по борьбе с ростом цен,Быстрый (новостной),1,Новость о политике цен,БОРЬБА,ценовой контроль,инфляция как враг,государство / ЦБ,контроль / стихия,регулирование
M187,https://smotrim.ru/brand/71519,Путь документальный фильм 2025 смотреть онлайн - Смотрим,Быстрый (новостной),1,Краткая новость,Красота,Традиция и новаторство,Корни,Новатор,Открытость–Закрытость,
M187,https://smotrim.ru/brand/71519,Путь документальный фильм 2025 смотреть онлайн - Смотрим,Быстрый (новостной),2,Новость,Ответственность,Внешняя угроза,Война,Лидер,Порядок–Хаос,
M187,https://smotrim.ru/brand/71519,Путь документальный фильм 2025 смотреть онлайн - Смотрим,Быстрый (новостной),3,Новостной релиз,Культура,Нравственный поиск,Семя,Хранитель,Истина–Ложь,
M187,https://smotrim.ru/brand/71519,Путь документальный фильм 2025 смотреть онлайн - Смотрим,Быстрый (новостной),4,Новость,Душа,Эстетическая трансгрессия,Горизонт,Проводник,Дух–Материя,
M187,https://smotrim.ru/brand/71519,Путь документальный фильм 2025 смотреть онлайн - Смотрим,Быстрый (новостной),5,Краткая новость,Справедливость,Борьба за власть,Маска,Манипулятор,Сила–Слабость,
M187,https://smotrim.ru/brand/71519,Путь документальный фильм 2025 смотреть онлайн - Смотрим,Быстрый (новостной),6,Новость,Родина,Культурная гибридизация,Строительство,Мудрец,Традиция–Новаторство,
M187,https://smotrim.ru/brand/71519,Путь документальный фильм 2025 смотреть онлайн - Смотрим,Быстрый (новостной),7,Новостной релиз,Истина,Культурный канон,Корни,Творец,Природа–Культура,
M187,https://smotrim.ru/brand/71519,Путь документальный фильм 2025 смотреть онлайн - Смотрим,Быстрый (новостной),8,Новость,Память,Культурная память,Горизонт,Наблюдатель,Прошлое–Будущее,
M187,https://smotrim.ru/brand/71519,Путь документальный фильм 2025 смотреть онлайн - Смотрим,Быстрый (новостной),9,Краткая новость,Образование,Идентичностный кризис,Строительство,Наблюдатель,Открытость–Закрытость,
M188,https://smotrim.ru/movie/documentaries/2025/ru,Российские документальные фильмы 2025 года - Смотрим,Быстрый (новостной),1,Заметка,Сила,Политическая трансформация,Мобилизация,Лидер,Порядок–Хаос,
M188,https://smotrim.ru/movie/documentaries/2025/ru,Российские документальные фильмы 2025 года - Смотрим,Быстрый (новостной),2,Краткая новость,Ответственность,Культурная трансформация,Засуха,Свидетель,Свобода–Безопасность,
M188,https://smotrim.ru/movie/documentaries/2025/ru,Российские документальные фильмы 2025 года - Смотрим,Быстрый (новостной),3,Заметка,Суверенитет,Суверенитет,Капитуляция,Защитник,Сила–Слабость,
M188,https://smotrim.ru/movie/documentaries/2025/ru,Российские документальные фильмы 2025 года - Смотрим,Быстрый (новостной),4,Новостной релиз,Порядок,Государственный контроль,Перестройка,Оппонент,Равенство–Иерархия,
M188,https://smotrim.ru/movie/documentaries/2025/ru,Российские документальные фильмы 2025 года - Смотрим,Быстрый (новостной),5,Информационное сообщение,Свобода,Институциональная трансформация,Война,Враг,Свой–Чужой,
M188,https://smotrim.ru/movie/documentaries/2025/ru,Российские документальные фильмы 2025 года - Смотрим,Быстрый (новостной),6,Заметка,Долг,Конфликт интересов,Премьера,Страж,Единство–Разделение,
M188,https://smotrim.ru/movie/documentaries/2025/ru,Российские документальные фильмы 2025 года - Смотрим,Быстрый (новостной),7,Новость,Семья,Социальная солидарность,Архитектура,Страдалец,Добро–Зло,
M189,https://smotrim.ru/video/3024035,Фильм Русские. Искусство быть 1 серия - Смотрим,Быстрый (новостной),1,Новость,Душа,Эстетическая трансгрессия,Корни,Новатор,Природа–Культура,
M189,https://smotrim.ru/video/3024035,Фильм Русские. Искусство быть 1 серия - Смотрим,Быстрый (новостной),2,Новостной релиз,Надежда,Моральный выбор,Центр,Творец,Жизнь–Смерть,
M189,https://smotrim.ru/video/3024035,Фильм Русские. Искусство быть 1 серия - Смотрим,Быстрый (новостной),3,Новостной релиз,Смысл,Потеря смыслов,Корни,Проводник,Прошлое–Будущее,
M189,https://smotrim.ru/video/3024035,Фильм Русские. Искусство быть 1 серия - Смотрим,Быстрый (новостной),4,Информационное сообщение,Традиция,Культурная память,Крепость,Хранитель,Дух–Материя,
M189,https://smotrim.ru/video/3024035,Фильм Русские. Искусство быть 1 серия - Смотрим,Быстрый (новостной),5,Заметка,Красота,Культурный канон,Перестройка,Мудрец,Открытость–Закрытость,
M189,https://smotrim.ru/video/3024035,Фильм Русские. Искусство быть 1 серия - Смотрим,Быстрый (новостной),6,Информационное сообщение,Родина,Нравственный поиск,Путь,Наблюдатель,Истина–Ложь,
M189,https://smotrim.ru/video/3024035,Фильм Русские. Искусство быть 1 серия - Смотрим,Быстрый (новостной),7,Информационное сообщение,Культура,Идентичностный кризис,Засуха,Наблюдатель,Традиция–Новаторство,
M189,https://smotrim.ru/video/3024035,Фильм Русские. Искусство быть 1 серия - Смотрим,Быстрый (новостной),8,Новость,Истина,Традиция и новаторство,Увядание,Творец,Прошлое–Будущее,
M190,https://smotrim.ru/video/2956466,Новости культуры. Эфир 07.04.2025 (12:30) - Смотрим,Быстрый (новостной),1,Информационное сообщение,Родина,Традиция и новаторство,Крепость,Хранитель,Истина–Ложь,
M190,https://smotrim.ru/video/2956466,Новости культуры. Эфир 07.04.2025 (12:30) - Смотрим,Быстрый (новостной),2,Информационное сообщение,Долг,Социальная поляризация,Перестройка,Защитник,Общее–Частное,
M190,https://smotrim.ru/video/2956466,Новости культуры. Эфир 07.04.2025 (12:30) - Смотрим,Быстрый (новостной),3,Новость,Традиция,Культурная память,Путь,Творец,Дух–Материя,
M190,https://smotrim.ru/video/2956466,Новости культуры. Эфир 07.04.2025 (12:30) - Смотрим,Быстрый (новостной),4,Новостной релиз,Вера,Культурный канон,Центр,Наблюдатель,Открытость–Закрытость,
M190,https://smotrim.ru/video/2956466,Новости культуры. Эфир 07.04.2025 (12:30) - Смотрим,Быстрый (новостной),5,Новость,Душа,Идентичностный кризис,Рост,Проводник,Традиция–Новаторство,
M190,https://smotrim.ru/video/2956466,Новости культуры. Эфир 07.04.2025 (12:30) - Смотрим,Быстрый (новостной),6,Заметка,Истина,Эстетическая трансгрессия,Верх,Мудрец,Прошлое–Будущее,
M190,https://smotrim.ru/video/2956466,Новости культуры. Эфир 07.04.2025 (12:30) - Смотрим,Быстрый (новостной),7,Заметка,Красота,Культурная гибридизация,Граница,Новатор,Природа–Культура,
M191,https://www.interfax.ru,Интерфакс: новости,Быстрый (новостной),1,Новостной релиз,Честь,Социальная поляризация,Обвал,Герой,Свой–Чужой,
M191,https://www.interfax.ru,Интерфакс: новости,Быстрый (новостной),2,Новостной релиз,Долг,Финансовые связи,Шестерёнка,Новатор,Справедливость–Законность,
M191,https://www.interfax.ru,Интерфакс: новости,Быстрый (новостной),3,Информационное сообщение,Равенство,Экономическая динамика,Запруда,Трудолюбивый,Индивидуальное–Коллективное,
M191,https://www.interfax.ru,Интерфакс: новости,Быстрый (новостной),4,Новость,Справедливость,Экономическая модернизация,Засуха,Устроитель,Традиция–Новаторство,
M191,https://www.interfax.ru,Интерфакс: новости,Быстрый (новостной),5,Краткая новость,Благополучие,Инновационный прорыв,Плоды,Наблюдатель,Стабильность–Перемены,
M191,https://www.interfax.ru,Интерфакс: новости,Быстрый (новостной),6,Краткая новость,Труд,Рыночная конъюнктура,Корни,Творец,Общее–Частное,
M191,https://www.interfax.ru,Интерфакс: новости,Быстрый (новостной),7,Информационное сообщение,Стабильность,Экономический рост,Настройка,Жертва,Честь–Выгода,
M192,https://www.interfax.ru/world/1002583,Прогноз на 2025 год: напряженное ожидание негативного,Быстрый (новостной),1,Новостной релиз,Справедливость,Миграционная волна,Архитектура,Бунтарь,Свой–Чужой,
M192,https://www.interfax.ru/world/1002583,Прогноз на 2025 год: напряженное ожидание негативного,Быстрый (новостной),2,Информационное сообщение,Душа,Культурная память,Плоды,Проводник,Природа–Культура,
M192,https://www.interfax.ru/world/1002583,Прогноз на 2025 год: напряженное ожидание негативного,Быстрый (новостной),3,Краткая новость,Солидарность,Социальная солидарность,Архитектура,Свидетель,Равенство–Иерархия,
M192,https://www.interfax.ru/world/1002583,Прогноз на 2025 год: напряженное ожидание негативного,Быстрый (новостной),4,Новость,Семья,Социальная мобильность,Война,Герой,Общее–Частное,
M192,https://www.interfax.ru/world/1002583,Прогноз на 2025 год: напряженное ожидание негативного,Быстрый (новостной),5,Краткая новость,Безопасность,Демографическая динамика,Перестройка,Страдалец,Добро–Зло,
M192,https://www.interfax.ru/world/1002583,Прогноз на 2025 год: напряженное ожидание негативного,Быстрый (новостной),6,Информационное сообщение,Честь,Социальная поляризация,Оборона,Защитник,Справедливость–Законность,
M192,https://www.interfax.ru/world/1002583,Прогноз на 2025 год: напряженное ожидание негативного,Быстрый (новостной),7,Краткая новость,Долг,Культурная трансформация,Засуха,Жертва,Свобода–Безопасность,
M192,https://www.interfax.ru/world/1002583,Прогноз на 2025 год: напряженное ожидание негативного,Быстрый (новостной),8,Заметка,Ответственность,Межпоколенческие отношения,Плоды,Страдалец,Свой–Чужой,
M193,https://www.interfax-russia.ru,Интерфакс Россия: Главная - Россия |,Быстрый (новостной),1,Заметка,Безопасность,Культурная трансформация,Корни,Страдалец,Свой–Чужой,
M193,https://www.interfax-russia.ru,Интерфакс Россия: Главная - Россия |,Быстрый (новостной),2,Информационное сообщение,Красота,Культурная гибридизация,Путь,Проводник,Дух–Материя,
M193,https://www.interfax-russia.ru,Интерфакс Россия: Главная - Россия |,Быстрый (новостной),3,Информационное сообщение,Правда,Социальная мобильность,Фронт,Защитник,Общее–Частное,
M193,https://www.interfax-russia.ru,Интерфакс Россия: Главная - Россия |,Быстрый (новостной),4,Заметка,Ответственность,Социальная поляризация,Цветение,Жертва,Равенство–Иерархия,
M193,https://www.interfax-russia.ru,Интерфакс Россия: Главная - Россия |,Быстрый (новостной),5,Новостной релиз,Солидарность,Миграционная волна,Обвал,Свидетель,Свобода–Безопасность,
M193,https://www.interfax-russia.ru,Интерфакс Россия: Главная - Россия |,Быстрый (новостной),6,Новость,Идентичность,Эстетическая трансгрессия,Цветение,Творец,Прошлое–Будущее,
M193,https://www.interfax-russia.ru,Интерфакс Россия: Главная - Россия |,Быстрый (новостной),7,Новостной релиз,Память,Социальная солидарность,Реконструкция,Бунтарь,Справедливость–Законность,
M194,https://www.interfax-russia.ru/kaleidoscope/knigi-po-samorazvitiyu-chto-chitat-v-2026-godu,Книги по саморазвитию: что читать в 2026 году? - Россия,Быстрый (новостной),1,Новость,Солидарность,Демографическая динамика,Осада,Защитник,Общее–Частное,
M194,https://www.interfax-russia.ru/kaleidoscope/knigi-po-samorazvitiyu-chto-chitat-v-2026-godu,Книги по саморазвитию: что читать в 2026 году? - Россия,Быстрый (новостной),2,Новостной релиз,Семья,Межпоколенческие отношения,Осада,Жертва,Свобода–Безопасность,
M194,https://www.interfax-russia.ru/kaleidoscope/knigi-po-samorazvitiyu-chto-chitat-v-2026-godu,Книги по саморазвитию: что читать в 2026 году? - Россия,Быстрый (новостной),3,Заметка,Справедливость,Социальная мобильность,Наступление,Бунтарь,Справедливость–Законность,
M194,https://www.interfax-russia.ru/kaleidoscope/knigi-po-samorazvitiyu-chto-chitat-v-2026-godu,Книги по саморазвитию: что читать в 2026 году? - Россия,Быстрый (новостной),4,Заметка,Честь,Культурная трансформация,Крепость,Свидетель,Свой–Чужой,
M194,https://www.interfax-russia.ru/kaleidoscope/knigi-po-samorazvitiyu-chto-chitat-v-2026-godu,Книги по саморазвитию: что читать в 2026 году? - Россия,Быстрый (новостной),5,Краткая новость,Правда,Социальная солидарность,Обвал,Герой,Добро–Зло,
M194,https://www.interfax-russia.ru/kaleidoscope/knigi-po-samorazvitiyu-chto-chitat-v-2026-godu,Книги по саморазвитию: что читать в 2026 году? - Россия,Быстрый (новостной),6,Информационное сообщение,Безопасность,Социальная поляризация,Рост,Страдалец,Равенство–Иерархия,
M194,https://www.interfax-russia.ru/kaleidoscope/knigi-po-samorazvitiyu-chto-chitat-v-2026-godu,Книги по саморазвитию: что читать в 2026 году? - Россия,Быстрый (новостной),7,Новость,Память,Миграционная волна,Реконструкция,Бунтарь,Свобода–Безопасность,
M195,https://www.interfax.ru/russia/1066311,Россия и мир: 2026. Тренды внешней политики - Интерфакс,Быстрый (новостной),1,Информационное сообщение,Власть,Борьба за власть,Кулисы,Враг,Единство–Разделение,
M195,https://www.interfax.ru/russia/1066311,Россия и мир: 2026. Тренды внешней политики - Интерфакс,Быстрый (новостной),2,Новость,Ответственность,Переговорный процесс,Заслон,Защитник,Сила–Слабость,
M195,https://www.interfax.ru/russia/1066311,Россия и мир: 2026. Тренды внешней политики - Интерфакс,Быстрый (новостной),3,Новостной релиз,Свобода,Политическая трансформация,Премьера,Оппонент,Порядок–Хаос,
M195,https://www.interfax.ru/russia/1066311,Россия и мир: 2026. Тренды внешней политики - Интерфакс,Быстрый (новостной),4,Заметка,Сила,Институциональная трансформация,Капитуляция,Страж,Свобода–Безопасность,
M195,https://www.interfax.ru/russia/1066311,Россия и мир: 2026. Тренды внешней политики - Интерфакс,Быстрый (новостной),5,Краткая новость,Равенство,Конфликт интересов,Архитектура,Лидер,Равенство–Иерархия,
M195,https://www.interfax.ru/russia/1066311,Россия и мир: 2026. Тренды внешней политики - Интерфакс,Быстрый (новостной),6,Новостной релиз,Справедливость,Государственный контроль,Наступление,Манипулятор,Свой–Чужой,
M195,https://www.interfax.ru/russia/1066311,Россия и мир: 2026. Тренды внешней политики - Интерфакс,Быстрый (новостной),7,Новость,Долг,Внешняя угроза,Трагедия,Манипулятор,Свой–Чужой,
M195,https://www.interfax.ru/russia/1066311,Россия и мир: 2026. Тренды внешней политики - Интерфакс,Быстрый (новостной),8,Заметка,Закон,Политическая трансформация,Перестройка,Манипулятор,Свой–Чужой,
M196,https://www.interfax.ru/world/news/2025/09/01,"Новости раздела ""В мире"" за 1 сентября 2025 года - Интерфакс",Быстрый (новостной),1,Заметка,Мужество,Духовное прозрение,Периферия,Проводник,Свобода–Безопасность,
M196,https://www.interfax.ru/world/news/2025/09/01,"Новости раздела ""В мире"" за 1 сентября 2025 года - Интерфакс",Быстрый (новостной),2,Заметка,Благосостояние,Социальная дифференциация,Течение,Устроитель,Общее–Частное,
M196,https://www.interfax.ru/world/news/2025/09/01,"Новости раздела ""В мире"" за 1 сентября 2025 года - Интерфакс",Быстрый (новостной),3,Новостной релиз,Душа,Потеря смыслов,Поток,Мудрец,Жизнь–Смерть,
M196,https://www.interfax.ru/world/news/2025/09/01,"Новости раздела ""В мире"" за 1 сентября 2025 года - Интерфакс",Быстрый (новостной),4,Заметка,Развитие,Экономическая динамика,Семя,Жертва,Традиция–Новаторство,
M196,https://www.interfax.ru/world/news/2025/09/01,"Новости раздела ""В мире"" за 1 сентября 2025 года - Интерфакс",Быстрый (новостной),5,Краткая новость,Долг,Экономический рост,Цветение,Творец,Индивидуальное–Коллективное,
M196,https://www.interfax.ru/world/news/2025/09/01,"Новости раздела ""В мире"" за 1 сентября 2025 года - Интерфакс",Быстрый (новостной),6,Новостной релиз,Труд,Инновационный прорыв,Шестерёнка,Трудолюбивый,Справедливость–Законность,
M196,https://www.interfax.ru/world/news/2025/09/01,"Новости раздела ""В мире"" за 1 сентября 2025 года - Интерфакс",Быстрый (новостной),7,Информационное сообщение,Прогресс,Рыночная конъюнктура,Течение,Новатор,Честь–Выгода,
M196,https://www.interfax.ru/world/news/2025/09/01,"Новости раздела ""В мире"" за 1 сентября 2025 года - Интерфакс",Быстрый (новостной),8,Новость,Ответственность,Финансовые связи,Цветение,Наблюдатель,Стабильность–Перемены,
M197,https://www.interfax.ru/news/2026/05/25,Новости за 25 мая - Интерфакс,Быстрый (новостной),1,Информационное сообщение,Солидарность,Социальная поляризация,Фундамент,Защитник,Равенство–Иерархия,
M197,https://www.interfax.ru/news/2026/05/25,Новости за 25 мая - Интерфакс,Быстрый (новостной),2,Заметка,Правда,Социальная солидарность,Корни,Бунтарь,Добро–Зло,
M197,https://www.interfax.ru/news/2026/05/25,Новости за 25 мая - Интерфакс,Быстрый (новостной),3,Краткая новость,Долг,Миграционная волна,Увядание,Свидетель,Общее–Частное,
M197,https://www.interfax.ru/news/2026/05/25,Новости за 25 мая - Интерфакс,Быстрый (новостной),4,Краткая новость,Справедливость,Демографическая динамика,Фронт,Жертва,Справедливость–Законность,
M197,https://www.interfax.ru/news/2026/05/25,Новости за 25 мая - Интерфакс,Быстрый (новостной),5,Заметка,Память,Межпоколенческие отношения,Оборона,Страдалец,Свобода–Безопасность,
M197,https://www.interfax.ru/news/2026/05/25,Новости за 25 мая - Интерфакс,Быстрый (новостной),6,Новостной релиз,Достоинство,Социальная мобильность,Корни,Герой,Свой–Чужой,
M197,https://www.interfax.ru/news/2026/05/25,Новости за 25 мая - Интерфакс,Быстрый (новостной),7,Заметка,Честь,Культурная трансформация,Прививка,Защитник,Добро–Зло,
M197,https://www.interfax.ru/news/2026/05/25,Новости за 25 мая - Интерфакс,Быстрый (новостной),8,Краткая новость,Безопасность,Культурная трансформация,Капитуляция,Свидетель,Свой–Чужой,
M198,https://www.interfax.ru/culture/news/2025/10/03,"Новости раздела ""Культура"" за 3 октября 2025 года",Быстрый (новостной),1,Заметка,Идентичность,Эстетическая трансгрессия,Прививка,Новатор,Открытость–Закрытость,
M198,https://www.interfax.ru/culture/news/2025/10/03,"Новости раздела ""Культура"" за 3 октября 2025 года",Быстрый (новостной),2,Новость,Традиция,Идентичностный кризис,Семя,Хранитель,Природа–Культура,
M198,https://www.interfax.ru/culture/news/2025/10/03,"Новости раздела ""Культура"" за 3 октября 2025 года",Быстрый (новостной),3,Краткая новость,Вера,Культурная гибридизация,Обвал,Наблюдатель,Истина–Ложь,
M198,https://www.interfax.ru/culture/news/2025/10/03,"Новости раздела ""Культура"" за 3 октября 2025 года",Быстрый (новостной),4,Заметка,Красота,Культурный канон,Периферия,Творец,Прошлое–Будущее,
M198,https://www.interfax.ru/culture/news/2025/10/03,"Новости раздела ""Культура"" за 3 октября 2025 года",Быстрый (новостной),5,Новость,Родина,Нравственный поиск,Разрушение,Проводник,Традиция–Новаторство,
M198,https://www.interfax.ru/culture/news/2025/10/03,"Новости раздела ""Культура"" за 3 октября 2025 года",Быстрый (новостной),6,Краткая новость,Образование,Традиция и новаторство,Засуха,Мудрец,Дух–Материя,
M198,https://www.interfax.ru/culture/news/2025/10/03,"Новости раздела ""Культура"" за 3 октября 2025 года",Быстрый (новостной),7,Краткая новость,Культура,Культурная память,Верх,Творец,Прошлое–Будущее,
M198,https://www.interfax.ru/culture/news/2025/10/03,"Новости раздела ""Культура"" за 3 октября 2025 года",Быстрый (новостной),8,Информационное сообщение,Истина,Культурная гибридизация,Низ,Творец,Прошлое–Будущее,
M199,https://www.interfax-russia.ru/academia/ratings,Рейтинг || Интерфакс Россия,Быстрый (новостной),1,Краткая новость,Развитие,Экономическая динамика,Прививка,Творец,Справедливость–Законность,
M199,https://www.interfax-russia.ru/academia/ratings,Рейтинг || Интерфакс Россия,Быстрый (новостной),2,Новость,Труд,Финансовые связи,Ремонт,Новатор,Традиция–Новаторство,
M199,https://www.interfax-russia.ru/academia/ratings,Рейтинг || Интерфакс Россия,Быстрый (новостной),3,Заметка,Благосостояние,Социальная дифференциация,Прививка,Трудолюбивый,Стабильность–Перемены,
M199,https://www.interfax-russia.ru/academia/ratings,Рейтинг || Интерфакс Россия,Быстрый (новостной),4,Заметка,Надежда,Жизненный путь,Волна,Страдалец,Истина–Ложь,
M199,https://www.interfax-russia.ru/academia/ratings,Рейтинг || Интерфакс Россия,Быстрый (новостной),5,Новость,Прогресс,Экономический рост,Шестерёнка,Жертва,Общее–Частное,
M199,https://www.interfax-russia.ru/academia/ratings,Рейтинг || Интерфакс Россия,Быстрый (новостной),6,Новостной релиз,Справедливость,Управление ресурсами,Поломка,Наблюдатель,Индивидуальное–Коллективное,
M199,https://www.interfax-russia.ru/academia/ratings,Рейтинг || Интерфакс Россия,Быстрый (новостной),7,Заметка,Благополучие,Экономическая модернизация,Ремонт,Устроитель,Честь–Выгода,
M199,https://www.interfax-russia.ru/academia/ratings,Рейтинг || Интерфакс Россия,Быстрый (новостной),8,Информационное сообщение,Равенство,Инновационный прорыв,Шестерёнка,Творец,Общее–Частное,
M200,https://www.interfax.ru/culture/news/2025/12/05,"Новости раздела ""Культура"" за 5 декабря 2025 года",Быстрый (новостной),1,Заметка,Душа,Нравственный поиск,Горизонт,Наблюдатель,Прошлое–Будущее,
M200,https://www.interfax.ru/culture/news/2025/12/05,"Новости раздела ""Культура"" за 5 декабря 2025 года",Быстрый (новостной),2,Новость,Культура,Культурный канон,Обвал,Новатор,Природа–Культура,
M200,https://www.interfax.ru/culture/news/2025/12/05,"Новости раздела ""Культура"" за 5 декабря 2025 года",Быстрый (новостной),3,Информационное сообщение,Традиция,Идентичностный кризис,Фундамент,Хранитель,Открытость–Закрытость,
M200,https://www.interfax.ru/culture/news/2025/12/05,"Новости раздела ""Культура"" за 5 декабря 2025 года",Быстрый (новостной),4,Заметка,Истина,Традиция и новаторство,Перестройка,Мудрец,Дух–Материя,
M200,https://www.interfax.ru/culture/news/2025/12/05,"Новости раздела ""Культура"" за 5 декабря 2025 года",Быстрый (новостной),5,Заметка,Достоинство,Социальная мобильность,Мобилизация,Бунтарь,Свой–Чужой,
M200,https://www.interfax.ru/culture/news/2025/12/05,"Новости раздела ""Культура"" за 5 декабря 2025 года",Быстрый (новостной),6,Краткая новость,Правда,Социальная солидарность,Капитуляция,Страдалец,Свобода–Безопасность,
M200,https://www.interfax.ru/culture/news/2025/12/05,"Новости раздела ""Культура"" за 5 декабря 2025 года",Быстрый (новостной),7,Новость,Образование,Эстетическая трансгрессия,Низ,Проводник,Традиция–Новаторство,
M200,https://www.interfax.ru/culture/news/2025/12/05,"Новости раздела ""Культура"" за 5 декабря 2025 года",Быстрый (новостной),8,Новостной релиз,Родина,Культурная гибридизация,Засуха,Творец,Истина–Ложь,
M201,https://www.interfax.ru/events/5286,"XII Конгресс ""Инновационная практика: наука плюс",Быстрый (новостной),1,Информационное сообщение,Стабильность,Финансовые связи,Прививка,Трудолюбивый,Честь–Выгода,
M201,https://www.interfax.ru/events/5286,"XII Конгресс ""Инновационная практика: наука плюс",Быстрый (новостной),2,Новостной релиз,Прогресс,Социальная дифференциация,Ремонт,Наблюдатель,Справедливость–Законность,
M201,https://www.interfax.ru/events/5286,"XII Конгресс ""Инновационная практика: наука плюс",Быстрый (новостной),3,Новость,Благосостояние,Экономическая динамика,Корни,Новатор,Индивидуальное–Коллективное,
M201,https://www.interfax.ru/events/5286,"XII Конгресс ""Инновационная практика: наука плюс",Быстрый (новостной),4,Краткая новость,Мужество,Потеря смыслов,Простор,Герой,Вера–Знание,
M201,https://www.interfax.ru/events/5286,"XII Конгресс ""Инновационная практика: наука плюс",Быстрый (новостной),5,Информационное сообщение,Равенство,Экономический рост,Течение,Творец,Традиция–Новаторство,
M201,https://www.interfax.ru/events/5286,"XII Конгресс ""Инновационная практика: наука плюс",Быстрый (новостной),6,Заметка,Развитие,Управление ресурсами,Ремонт,Устроитель,Стабильность–Перемены,
M201,https://www.interfax.ru/events/5286,"XII Конгресс ""Инновационная практика: наука плюс",Быстрый (новостной),7,Заметка,Истина,Духовное прозрение,Путь,Проводник,Истина–Ложь,
M201,https://www.interfax.ru/events/5286,"XII Конгресс ""Инновационная практика: наука плюс",Быстрый (новостной),8,Краткая новость,Благополучие,Экономическая модернизация,Системное изменение,Жертва,Общее–Частное,
M201,https://www.interfax.ru/events/5286,"XII Конгресс ""Инновационная практика: наука плюс",Быстрый (новостной),9,Заметка,Ответственность,Инновационный прорыв,Течение,Устроитель,Справедливость–Законность,
M202,https://www.interfax-russia.ru/academia/events,События - Образование,Быстрый (новостной),1,Заметка,Традиция,Эстетическая трансгрессия,Верх,Новатор,Дух–Материя,
M202,https://www.interfax-russia.ru/academia/events,События - Образование,Быстрый (новостной),2,Информационное сообщение,Долг,Социальная мобильность,Мобилизация,Свидетель,Свобода–Безопасность,
M202,https://www.interfax-russia.ru/academia/events,События - Образование,Быстрый (новостной),3,Новость,Ответственность,Социальная солидарность,Перестройка,Защитник,Общее–Частное,
M202,https://www.interfax-russia.ru/academia/events,События - Образование,Быстрый (новостной),4,Новость,Память,Традиция и новаторство,Архитектура,Хранитель,Традиция–Новаторство,
M202,https://www.interfax-russia.ru/academia/events,События - Образование,Быстрый (новостной),5,Новость,Честь,Социальная поляризация,Оборона,Страдалец,Свой–Чужой,
M202,https://www.interfax-russia.ru/academia/events,События - Образование,Быстрый (новостной),6,Новость,Безопасность,Демографическая динамика,Осада,Герой,Добро–Зло,
M202,https://www.interfax-russia.ru/academia/events,События - Образование,Быстрый (новостной),7,Новостной релиз,Семья,Межпоколенческие отношения,Корни,Бунтарь,Справедливость–Законность,
M203,https://www.interfax.ru/culture/news/2025/09/20,"Новости раздела ""Культура"" за 20 сентября 2025 года",Быстрый (новостной),1,Краткая новость,Суверенитет,Переговорный процесс,Фундамент,Манипулятор,Свобода–Безопасность,
M203,https://www.interfax.ru/culture/news/2025/09/20,"Новости раздела ""Культура"" за 20 сентября 2025 года",Быстрый (новостной),2,Информационное сообщение,Справедливость,Политическая трансформация,Декорация,Страж,Сила–Слабость,
M203,https://www.interfax.ru/culture/news/2025/09/20,"Новости раздела ""Культура"" за 20 сентября 2025 года",Быстрый (новостной),3,Краткая новость,Сила,Институциональная трансформация,Маска,Враг,Единство–Разделение,
M203,https://www.interfax.ru/culture/news/2025/09/20,"Новости раздела ""Культура"" за 20 сентября 2025 года",Быстрый (новостной),4,Новостной релиз,Закон,Суверенитет,Спектакль,Оппонент,Порядок–Хаос,
M203,https://www.interfax.ru/culture/news/2025/09/20,"Новости раздела ""Культура"" за 20 сентября 2025 года",Быстрый (новостной),5,Новостной релиз,Ответственность,Конфликт интересов,Крепость,Защитник,Свой–Чужой,
M203,https://www.interfax.ru/culture/news/2025/09/20,"Новости раздела ""Культура"" за 20 сентября 2025 года",Быстрый (новостной),6,Краткая новость,Порядок,Политическая трансформация,Архитектура,Лидер,Равенство–Иерархия,
M203,https://www.interfax.ru/culture/news/2025/09/20,"Новости раздела ""Культура"" за 20 сентября 2025 года",Быстрый (новостной),7,Новость,Достоинство,Социальная солидарность,Война,Бунтарь,Справедливость–Законность,
M203,https://www.interfax.ru/culture/news/2025/09/20,"Новости раздела ""Культура"" за 20 сентября 2025 года",Быстрый (новостной),8,Новость,Свобода,Государственный контроль,Перестройка,Враг,Порядок–Хаос,
M204,https://www.interfax-russia.ru/academia/tag/1450,Якутия,Быстрый (новостной),1,Краткая новость,Память,Идентичностный кризис,Горизонт,Новатор,Природа–Культура,
M204,https://www.interfax-russia.ru/academia/tag/1450,Якутия,Быстрый (новостной),2,Заметка,Долг,Межпоколенческие отношения,Семя,Свидетель,Справедливость–Законность,
M204,https://www.interfax-russia.ru/academia/tag/1450,Якутия,Быстрый (новостной),3,Заметка,Культура,Культурный канон,Строительство,Мудрец,Истина–Ложь,
M204,https://www.interfax-russia.ru/academia/tag/1450,Якутия,Быстрый (новостной),4,Краткая новость,Родина,Эстетическая трансгрессия,Засуха,Наблюдатель,Традиция–Новаторство,
M204,https://www.interfax-russia.ru/academia/tag/1450,Якутия,Быстрый (новостной),5,Новостной релиз,Душа,Традиция и новаторство,Строительство,Проводник,Прошлое–Будущее,
M204,https://www.interfax-russia.ru/academia/tag/1450,Якутия,Быстрый (новостной),6,Краткая новость,Правда,Социальная поляризация,Рост,Герой,Общее–Частное,
M204,https://www.interfax-russia.ru/academia/tag/1450,Якутия,Быстрый (новостной),7,Новость,Справедливость,Социальная мобильность,Разрушение,Бунтарь,Свобода–Безопасность,
M205,https://www.interfax.ru/culture/news/2025/12/04,"Новости раздела ""Культура"" за 4 декабря 2025 года",Быстрый (новостной),1,Информационное сообщение,Образование,Нравственный поиск,Прививка,Наблюдатель,Истина–Ложь,
M205,https://www.interfax.ru/culture/news/2025/12/04,"Новости раздела ""Культура"" за 4 декабря 2025 года",Быстрый (новостной),2,Краткая новость,Душа,Обретение идентичности,Прививка,Герой,Вера–Знание,
M205,https://www.interfax.ru/culture/news/2025/12/04,"Новости раздела ""Культура"" за 4 декабря 2025 года",Быстрый (новостной),3,Новость,Достоинство,Потеря смыслов,Засуха,Мудрец,Жизнь–Смерть,
M205,https://www.interfax.ru/culture/news/2025/12/04,"Новости раздела ""Культура"" за 4 декабря 2025 года",Быстрый (новостной),4,Новость,Вера,Культурная память,Реконструкция,Творец,Традиция–Новаторство,
M205,https://www.interfax.ru/culture/news/2025/12/04,"Новости раздела ""Культура"" за 4 декабря 2025 года",Быстрый (новостной),5,Информационное сообщение,Традиция,Культурная гибридизация,Корни,Новатор,Природа–Культура,
M205,https://www.interfax.ru/culture/news/2025/12/04,"Новости раздела ""Культура"" за 4 декабря 2025 года",Быстрый (новостной),6,Информационное сообщение,Красота,Идентичностный кризис,Фундамент,Проводник,Дух–Материя,
M205,https://www.interfax.ru/culture/news/2025/12/04,"Новости раздела ""Культура"" за 4 декабря 2025 года",Быстрый (новостной),7,Новостной релиз,Надежда,Экзистенциальный кризис,Рост,Страдалец,Прошлое–Будущее,
M205,https://www.interfax.ru/culture/news/2025/12/04,"Новости раздела ""Культура"" за 4 декабря 2025 года",Быстрый (новостной),8,Информационное сообщение,Родина,Культурный канон,Плоды,Хранитель,Открытость–Закрытость,
M206,https://www.interfax.ru/culture/news/2025/06/11,"Новости раздела ""Культура"" за 11 июня 2025 года",Быстрый (новостной),1,Новость,Суверенитет,Суверенитет,Маска,Манипулятор,Равенство–Иерархия,
M206,https://www.interfax.ru/culture/news/2025/06/11,"Новости раздела ""Культура"" за 11 июня 2025 года",Быстрый (новостной),2,Новостной релиз,Власть,Переговорный процесс,Спектакль,Лидер,Сила–Слабость,
M206,https://www.interfax.ru/culture/news/2025/06/11,"Новости раздела ""Культура"" за 11 июня 2025 года",Быстрый (новостной),3,Заметка,Вера,Человеческое достоинство,Устье,Мудрец,Дух–Материя,
M206,https://www.interfax.ru/culture/news/2025/06/11,"Новости раздела ""Культура"" за 11 июня 2025 года",Быстрый (новостной),4,Информационное сообщение,Порядок,Борьба за власть,Антракт,Оппонент,Свобода–Безопасность,
M206,https://www.interfax.ru/culture/news/2025/06/11,"Новости раздела ""Культура"" за 11 июня 2025 года",Быстрый (новостной),5,Новостной релиз,Равенство,Конфликт интересов,Строительство,Страж,Единство–Разделение,
M206,https://www.interfax.ru/culture/news/2025/06/11,"Новости раздела ""Культура"" за 11 июня 2025 года",Быстрый (новостной),6,Новостной релиз,Надежда,Духовное прозрение,Периферия,Творец,Жизнь–Смерть,
M206,https://www.interfax.ru/culture/news/2025/06/11,"Новости раздела ""Культура"" за 11 июня 2025 года",Быстрый (новостной),7,Заметка,Мужество,Столкновение с вечностью,Увядание,Наблюдатель,Прошлое–Будущее,
M207,https://iz.ru/tag/nauka/publications,Наука — главные новости и статьи | Известия,Быстрый (новостной),1,Информационное сообщение,Суверенитет,Борьба за власть,Фронт,Лидер,Сила–Слабость,
M207,https://iz.ru/tag/nauka/publications,Наука — главные новости и статьи | Известия,Быстрый (новостной),2,Краткая новость,Порядок,Конфликт интересов,Обвал,Враг,Равенство–Иерархия,
M207,https://iz.ru/tag/nauka/publications,Наука — главные новости и статьи | Известия,Быстрый (новостной),3,Заметка,Власть,Переговорный процесс,Архитектура,Страж,Свой–Чужой,
M207,https://iz.ru/tag/nauka/publications,Наука — главные новости и статьи | Известия,Быстрый (новостной),4,Информационное сообщение,Закон,Политическая трансформация,Кулисы,Защитник,Свобода–Безопасность,
M207,https://iz.ru/tag/nauka/publications,Наука — главные новости и статьи | Известия,Быстрый (новостной),5,Краткая новость,Традиция,Культурная гибридизация,Периферия,Мудрец,Прошлое–Будущее,
M207,https://iz.ru/tag/nauka/publications,Наука — главные новости и статьи | Известия,Быстрый (новостной),6,Новостной релиз,Вера,Культурная память,Архитектура,Творец,Дух–Материя,
M207,https://iz.ru/tag/nauka/publications,Наука — главные новости и статьи | Известия,Быстрый (новостной),7,Краткая новость,Равенство,Государственный контроль,Оборона,Манипулятор,Единство–Разделение,
M207,https://iz.ru/tag/nauka/publications,Наука — главные новости и статьи | Известия,Быстрый (новостной),8,Новость,Справедливость,Институциональная трансформация,Премьера,Оппонент,Порядок–Хаос,
M207,https://iz.ru/tag/nauka/publications,Наука — главные новости и статьи | Известия,Быстрый (новостной),9,Краткая новость,Долг,Суверенитет,Строительство,Лидер,Порядок–Хаос,
M208,https://iz.ru,"Известия – новости политики, экономики, спорта, культуры | IZ.RU",Быстрый (новостной),1,Краткая новость,Справедливость,Социальная дифференциация,Прививка,Устроитель,Традиция–Новаторство,
M208,https://iz.ru,"Известия – новости политики, экономики, спорта, культуры | IZ.RU",Быстрый (новостной),2,Новостной релиз,Благополучие,Финансовые связи,Корни,Жертва,Индивидуальное–Коллективное,
M208,https://iz.ru,"Известия – новости политики, экономики, спорта, культуры | IZ.RU",Быстрый (новостной),3,Краткая новость,Труд,Рыночная конъюнктура,Рост,Творец,Общее–Частное,
M208,https://iz.ru,"Известия – новости политики, экономики, спорта, культуры | IZ.RU",Быстрый (новостной),4,Информационное сообщение,Ответственность,Экономический рост,Цветение,Наблюдатель,Справедливость–Законность,
M208,https://iz.ru,"Известия – новости политики, экономики, спорта, культуры | IZ.RU",Быстрый (новостной),5,Заметка,Прогресс,Инновационный прорыв,Засуха,Трудолюбивый,Честь–Выгода,
M208,https://iz.ru,"Известия – новости политики, экономики, спорта, культуры | IZ.RU",Быстрый (новостной),6,Новость,Равенство,Экономическая динамика,Корни,Новатор,Стабильность–Перемены,
M208,https://iz.ru,"Известия – новости политики, экономики, спорта, культуры | IZ.RU",Быстрый (новостной),7,Заметка,Благосостояние,Управление ресурсами,Рост,Жертва,Общее–Частное,
M209,https://iz.ru/rubric/kultura,Культура - Известия,Быстрый (новостной),1,Краткая новость,Вера,Столкновение с вечностью,Засуха,Герой,Жизнь–Смерть,
M209,https://iz.ru/rubric/kultura,Культура - Известия,Быстрый (новостной),2,Новость,Образование,Культурная гибридизация,Путь,Хранитель,Природа–Культура,
M209,https://iz.ru/rubric/kultura,Культура - Известия,Быстрый (новостной),3,Новость,Традиция,Эстетическая трансгрессия,Реконструкция,Мудрец,Истина–Ложь,
M209,https://iz.ru/rubric/kultura,Культура - Известия,Быстрый (новостной),4,Информационное сообщение,Память,Культурная память,Цветение,Проводник,Дух–Материя,
M209,https://iz.ru/rubric/kultura,Культура - Известия,Быстрый (новостной),5,Новость,Красота,Нравственный поиск,Простор,Новатор,Открытость–Закрытость,
M209,https://iz.ru/rubric/kultura,Культура - Известия,Быстрый (новостной),6,Новостной релиз,Истина,Культурный канон,Центр,Наблюдатель,Традиция–Новаторство,
M209,https://iz.ru/rubric/kultura,Культура - Известия,Быстрый (новостной),7,Краткая новость,Идентичность,Традиция и новаторство,Низ,Творец,Прошлое–Будущее,
M209,https://iz.ru/rubric/kultura,Культура - Известия,Быстрый (новостной),8,Новость,Душа,Идентичностный кризис,Корни,Наблюдатель,Прошлое–Будущее,
M210,https://iz.ru/newspaper/no175-18-sentiabria-2025-goda,№175 (18 сентября 2026 года) | Известия,Быстрый (новостной),1,Новостной релиз,Справедливость,Социальная мобильность,Реконструкция,Защитник,Равенство–Иерархия,
M210,https://iz.ru/newspaper/no175-18-sentiabria-2025-goda,№175 (18 сентября 2026 года) | Известия,Быстрый (новостной),2,Информационное сообщение,Долг,Демографическая динамика,Увядание,Герой,Свобода–Безопасность,
M210,https://iz.ru/newspaper/no175-18-sentiabria-2025-goda,№175 (18 сентября 2026 года) | Известия,Быстрый (новостной),3,Новость,Достоинство,Миграционная волна,Оборона,Свидетель,Справедливость–Законность,
M210,https://iz.ru/newspaper/no175-18-sentiabria-2025-goda,№175 (18 сентября 2026 года) | Известия,Быстрый (новостной),4,Заметка,Смысл,Обретение идентичности,Поток,Проводник,Дух–Материя,
M210,https://iz.ru/newspaper/no175-18-sentiabria-2025-goda,№175 (18 сентября 2026 года) | Известия,Быстрый (новостной),5,Новостной релиз,Честь,Социальная солидарность,Капитуляция,Бунтарь,Общее–Частное,
M210,https://iz.ru/newspaper/no175-18-sentiabria-2025-goda,№175 (18 сентября 2026 года) | Известия,Быстрый (новостной),6,Новостной релиз,Судьба,Моральный выбор,Плоды,Творец,Жизнь–Смерть,
M210,https://iz.ru/newspaper/no175-18-sentiabria-2025-goda,№175 (18 сентября 2026 года) | Известия,Быстрый (новостной),7,Заметка,Вера,Столкновение с вечностью,Волна,Страдалец,Истина–Ложь,
M210,https://iz.ru/newspaper/no175-18-sentiabria-2025-goda,№175 (18 сентября 2026 года) | Известия,Быстрый (новостной),8,Краткая новость,Безопасность,Культурная трансформация,Строительство,Жертва,Добро–Зло,
M211,https://tass.ru/info/25436643,"Семья, наука, культура. Какие тематические годы объявляли в",Быстрый (новостной),1,Информационное сообщение,Достоинство,Социальная солидарность,Наступление,Жертва,Добро–Зло,
M211,https://tass.ru/info/25436643,"Семья, наука, культура. Какие тематические годы объявляли в",Быстрый (новостной),2,Краткая новость,Долг,Демографическая динамика,Фундамент,Страдалец,Свобода–Безопасность,
M211,https://tass.ru/info/25436643,"Семья, наука, культура. Какие тематические годы объявляли в",Быстрый (новостной),3,Заметка,Безопасность,Межпоколенческие отношения,Плоды,Бунтарь,Свой–Чужой,
M211,https://tass.ru/info/25436643,"Семья, наука, культура. Какие тематические годы объявляли в",Быстрый (новостной),4,Информационное сообщение,Ответственность,Социальная мобильность,Крепость,Герой,Равенство–Иерархия,
M211,https://tass.ru/info/25436643,"Семья, наука, культура. Какие тематические годы объявляли в",Быстрый (новостной),5,Заметка,Семья,Культурная трансформация,Крепость,Свидетель,Общее–Частное,
M211,https://tass.ru/info/25436643,"Семья, наука, культура. Какие тематические годы объявляли в",Быстрый (новостной),6,Новостной релиз,Память,Миграционная волна,Засуха,Защитник,Справедливость–Законность,
M211,https://tass.ru/info/25436643,"Семья, наука, культура. Какие тематические годы объявляли в",Быстрый (новостной),7,Заметка,Правда,Социальная поляризация,Строительство,Защитник,Свой–Чужой,
M212,https://iz.ru/newspaper/no145-7-avgusta-2025-goda,№145 (7 августа 2026 года) | Известия,Быстрый (новостной),1,Новостной релиз,Развитие,Социальная дифференциация,Поломка,Устроитель,Традиция–Новаторство,
M212,https://iz.ru/newspaper/no145-7-avgusta-2025-goda,№145 (7 августа 2026 года) | Известия,Быстрый (новостной),2,Заметка,Культура,Культурный канон,Обвал,Хранитель,Прошлое–Будущее,
M212,https://iz.ru/newspaper/no145-7-avgusta-2025-goda,№145 (7 августа 2026 года) | Известия,Быстрый (новостной),3,Краткая новость,Душа,Культурная память,Низ,Мудрец,Природа–Культура,
M212,https://iz.ru/newspaper/no145-7-avgusta-2025-goda,№145 (7 августа 2026 года) | Известия,Быстрый (новостной),4,Краткая новость,Долг,Управление ресурсами,Ржавчина,Наблюдатель,Индивидуальное–Коллективное,
M212,https://iz.ru/newspaper/no145-7-avgusta-2025-goda,№145 (7 августа 2026 года) | Известия,Быстрый (новостной),5,Новость,Труд,Финансовые связи,Двигатель,Трудолюбивый,Справедливость–Законность,
M212,https://iz.ru/newspaper/no145-7-avgusta-2025-goda,№145 (7 августа 2026 года) | Известия,Быстрый (новостной),6,Информационное сообщение,Стабильность,Экономическая динамика,Поломка,Новатор,Стабильность–Перемены,
M212,https://iz.ru/newspaper/no145-7-avgusta-2025-goda,№145 (7 августа 2026 года) | Известия,Быстрый (новостной),7,Заметка,Благополучие,Рыночная конъюнктура,Рост,Творец,Общее–Частное,
M213,https://iz.ru/rubric/ekonomika,Экономика - Известия,Быстрый (новостной),1,Краткая новость,Прогресс,Социальная дифференциация,Шестерёнка,Наблюдатель,Традиция–Новаторство,
M213,https://iz.ru/rubric/ekonomika,Экономика - Известия,Быстрый (новостной),2,Новостной релиз,Ответственность,Инновационный прорыв,Поток,Устроитель,Стабильность–Перемены,
M213,https://iz.ru/rubric/ekonomika,Экономика - Известия,Быстрый (новостной),3,Заметка,Равенство,Финансовые связи,Поток,Жертва,Справедливость–Законность,
M213,https://iz.ru/rubric/ekonomika,Экономика - Известия,Быстрый (новостной),4,Новость,Долг,Экономическая модернизация,Засуха,Творец,Общее–Частное,
M213,https://iz.ru/rubric/ekonomika,Экономика - Известия,Быстрый (новостной),5,Краткая новость,Справедливость,Рыночная конъюнктура,Устье,Трудолюбивый,Честь–Выгода,
M213,https://iz.ru/rubric/ekonomika,Экономика - Известия,Быстрый (новостной),6,Новость,Смысл,Жизненный путь,Периферия,Мудрец,Вера–Знание,
M213,https://iz.ru/rubric/ekonomika,Экономика - Известия,Быстрый (новостной),7,Краткая новость,Надежда,Обретение идентичности,Простор,Проводник,Дух–Материя,
M213,https://iz.ru/rubric/ekonomika,Экономика - Известия,Быстрый (новостной),8,Информационное сообщение,Развитие,Экономический рост,Настройка,Новатор,Индивидуальное–Коллективное,
M214,https://iz.ru/1917260/video/v-etom-godu-rost-rossiiskoi-ekonomiki-zamedlitsia,В этом году рост российской экономики замедлится - Известия,Быстрый (новостной),1,Заметка,Достоинство,Обретение идентичности,Прививка,Наблюдатель,Свобода–Безопасность,
M214,https://iz.ru/1917260/video/v-etom-godu-rost-rossiiskoi-ekonomiki-zamedlitsia,В этом году рост российской экономики замедлится - Известия,Быстрый (новостной),2,Новостной релиз,Стабильность,Рыночная конъюнктура,Исток,Творец,Честь–Выгода,
M214,https://iz.ru/1917260/video/v-etom-godu-rost-rossiiskoi-ekonomiki-zamedlitsia,В этом году рост российской экономики замедлится - Известия,Быстрый (новостной),3,Информационное сообщение,Ответственность,Экономический рост,Корни,Новатор,Традиция–Новаторство,
M214,https://iz.ru/1917260/video/v-etom-godu-rost-rossiiskoi-ekonomiki-zamedlitsia,В этом году рост российской экономики замедлится - Известия,Быстрый (новостной),4,Краткая новость,Долг,Социальная дифференциация,Исток,Жертва,Индивидуальное–Коллективное,
M214,https://iz.ru/1917260/video/v-etom-godu-rost-rossiiskoi-ekonomiki-zamedlitsia,В этом году рост российской экономики замедлится - Известия,Быстрый (новостной),5,Новость,Равенство,Инновационный прорыв,Исток,Трудолюбивый,Стабильность–Перемены,
M214,https://iz.ru/1917260/video/v-etom-godu-rost-rossiiskoi-ekonomiki-zamedlitsia,В этом году рост российской экономики замедлится - Известия,Быстрый (новостной),6,Новость,Вера,Столкновение с вечностью,Исток,Проводник,Истина–Ложь,
M214,https://iz.ru/1917260/video/v-etom-godu-rost-rossiiskoi-ekonomiki-zamedlitsia,В этом году рост российской экономики замедлится - Известия,Быстрый (новостной),7,Информационное сообщение,Душа,Экзистенциальный кризис,Устье,Мудрец,Вера–Знание,
M214,https://iz.ru/1917260/video/v-etom-godu-rost-rossiiskoi-ekonomiki-zamedlitsia,В этом году рост российской экономики замедлится - Известия,Быстрый (новостной),8,Краткая новость,Развитие,Экономическая модернизация,Поток,Устроитель,Общее–Частное,
M215,https://iz.ru/newspaper/no183-30-sentiabria-2025-goda,№183 (30 сентября 2026 года) | Известия,Быстрый (новостной),1,Новость,Ответственность,Финансовые связи,Засуха,Устроитель,Традиция–Новаторство,
M215,https://iz.ru/newspaper/no183-30-sentiabria-2025-goda,№183 (30 сентября 2026 года) | Известия,Быстрый (новостной),2,Информационное сообщение,Благополучие,Экономическая динамика,Течение,Наблюдатель,Индивидуальное–Коллективное,
M215,https://iz.ru/newspaper/no183-30-sentiabria-2025-goda,№183 (30 сентября 2026 года) | Известия,Быстрый (новостной),3,Новостной релиз,Развитие,Инновационный прорыв,Прививка,Новатор,Честь–Выгода,
M215,https://iz.ru/newspaper/no183-30-sentiabria-2025-goda,№183 (30 сентября 2026 года) | Известия,Быстрый (новостной),4,Заметка,Прогресс,Рыночная конъюнктура,Шестерёнка,Жертва,Справедливость–Законность,
M215,https://iz.ru/newspaper/no183-30-sentiabria-2025-goda,№183 (30 сентября 2026 года) | Известия,Быстрый (новостной),5,Заметка,Традиция,Культурная гибридизация,Обвал,Проводник,Дух–Материя,
M215,https://iz.ru/newspaper/no183-30-sentiabria-2025-goda,№183 (30 сентября 2026 года) | Известия,Быстрый (новостной),6,Краткая новость,Благосостояние,Управление ресурсами,Течение,Трудолюбивый,Общее–Частное,
M215,https://iz.ru/newspaper/no183-30-sentiabria-2025-goda,№183 (30 сентября 2026 года) | Известия,Быстрый (новостной),7,Информационное сообщение,Стабильность,Экономический рост,Рост,Творец,Стабильность–Перемены,
M215,https://iz.ru/newspaper/no183-30-sentiabria-2025-goda,№183 (30 сентября 2026 года) | Известия,Быстрый (новостной),8,Новостной релиз,Равенство,Социальная дифференциация,Ремонт,Устроитель,Индивидуальное–Коллективное,
M216,https://ria.ru/20251230/rossija-2065584814.html,Десять главных событий 2025 года в России и мире по версии,Быстрый (новостной),1,Заметка,Ответственность,Борьба за власть,Мобилизация,Оппонент,Свой–Чужой,
M216,https://ria.ru/20251230/rossija-2065584814.html,Десять главных событий 2025 года в России и мире по версии,Быстрый (новостной),2,Новостной релиз,Равенство,Институциональная трансформация,Разрушение,Враг,Равенство–Иерархия,
M216,https://ria.ru/20251230/rossija-2065584814.html,Десять главных событий 2025 года в России и мире по версии,Быстрый (новостной),3,Новость,Справедливость,Внешняя угроза,Капитуляция,Защитник,Свобода–Безопасность,
M216,https://ria.ru/20251230/rossija-2065584814.html,Десять главных событий 2025 года в России и мире по версии,Быстрый (новостной),4,Информационное сообщение,Закон,Суверенитет,Маска,Манипулятор,Порядок–Хаос,
M216,https://ria.ru/20251230/rossija-2065584814.html,Десять главных событий 2025 года в России и мире по версии,Быстрый (новостной),5,Новостной релиз,Сила,Политическая трансформация,Архитектура,Лидер,Сила–Слабость,
M216,https://ria.ru/20251230/rossija-2065584814.html,Десять главных событий 2025 года в России и мире по версии,Быстрый (новостной),6,Новостной релиз,Порядок,Переговорный процесс,Обвал,Страж,Единство–Разделение,
M216,https://ria.ru/20251230/rossija-2065584814.html,Десять главных событий 2025 года в России и мире по версии,Быстрый (новостной),7,Новостной релиз,Суверенитет,Политическая трансформация,Осада,Страж,Единство–Разделение,
M216,https://ria.ru/20251230/rossija-2065584814.html,Десять главных событий 2025 года в России и мире по версии,Быстрый (новостной),8,Новостной релиз,Свобода,Государственный контроль,Кулисы,Оппонент,Сила–Слабость,
M216,https://ria.ru/20251230/rossija-2065584814.html,Десять главных событий 2025 года в России и мире по версии,Быстрый (новостной),9,Новость,Власть,Конфликт интересов,Премьера,Манипулятор,Сила–Слабость,
M217,https://news.ru/economics/izvestiya-ekonomika-rossii-vyjdet-na-planovyj-rost-k-2025-godu,«Известия»: экономика России выйдет на плановый рост к 2025,Быстрый (новостной),1,Краткая новость,Благосостояние,Управление ресурсами,Плоды,Жертва,Стабильность–Перемены,
M217,https://news.ru/economics/izvestiya-ekonomika-rossii-vyjdet-na-planovyj-rost-k-2025-godu,«Известия»: экономика России выйдет на плановый рост к 2025,Быстрый (новостной),2,Краткая новость,Прогресс,Экономический рост,Ремонт,Наблюдатель,Общее–Частное,
M217,https://news.ru/economics/izvestiya-ekonomika-rossii-vyjdet-na-planovyj-rost-k-2025-godu,«Известия»: экономика России выйдет на плановый рост к 2025,Быстрый (новостной),3,Новость,Равенство,Инновационный прорыв,Исток,Новатор,Традиция–Новаторство,
M217,https://news.ru/economics/izvestiya-ekonomika-rossii-vyjdet-na-planovyj-rost-k-2025-godu,«Известия»: экономика России выйдет на плановый рост к 2025,Быстрый (новостной),4,Новостной релиз,Истина,Традиция и новаторство,Прививка,Мудрец,Прошлое–Будущее,
M217,https://news.ru/economics/izvestiya-ekonomika-rossii-vyjdet-na-planovyj-rost-k-2025-godu,«Известия»: экономика России выйдет на плановый рост к 2025,Быстрый (новостной),5,Заметка,Культура,Культурная память,Простор,Творец,Природа–Культура,
M217,https://news.ru/economics/izvestiya-ekonomika-rossii-vyjdet-na-planovyj-rost-k-2025-godu,«Известия»: экономика России выйдет на плановый рост к 2025,Быстрый (новостной),6,Новость,Труд,Финансовые связи,Прививка,Трудолюбивый,Индивидуальное–Коллективное,
M217,https://news.ru/economics/izvestiya-ekonomika-rossii-vyjdet-na-planovyj-rost-k-2025-godu,«Известия»: экономика России выйдет на плановый рост к 2025,Быстрый (новостной),7,Новость,Справедливость,Рыночная конъюнктура,Увядание,Устроитель,Честь–Выгода,
M218,https://lenta.ru,Lenta.ru - Новости России и мира сегодня,Быстрый (новостной),1,Новостной релиз,Прогресс,Управление ресурсами,Наводнение,Творец,Честь–Выгода,
M218,https://lenta.ru,Lenta.ru - Новости России и мира сегодня,Быстрый (новостной),2,Новостной релиз,Благосостояние,Экономическая модернизация,Волна,Жертва,Справедливость–Законность,
M218,https://lenta.ru,Lenta.ru - Новости России и мира сегодня,Быстрый (новостной),3,Краткая новость,Справедливость,Рыночная конъюнктура,Системное изменение,Новатор,Общее–Частное,
M218,https://lenta.ru,Lenta.ru - Новости России и мира сегодня,Быстрый (новостной),4,Краткая новость,Ответственность,Инновационный прорыв,Устье,Устроитель,Индивидуальное–Коллективное,
M218,https://lenta.ru,Lenta.ru - Новости России и мира сегодня,Быстрый (новостной),5,Информационное сообщение,Любовь,Обретение идентичности,Семя,Наблюдатель,Истина–Ложь,
M218,https://lenta.ru,Lenta.ru - Новости России и мира сегодня,Быстрый (новостной),6,Новостной релиз,Достоинство,Потеря смыслов,Устье,Проводник,Свобода–Безопасность,
M218,https://lenta.ru,Lenta.ru - Новости России и мира сегодня,Быстрый (новостной),7,Краткая новость,Смысл,Человеческое достоинство,Семя,Герой,Прошлое–Будущее,
M219,https://lenta.ru/articles/2025/12/16/innovatsii-voznikayut-v-svyazke,Инновации возникают в связке. Как стартапы создают  - Lenta.ru,Быстрый (новостной),1,Краткая новость,Память,Демографическая динамика,Рост,Свидетель,Общее–Частное,
M219,https://lenta.ru/articles/2025/12/16/innovatsii-voznikayut-v-svyazke,Инновации возникают в связке. Как стартапы создают  - Lenta.ru,Быстрый (новостной),2,Новостной релиз,Ответственность,Межпоколенческие отношения,Реконструкция,Герой,Свобода–Безопасность,
M219,https://lenta.ru/articles/2025/12/16/innovatsii-voznikayut-v-svyazke,Инновации возникают в связке. Как стартапы создают  - Lenta.ru,Быстрый (новостной),3,Новость,Закон,Конфликт интересов,Антракт,Манипулятор,Порядок–Хаос,
M219,https://lenta.ru/articles/2025/12/16/innovatsii-voznikayut-v-svyazke,Инновации возникают в связке. Как стартапы создают  - Lenta.ru,Быстрый (новостной),4,Информационное сообщение,Правда,Социальная солидарность,Крепость,Жертва,Добро–Зло,
M219,https://lenta.ru/articles/2025/12/16/innovatsii-voznikayut-v-svyazke,Инновации возникают в связке. Как стартапы создают  - Lenta.ru,Быстрый (новостной),5,Новостной релиз,Семья,Миграционная волна,Перестройка,Страдалец,Свой–Чужой,
M219,https://lenta.ru/articles/2025/12/16/innovatsii-voznikayut-v-svyazke,Инновации возникают в связке. Как стартапы создают  - Lenta.ru,Быстрый (новостной),6,Новостной релиз,Безопасность,Социальная мобильность,Капитуляция,Бунтарь,Справедливость–Законность,
M219,https://lenta.ru/articles/2025/12/16/innovatsii-voznikayut-v-svyazke,Инновации возникают в связке. Как стартапы создают  - Lenta.ru,Быстрый (новостной),7,Краткая новость,Равенство,Переговорный процесс,Декорация,Враг,Единство–Разделение,
M219,https://lenta.ru/articles/2025/12/16/innovatsii-voznikayut-v-svyazke,Инновации возникают в связке. Как стартапы создают  - Lenta.ru,Быстрый (новостной),8,Краткая новость,Достоинство,Культурная трансформация,Архитектура,Защитник,Равенство–Иерархия,
M219,https://lenta.ru/articles/2025/12/16/innovatsii-voznikayut-v-svyazke,Инновации возникают в связке. Как стартапы создают  - Lenta.ru,Быстрый (новостной),9,Новостной релиз,Честь,Социальная поляризация,Оборона,Защитник,Свой–Чужой,
M220,https://lenta.ru/articles/2025/07/01/rossii-neobhodim-promyshlennyy-konveyer-issledovaniy-v-oblasti-ii,«России необходим промышленный конвейер исследований в,Быстрый (новостной),1,Заметка,Стабильность,Экономическая модернизация,Поломка,Наблюдатель,Традиция–Новаторство,
M220,https://lenta.ru/articles/2025/07/01/rossii-neobhodim-promyshlennyy-konveyer-issledovaniy-v-oblasti-ii,«России необходим промышленный конвейер исследований в,Быстрый (новостной),2,Краткая новость,Порядок,Борьба за власть,Реконструкция,Враг,Свой–Чужой,
M220,https://lenta.ru/articles/2025/07/01/rossii-neobhodim-promyshlennyy-konveyer-issledovaniy-v-oblasti-ii,«России необходим промышленный конвейер исследований в,Быстрый (новостной),3,Новостной релиз,Прогресс,Управление ресурсами,Механизм,Творец,Стабильность–Перемены,
M220,https://lenta.ru/articles/2025/07/01/rossii-neobhodim-promyshlennyy-konveyer-issledovaniy-v-oblasti-ii,«России необходим промышленный конвейер исследований в,Быстрый (новостной),4,Заметка,Благополучие,Социальная дифференциация,Механизм,Жертва,Индивидуальное–Коллективное,
M220,https://lenta.ru/articles/2025/07/01/rossii-neobhodim-promyshlennyy-konveyer-issledovaniy-v-oblasti-ii,«России необходим промышленный конвейер исследований в,Быстрый (новостной),5,Заметка,Равенство,Рыночная конъюнктура,Увядание,Устроитель,Честь–Выгода,
M220,https://lenta.ru/articles/2025/07/01/rossii-neobhodim-promyshlennyy-konveyer-issledovaniy-v-oblasti-ii,«России необходим промышленный конвейер исследований в,Быстрый (новостной),6,Новость,Ответственность,Финансовые связи,Поток,Новатор,Общее–Частное,
M220,https://lenta.ru/articles/2025/07/01/rossii-neobhodim-promyshlennyy-konveyer-issledovaniy-v-oblasti-ii,«России необходим промышленный конвейер исследований в,Быстрый (новостной),7,Информационное сообщение,Власть,Суверенитет,Режиссура,Манипулятор,Порядок–Хаос,
M220,https://lenta.ru/articles/2025/07/01/rossii-neobhodim-promyshlennyy-konveyer-issledovaniy-v-oblasti-ii,«России необходим промышленный конвейер исследований в,Быстрый (новостной),8,Новостной релиз,Долг,Экономическая динамика,Цветение,Трудолюбивый,Справедливость–Законность,
M221,https://lenta.ru/articles/2025/01/07/viewtofuture,"Какой видят страну россияне: единая, с сильным правителем",Быстрый (новостной),1,Новость,Достоинство,Межпоколенческие отношения,Крепость,Бунтарь,Справедливость–Законность,
M221,https://lenta.ru/articles/2025/01/07/viewtofuture,"Какой видят страну россияне: единая, с сильным правителем",Быстрый (новостной),2,Новость,Ответственность,Социальная мобильность,Реконструкция,Жертва,Свобода–Безопасность,
M221,https://lenta.ru/articles/2025/01/07/viewtofuture,"Какой видят страну россияне: единая, с сильным правителем",Быстрый (новостной),3,Заметка,Смысл,Обретение идентичности,Семя,Наблюдатель,Дух–Материя,
M221,https://lenta.ru/articles/2025/01/07/viewtofuture,"Какой видят страну россияне: единая, с сильным правителем",Быстрый (новостной),4,Информационное сообщение,Память,Демографическая динамика,Рост,Страдалец,Равенство–Иерархия,
M221,https://lenta.ru/articles/2025/01/07/viewtofuture,"Какой видят страну россияне: единая, с сильным правителем",Быстрый (новостной),5,Краткая новость,Семья,Миграционная волна,Фундамент,Защитник,Общее–Частное,
M221,https://lenta.ru/articles/2025/01/07/viewtofuture,"Какой видят страну россияне: единая, с сильным правителем",Быстрый (новостной),6,Информационное сообщение,Справедливость,Социальная солидарность,Прививка,Свидетель,Свой–Чужой,
M221,https://lenta.ru/articles/2025/01/07/viewtofuture,"Какой видят страну россияне: единая, с сильным правителем",Быстрый (новостной),7,Новостной релиз,Солидарность,Социальная поляризация,Архитектура,Герой,Добро–Зло,
M222,https://lenta.ru/articles/2025/11/07/arktika-pod-zaschitoy,Арктика под защитой: в регионах России создают широкую сеть,Быстрый (новостной),1,Заметка,Память,Культурная трансформация,Заслон,Свидетель,Свобода–Безопасность,
M222,https://lenta.ru/articles/2025/11/07/arktika-pod-zaschitoy,Арктика под защитой: в регионах России создают широкую сеть,Быстрый (новостной),2,Информационное сообщение,Ответственность,Рыночная конъюнктура,Устье,Наблюдатель,Индивидуальное–Коллективное,
M222,https://lenta.ru/articles/2025/11/07/arktika-pod-zaschitoy,Арктика под защитой: в регионах России создают широкую сеть,Быстрый (новостной),3,Новостной релиз,Долг,Социальная поляризация,Реконструкция,Бунтарь,Равенство–Иерархия,
M222,https://lenta.ru/articles/2025/11/07/arktika-pod-zaschitoy,Арктика под защитой: в регионах России создают широкую сеть,Быстрый (новостной),4,Краткая новость,Честь,Социальная солидарность,Фронт,Жертва,Общее–Частное,
M222,https://lenta.ru/articles/2025/11/07/arktika-pod-zaschitoy,Арктика под защитой: в регионах России создают широкую сеть,Быстрый (новостной),5,Новостной релиз,Солидарность,Межпоколенческие отношения,Оборона,Страдалец,Добро–Зло,
M222,https://lenta.ru/articles/2025/11/07/arktika-pod-zaschitoy,Арктика под защитой: в регионах России создают широкую сеть,Быстрый (новостной),6,Новость,Правда,Демографическая динамика,Архитектура,Герой,Справедливость–Законность,
M222,https://lenta.ru/articles/2025/11/07/arktika-pod-zaschitoy,Арктика под защитой: в регионах России создают широкую сеть,Быстрый (новостной),7,Новость,Семья,Социальная мобильность,Семя,Защитник,Свой–Чужой,
M223,https://lenta.ru/articles/2021/10/04/future,На пороге перемен. Как технологии будущего изменят мир и,Быстрый (новостной),1,Заметка,Труд,Инновационный прорыв,Плоды,Новатор,Индивидуальное–Коллективное,
M223,https://lenta.ru/articles/2021/10/04/future,На пороге перемен. Как технологии будущего изменят мир и,Быстрый (новостной),2,Заметка,Равенство,Экономический рост,Семя,Наблюдатель,Справедливость–Законность,
M223,https://lenta.ru/articles/2021/10/04/future,На пороге перемен. Как технологии будущего изменят мир и,Быстрый (новостной),3,Новостной релиз,Порядок,Государственный контроль,Оборона,Страж,Сила–Слабость,
M223,https://lenta.ru/articles/2021/10/04/future,На пороге перемен. Как технологии будущего изменят мир и,Быстрый (новостной),4,Информационное сообщение,Власть,Конфликт интересов,Трагедия,Оппонент,Равенство–Иерархия,
M223,https://lenta.ru/articles/2021/10/04/future,На пороге перемен. Как технологии будущего изменят мир и,Быстрый (новостной),5,Информационное сообщение,Закон,Переговорный процесс,Режиссура,Защитник,Порядок–Хаос,
M223,https://lenta.ru/articles/2021/10/04/future,На пороге перемен. Как технологии будущего изменят мир и,Быстрый (новостной),6,Новость,Благополучие,Экономическая модернизация,Рост,Жертва,Традиция–Новаторство,
M223,https://lenta.ru/articles/2021/10/04/future,На пороге перемен. Как технологии будущего изменят мир и,Быстрый (новостной),7,Новостной релиз,Справедливость,Внешняя угроза,Фундамент,Лидер,Единство–Разделение,
M223,https://lenta.ru/articles/2021/10/04/future,На пороге перемен. Как технологии будущего изменят мир и,Быстрый (новостной),8,Заметка,Свобода,Политическая трансформация,Война,Враг,Свобода–Безопасность,
M224,https://lenta.ru/rubrics/science,"Новости науки, техники и технологий - Lenta.RU",Быстрый (новостной),1,Краткая новость,Безопасность,Культурная трансформация,Засуха,Страдалец,Справедливость–Законность,
M224,https://lenta.ru/rubrics/science,"Новости науки, техники и технологий - Lenta.RU",Быстрый (новостной),2,Новостной релиз,Семья,Социальная солидарность,Перестройка,Бунтарь,Равенство–Иерархия,
M224,https://lenta.ru/rubrics/science,"Новости науки, техники и технологий - Lenta.RU",Быстрый (новостной),3,Краткая новость,Честь,Миграционная волна,Осада,Свидетель,Добро–Зло,
M224,https://lenta.ru/rubrics/science,"Новости науки, техники и технологий - Lenta.RU",Быстрый (новостной),4,Информационное сообщение,Память,Демографическая динамика,Засуха,Жертва,Свобода–Безопасность,
M224,https://lenta.ru/rubrics/science,"Новости науки, техники и технологий - Lenta.RU",Быстрый (новостной),5,Заметка,Справедливость,Социальная мобильность,Осада,Герой,Общее–Частное,
M224,https://lenta.ru/rubrics/science,"Новости науки, техники и технологий - Lenta.RU",Быстрый (новостной),6,Информационное сообщение,Достоинство,Социальная поляризация,Мобилизация,Защитник,Свой–Чужой,
M224,https://lenta.ru/rubrics/science,"Новости науки, техники и технологий - Lenta.RU",Быстрый (новостной),7,Заметка,Долг,Межпоколенческие отношения,Засуха,Страдалец,Добро–Зло,
M225,https://lenta.ru/rubrics/science/science,Новости: Наука и техника - Lenta.RU,Быстрый (новостной),1,Информационное сообщение,Благополучие,Экономическая модернизация,Поломка,Устроитель,Общее–Частное,
M225,https://lenta.ru/rubrics/science/science,Новости: Наука и техника - Lenta.RU,Быстрый (новостной),2,Краткая новость,Справедливость,Экономический рост,Засуха,Жертва,Честь–Выгода,
M225,https://lenta.ru/rubrics/science/science,Новости: Наука и техника - Lenta.RU,Быстрый (новостной),3,Заметка,Ответственность,Экономическая динамика,Устье,Наблюдатель,Традиция–Новаторство,
M225,https://lenta.ru/rubrics/science/science,Новости: Наука и техника - Lenta.RU,Быстрый (новостной),4,Заметка,Труд,Социальная дифференциация,Двигатель,Творец,Стабильность–Перемены,
M225,https://lenta.ru/rubrics/science/science,Новости: Наука и техника - Lenta.RU,Быстрый (новостной),5,Новостной релиз,Равенство,Управление ресурсами,Плоды,Новатор,Индивидуальное–Коллективное,
M225,https://lenta.ru/rubrics/science/science,Новости: Наука и техника - Lenta.RU,Быстрый (новостной),6,Новостной релиз,Прогресс,Финансовые связи,Засуха,Трудолюбивый,Справедливость–Законность,
M225,https://lenta.ru/rubrics/science/science,Новости: Наука и техника - Lenta.RU,Быстрый (новостной),7,Заметка,Сила,Политическая трансформация,Обвал,Враг,Порядок–Хаос,
M225,https://lenta.ru/rubrics/science/science,Новости: Наука и техника - Lenta.RU,Быстрый (новостной),8,Заметка,Стабильность,Рыночная конъюнктура,Поток,Творец,Индивидуальное–Коллективное,
M226,https://lenta.ru/rubrics/science/digital,Новости: Наука и техника - Lenta.ru,Быстрый (новостной),1,Информационное сообщение,Справедливость,Политическая трансформация,Наступление,Страж,Сила–Слабость,
M226,https://lenta.ru/rubrics/science/digital,Новости: Наука и техника - Lenta.ru,Быстрый (новостной),2,Новостной релиз,Долг,Политическая трансформация,Война,Оппонент,Единство–Разделение,
M226,https://lenta.ru/rubrics/science/digital,Новости: Наука и техника - Lenta.ru,Быстрый (новостной),3,Новость,Равенство,Государственный контроль,Спектакль,Манипулятор,Порядок–Хаос,
M226,https://lenta.ru/rubrics/science/digital,Новости: Наука и техника - Lenta.ru,Быстрый (новостной),4,Новость,Свобода,Борьба за власть,Наступление,Защитник,Равенство–Иерархия,
M226,https://lenta.ru/rubrics/science/digital,Новости: Наука и техника - Lenta.ru,Быстрый (новостной),5,Краткая новость,Закон,Внешняя угроза,Мобилизация,Враг,Свобода–Безопасность,
M226,https://lenta.ru/rubrics/science/digital,Новости: Наука и техника - Lenta.ru,Быстрый (новостной),6,Информационное сообщение,Сила,Конфликт интересов,Фундамент,Лидер,Свой–Чужой,
M226,https://lenta.ru/rubrics/science/digital,Новости: Наука и техника - Lenta.ru,Быстрый (новостной),7,Новостной релиз,Ответственность,Институциональная трансформация,Фундамент,Оппонент,Порядок–Хаос,
M227,https://lenta.ru/rubrics/science/future,Будущее: Новости: Наука и техника - Lenta.RU,Быстрый (новостной),1,Краткая новость,Ответственность,Рыночная конъюнктура,Поток,Новатор,Общее–Частное,
M227,https://lenta.ru/rubrics/science/future,Будущее: Новости: Наука и техника - Lenta.RU,Быстрый (новостной),2,Новостной релиз,Смысл,Потеря смыслов,Корни,Наблюдатель,Прошлое–Будущее,
M227,https://lenta.ru/rubrics/science/future,Будущее: Новости: Наука и техника - Lenta.RU,Быстрый (новостной),3,Новостной релиз,Душа,Экзистенциальный кризис,Верх,Страдалец,Истина–Ложь,
M227,https://lenta.ru/rubrics/science/future,Будущее: Новости: Наука и техника - Lenta.RU,Быстрый (новостной),4,Заметка,Благополучие,Экономический рост,Поломка,Трудолюбивый,Индивидуальное–Коллективное,
M227,https://lenta.ru/rubrics/science/future,Будущее: Новости: Наука и техника - Lenta.RU,Быстрый (новостной),5,Информационное сообщение,Развитие,Социальная дифференциация,Засуха,Творец,Справедливость–Законность,
M227,https://lenta.ru/rubrics/science/future,Будущее: Новости: Наука и техника - Lenta.RU,Быстрый (новостной),6,Новость,Стабильность,Экономическая модернизация,Исток,Устроитель,Традиция–Новаторство,
M227,https://lenta.ru/rubrics/science/future,Будущее: Новости: Наука и техника - Lenta.RU,Быстрый (новостной),7,Заметка,Равенство,Финансовые связи,Семя,Жертва,Честь–Выгода,
M228,https://lenta.ru/rubrics/science/2025/01/06,Новости за 06.01.2025г. - Lenta.RU,Быстрый (новостной),1,Новостной релиз,Солидарность,Социальная солидарность,Корни,Герой,Справедливость–Законность,
M228,https://lenta.ru/rubrics/science/2025/01/06,Новости за 06.01.2025г. - Lenta.RU,Быстрый (новостной),2,Информационное сообщение,Правда,Культурная трансформация,Фронт,Жертва,Свой–Чужой,
M228,https://lenta.ru/rubrics/science/2025/01/06,Новости за 06.01.2025г. - Lenta.RU,Быстрый (новостной),3,Заметка,Любовь,Потеря смыслов,Плоды,Мудрец,Вера–Знание,
M228,https://lenta.ru/rubrics/science/2025/01/06,Новости за 06.01.2025г. - Lenta.RU,Быстрый (новостной),4,Новостной релиз,Честь,Социальная поляризация,Корни,Свидетель,Добро–Зло,
M228,https://lenta.ru/rubrics/science/2025/01/06,Новости за 06.01.2025г. - Lenta.RU,Быстрый (новостной),5,Краткая новость,Память,Миграционная волна,Цветение,Страдалец,Равенство–Иерархия,
M228,https://lenta.ru/rubrics/science/2025/01/06,Новости за 06.01.2025г. - Lenta.RU,Быстрый (новостной),6,Новостной релиз,Долг,Демографическая динамика,Разрушение,Бунтарь,Общее–Частное,
M228,https://lenta.ru/rubrics/science/2025/01/06,Новости за 06.01.2025г. - Lenta.RU,Быстрый (новостной),7,Краткая новость,Безопасность,Социальная мобильность,Корни,Защитник,Свобода–Безопасность,
M228,https://lenta.ru/rubrics/science/2025/01/06,Новости за 06.01.2025г. - Lenta.RU,Быстрый (новостной),8,Краткая новость,Ответственность,Межпоколенческие отношения,Капитуляция,Жертва,Свобода–Безопасность,
M228,https://lenta.ru/rubrics/science/2025/01/06,Новости за 06.01.2025г. - Lenta.RU,Быстрый (новостной),9,Новостной релиз,Достоинство,Межпоколенческие отношения,Фронт,Жертва,Справедливость–Законность,
M229,https://lenta.ru/rubrics/science/inrussia,В России: Новости: Наука и техника - Lenta.ru,Быстрый (новостной),1,Новостной релиз,Свобода,Государственный контроль,Антракт,Манипулятор,Единство–Разделение,
M229,https://lenta.ru/rubrics/science/inrussia,В России: Новости: Наука и техника - Lenta.ru,Быстрый (новостной),2,Информационное сообщение,Надежда,Обретение идентичности,Запруда,Герой,Прошлое–Будущее,
M229,https://lenta.ru/rubrics/science/inrussia,В России: Новости: Наука и техника - Lenta.ru,Быстрый (новостной),3,Заметка,Равенство,Переговорный процесс,Крепость,Оппонент,Порядок–Хаос,
M229,https://lenta.ru/rubrics/science/inrussia,В России: Новости: Наука и техника - Lenta.ru,Быстрый (новостной),4,Краткая новость,Долг,Политическая трансформация,Наступление,Враг,Свой–Чужой,
M229,https://lenta.ru/rubrics/science/inrussia,В России: Новости: Наука и техника - Lenta.ru,Быстрый (новостной),5,Заметка,Путь,Духовное прозрение,Низ,Творец,Жизнь–Смерть,
M229,https://lenta.ru/rubrics/science/inrussia,В России: Новости: Наука и техника - Lenta.ru,Быстрый (новостной),6,Краткая новость,Справедливость,Институциональная трансформация,Разрушение,Страж,Сила–Слабость,
M229,https://lenta.ru/rubrics/science/inrussia,В России: Новости: Наука и техника - Lenta.ru,Быстрый (новостной),7,Новость,Сила,Политическая трансформация,Премьера,Защитник,Свобода–Безопасность,
M230,https://lenta.ru/articles/2025/05/23/razvitie-nauki-ukreplyaet-liderstvo-rossii-v-arktike,Развитие науки укрепляет лидерство России в Арктике. Где в,Быстрый (новостной),1,Информационное сообщение,Равенство,Политическая трансформация,Фундамент,Страж,Единство–Разделение,
M230,https://lenta.ru/articles/2025/05/23/razvitie-nauki-ukreplyaet-liderstvo-rossii-v-arktike,Развитие науки укрепляет лидерство России в Арктике. Где в,Быстрый (новостной),2,Заметка,Свобода,Суверенитет,Война,Лидер,Свобода–Безопасность,
M230,https://lenta.ru/articles/2025/05/23/razvitie-nauki-ukreplyaet-liderstvo-rossii-v-arktike,Развитие науки укрепляет лидерство России в Арктике. Где в,Быстрый (новостной),3,Новостной релиз,Закон,Переговорный процесс,Премьера,Оппонент,Порядок–Хаос,
M230,https://lenta.ru/articles/2025/05/23/razvitie-nauki-ukreplyaet-liderstvo-rossii-v-arktike,Развитие науки укрепляет лидерство России в Арктике. Где в,Быстрый (новостной),4,Новость,Сила,Конфликт интересов,Премьера,Враг,Свой–Чужой,
M230,https://lenta.ru/articles/2025/05/23/razvitie-nauki-ukreplyaet-liderstvo-rossii-v-arktike,Развитие науки укрепляет лидерство России в Арктике. Где в,Быстрый (новостной),5,Информационное сообщение,Благосостояние,Инновационный прорыв,Прививка,Новатор,Стабильность–Перемены,
M230,https://lenta.ru/articles/2025/05/23/razvitie-nauki-ukreplyaet-liderstvo-rossii-v-arktike,Развитие науки укрепляет лидерство России в Арктике. Где в,Быстрый (новостной),6,Заметка,Власть,Внешняя угроза,Крепость,Манипулятор,Сила–Слабость,
M230,https://lenta.ru/articles/2025/05/23/razvitie-nauki-ukreplyaet-liderstvo-rossii-v-arktike,Развитие науки укрепляет лидерство России в Арктике. Где в,Быстрый (новостной),7,Новость,Справедливость,Государственный контроль,Строительство,Защитник,Равенство–Иерархия,
M230,https://lenta.ru/articles/2025/05/23/razvitie-nauki-ukreplyaet-liderstvo-rossii-v-arktike,Развитие науки укрепляет лидерство России в Арктике. Где в,Быстрый (новостной),8,Новостной релиз,Суверенитет,Институциональная трансформация,Перестройка,Манипулятор,Порядок–Хаос,
M231,https://ria.ru/20251223/gazeta-1589877055.html,"Независимая газета - РИА Новости, 23.12.2025",Быстрый (новостной),1,Заметка,Образование,Культурная память,Реконструкция,Мудрец,Прошлое–Будущее,
M231,https://ria.ru/20251223/gazeta-1589877055.html,"Независимая газета - РИА Новости, 23.12.2025",Быстрый (новостной),2,Новость,Красота,Идентичностный кризис,Низ,Новатор,Традиция–Новаторство,
M231,https://ria.ru/20251223/gazeta-1589877055.html,"Независимая газета - РИА Новости, 23.12.2025",Быстрый (новостной),3,Новостной релиз,Память,Эстетическая трансгрессия,Периферия,Наблюдатель,Дух–Материя,
M231,https://ria.ru/20251223/gazeta-1589877055.html,"Независимая газета - РИА Новости, 23.12.2025",Быстрый (новостной),4,Заметка,Идентичность,Нравственный поиск,Перестройка,Проводник,Истина–Ложь,
M231,https://ria.ru/20251223/gazeta-1589877055.html,"Независимая газета - РИА Новости, 23.12.2025",Быстрый (новостной),5,Краткая новость,Душа,Культурный канон,Разрушение,Хранитель,Природа–Культура,
M231,https://ria.ru/20251223/gazeta-1589877055.html,"Независимая газета - РИА Новости, 23.12.2025",Быстрый (новостной),6,Краткая новость,Культура,Традиция и новаторство,Низ,Творец,Открытость–Закрытость,
M231,https://ria.ru/20251223/gazeta-1589877055.html,"Независимая газета - РИА Новости, 23.12.2025",Быстрый (новостной),7,Новостной релиз,Вера,Культурная гибридизация,Разрушение,Наблюдатель,Истина–Ложь,
M231,https://ria.ru/20251223/gazeta-1589877055.html,"Независимая газета - РИА Новости, 23.12.2025",Быстрый (новостной),8,Заметка,Родина,Эстетическая трансгрессия,Разрушение,Наблюдатель,Дух–Материя,
M232,https://ria.ru/20260529/putin-2095602900.html,"Российская экономика последние годы росла быстрее, чем в ЕС",Быстрый (новостной),1,Краткая новость,Справедливость,Экономическая динамика,Рост,Устроитель,Общее–Частное,
M232,https://ria.ru/20260529/putin-2095602900.html,"Российская экономика последние годы росла быстрее, чем в ЕС",Быстрый (новостной),2,Заметка,Ответственность,Управление ресурсами,Устье,Наблюдатель,Стабильность–Перемены,
M232,https://ria.ru/20260529/putin-2095602900.html,"Российская экономика последние годы росла быстрее, чем в ЕС",Быстрый (новостной),3,Заметка,Долг,Финансовые связи,Механизм,Новатор,Честь–Выгода,
M232,https://ria.ru/20260529/putin-2095602900.html,"Российская экономика последние годы росла быстрее, чем в ЕС",Быстрый (новостной),4,Информационное сообщение,Стабильность,Инновационный прорыв,Ржавчина,Трудолюбивый,Индивидуальное–Коллективное,
M232,https://ria.ru/20260529/putin-2095602900.html,"Российская экономика последние годы росла быстрее, чем в ЕС",Быстрый (новостной),5,Заметка,Благосостояние,Рыночная конъюнктура,Волна,Жертва,Традиция–Новаторство,
M232,https://ria.ru/20260529/putin-2095602900.html,"Российская экономика последние годы росла быстрее, чем в ЕС",Быстрый (новостной),6,Новость,Прогресс,Экономическая модернизация,Системное изменение,Творец,Справедливость–Законность,
M232,https://ria.ru/20260529/putin-2095602900.html,"Российская экономика последние годы росла быстрее, чем в ЕС",Быстрый (новостной),7,Новость,Равенство,Социальная дифференциация,Корни,Устроитель,Справедливость–Законность,
M232,https://ria.ru/20260529/putin-2095602900.html,"Российская экономика последние годы росла быстрее, чем в ЕС",Быстрый (новостной),8,Информационное сообщение,Труд,Экономический рост,Исток,Новатор,Стабильность–Перемены,
M233,https://ria.ru/economy,Экономика - РИА Новости,Быстрый (новостной),1,Новость,Память,Культурная трансформация,Архитектура,Свидетель,Равенство–Иерархия,
M233,https://ria.ru/economy,Экономика - РИА Новости,Быстрый (новостной),2,Краткая новость,Стабильность,Инновационный прорыв,Волна,Новатор,Честь–Выгода,
M233,https://ria.ru/economy,Экономика - РИА Новости,Быстрый (новостной),3,Краткая новость,Семья,Социальная солидарность,Засуха,Жертва,Справедливость–Законность,
M233,https://ria.ru/economy,Экономика - РИА Новости,Быстрый (новостной),4,Заметка,Честь,Межпоколенческие отношения,Архитектура,Бунтарь,Свобода–Безопасность,
M233,https://ria.ru/economy,Экономика - РИА Новости,Быстрый (новостной),5,Новость,Справедливость,Управление ресурсами,Наводнение,Наблюдатель,Индивидуальное–Коллективное,
M233,https://ria.ru/economy,Экономика - РИА Новости,Быстрый (новостной),6,Краткая новость,Ответственность,Социальная поляризация,Строительство,Страдалец,Добро–Зло,
M233,https://ria.ru/economy,Экономика - РИА Новости,Быстрый (новостной),7,Краткая новость,Долг,Экономическая динамика,Исток,Творец,Традиция–Новаторство,
M234,https://ria.ru/20260415/putin-2087189355.html,Путин поручил правительству стимулировать рост экономики,Быстрый (новостной),1,Краткая новость,Равенство,Политическая трансформация,Разрушение,Страж,Сила–Слабость,
M234,https://ria.ru/20260415/putin-2087189355.html,Путин поручил правительству стимулировать рост экономики,Быстрый (новостной),2,Новость,Власть,Борьба за власть,Крепость,Лидер,Свой–Чужой,
M234,https://ria.ru/20260415/putin-2087189355.html,Путин поручил правительству стимулировать рост экономики,Быстрый (новостной),3,Информационное сообщение,Смысл,Человеческое достоинство,Семя,Страдалец,Истина–Ложь,
M234,https://ria.ru/20260415/putin-2087189355.html,Путин поручил правительству стимулировать рост экономики,Быстрый (новостной),4,Краткая новость,Судьба,Столкновение с вечностью,Низ,Герой,Прошлое–Будущее,
M234,https://ria.ru/20260415/putin-2087189355.html,Путин поручил правительству стимулировать рост экономики,Быстрый (новостной),5,Информационное сообщение,Справедливость,Переговорный процесс,Архитектура,Защитник,Единство–Разделение,
M234,https://ria.ru/20260415/putin-2087189355.html,Путин поручил правительству стимулировать рост экономики,Быстрый (новостной),6,Новость,Порядок,Политическая трансформация,Маска,Враг,Равенство–Иерархия,
M234,https://ria.ru/20260415/putin-2087189355.html,Путин поручил правительству стимулировать рост экономики,Быстрый (новостной),7,Заметка,Закон,Конфликт интересов,Обвал,Манипулятор,Свобода–Безопасность,
M235,https://ria.ru/20260416/ekonomika-2087282084.html,Россия осталась четвертой экономикой мира по итогам 2025 года,Быстрый (новостной),1,Информационное сообщение,Равенство,Рыночная конъюнктура,Волна,Творец,Традиция–Новаторство,
M235,https://ria.ru/20260416/ekonomika-2087282084.html,Россия осталась четвертой экономикой мира по итогам 2025 года,Быстрый (новостной),2,Краткая новость,Развитие,Инновационный прорыв,Двигатель,Новатор,Индивидуальное–Коллективное,
M235,https://ria.ru/20260416/ekonomika-2087282084.html,Россия осталась четвертой экономикой мира по итогам 2025 года,Быстрый (новостной),3,Новостной релиз,Прогресс,Управление ресурсами,Засуха,Устроитель,Стабильность–Перемены,
M235,https://ria.ru/20260416/ekonomika-2087282084.html,Россия осталась четвертой экономикой мира по итогам 2025 года,Быстрый (новостной),4,Заметка,Ответственность,Финансовые связи,Шестерёнка,Жертва,Справедливость–Законность,
M235,https://ria.ru/20260416/ekonomika-2087282084.html,Россия осталась четвертой экономикой мира по итогам 2025 года,Быстрый (новостной),5,Заметка,Стабильность,Экономическая модернизация,Плоды,Наблюдатель,Честь–Выгода,
M235,https://ria.ru/20260416/ekonomika-2087282084.html,Россия осталась четвертой экономикой мира по итогам 2025 года,Быстрый (новостной),6,Информационное сообщение,Долг,Социальная дифференциация,Наводнение,Трудолюбивый,Общее–Частное,
M235,https://ria.ru/20260416/ekonomika-2087282084.html,Россия осталась четвертой экономикой мира по итогам 2025 года,Быстрый (новостной),7,Новостной релиз,Благополучие,Экономический рост,Рост,Новатор,Честь–Выгода,
M235,https://ria.ru/20260416/ekonomika-2087282084.html,Россия осталась четвертой экономикой мира по итогам 2025 года,Быстрый (новостной),8,Информационное сообщение,Благосостояние,Экономическая динамика,Поток,Жертва,Традиция–Новаторство,
M235,https://ria.ru/20260416/ekonomika-2087282084.html,Россия осталась четвертой экономикой мира по итогам 2025 года,Быстрый (новостной),9,Новостной релиз,Справедливость,Управление ресурсами,Течение,Устроитель,Справедливость–Законность,
M236,https://ria.ru/20260421/krizis-2087968022.html,"Трамп своему слову хозяин: цивилизация погибнет, но есть нюанс",Быстрый (новостной),1,Информационное сообщение,Труд,Экономическая динамика,Цветение,Трудолюбивый,Индивидуальное–Коллективное,
M236,https://ria.ru/20260421/krizis-2087968022.html,"Трамп своему слову хозяин: цивилизация погибнет, но есть нюанс",Быстрый (новостной),2,Заметка,Справедливость,Социальная дифференциация,Корни,Наблюдатель,Стабильность–Перемены,
M236,https://ria.ru/20260421/krizis-2087968022.html,"Трамп своему слову хозяин: цивилизация погибнет, но есть нюанс",Быстрый (новостной),3,Краткая новость,Развитие,Экономический рост,Поломка,Новатор,Традиция–Новаторство,
M236,https://ria.ru/20260421/krizis-2087968022.html,"Трамп своему слову хозяин: цивилизация погибнет, но есть нюанс",Быстрый (новостной),4,Новость,Стабильность,Управление ресурсами,Запруда,Творец,Справедливость–Законность,
M236,https://ria.ru/20260421/krizis-2087968022.html,"Трамп своему слову хозяин: цивилизация погибнет, но есть нюанс",Быстрый (новостной),5,Заметка,Благополучие,Экономическая модернизация,Поток,Устроитель,Общее–Частное,
M236,https://ria.ru/20260421/krizis-2087968022.html,"Трамп своему слову хозяин: цивилизация погибнет, но есть нюанс",Быстрый (новостной),6,Информационное сообщение,Прогресс,Рыночная конъюнктура,Увядание,Жертва,Честь–Выгода,
M236,https://ria.ru/20260421/krizis-2087968022.html,"Трамп своему слову хозяин: цивилизация погибнет, но есть нюанс",Быстрый (новостной),7,Краткая новость,Благосостояние,Финансовые связи,Семя,Жертва,Стабильность–Перемены,
M237,https://ria.ru/20260323/putin-2082380726.html,Путин поручил вернуть российскую экономику к устойчивому росту,Быстрый (новостной),1,Новостной релиз,Благополучие,Экономическая модернизация,Увядание,Творец,Честь–Выгода,
M237,https://ria.ru/20260323/putin-2082380726.html,Путин поручил вернуть российскую экономику к устойчивому росту,Быстрый (новостной),2,Информационное сообщение,Истина,Традиция и новаторство,Низ,Новатор,Открытость–Закрытость,
M237,https://ria.ru/20260323/putin-2082380726.html,Путин поручил вернуть российскую экономику к устойчивому росту,Быстрый (новостной),3,Информационное сообщение,Ответственность,Экономическая динамика,Механизм,Устроитель,Справедливость–Законность,
M237,https://ria.ru/20260323/putin-2082380726.html,Путин поручил вернуть российскую экономику к устойчивому росту,Быстрый (новостной),4,Заметка,Прогресс,Финансовые связи,Системное изменение,Жертва,Стабильность–Перемены,
M237,https://ria.ru/20260323/putin-2082380726.html,Путин поручил вернуть российскую экономику к устойчивому росту,Быстрый (новостной),5,Краткая новость,Стабильность,Рыночная конъюнктура,Засуха,Наблюдатель,Индивидуальное–Коллективное,
M237,https://ria.ru/20260323/putin-2082380726.html,Путин поручил вернуть российскую экономику к устойчивому росту,Быстрый (новостной),6,Новость,Развитие,Инновационный прорыв,Поток,Трудолюбивый,Общее–Частное,
M237,https://ria.ru/20260323/putin-2082380726.html,Путин поручил вернуть российскую экономику к устойчивому росту,Быстрый (новостной),7,Краткая новость,Душа,Культурный канон,Прививка,Хранитель,Природа–Культура,
M238,https://ria.ru/20260527/ekonomika-2094945992.html,Александр Шохин: пора определять условия для иностранного,Быстрый (новостной),1,Краткая новость,Ответственность,Экономический рост,Увядание,Наблюдатель,Честь–Выгода,
M238,https://ria.ru/20260527/ekonomika-2094945992.html,Александр Шохин: пора определять условия для иностранного,Быстрый (новостной),2,Информационное сообщение,Родина,Культурная гибридизация,Плоды,Творец,Истина–Ложь,
M238,https://ria.ru/20260527/ekonomika-2094945992.html,Александр Шохин: пора определять условия для иностранного,Быстрый (новостной),3,Новостной релиз,Благосостояние,Социальная дифференциация,Поток,Устроитель,Справедливость–Законность,
M238,https://ria.ru/20260527/ekonomika-2094945992.html,Александр Шохин: пора определять условия для иностранного,Быстрый (новостной),4,Заметка,Стабильность,Экономическая динамика,Поломка,Жертва,Индивидуальное–Коллективное,
M238,https://ria.ru/20260527/ekonomika-2094945992.html,Александр Шохин: пора определять условия для иностранного,Быстрый (новостной),5,Информационное сообщение,Душа,Культурная память,Засуха,Новатор,Природа–Культура,
M238,https://ria.ru/20260527/ekonomika-2094945992.html,Александр Шохин: пора определять условия для иностранного,Быстрый (новостной),6,Новость,Равенство,Рыночная конъюнктура,Течение,Трудолюбивый,Общее–Частное,
M238,https://ria.ru/20260527/ekonomika-2094945992.html,Александр Шохин: пора определять условия для иностранного,Быстрый (новостной),7,Новость,Прогресс,Инновационный прорыв,Ремонт,Жертва,Стабильность–Перемены,
M239,https://ria.ru/20260529/vees-2095440614.html,В Астане прошло заседание ВЕЭС с участием Путина,Быстрый (новостной),1,Краткая новость,Безопасность,Социальная поляризация,Плоды,Свидетель,Свой–Чужой,
M239,https://ria.ru/20260529/vees-2095440614.html,В Астане прошло заседание ВЕЭС с участием Путина,Быстрый (новостной),2,Информационное сообщение,Честь,Демографическая динамика,Осада,Герой,Свобода–Безопасность,
M239,https://ria.ru/20260529/vees-2095440614.html,В Астане прошло заседание ВЕЭС с участием Путина,Быстрый (новостной),3,Информационное сообщение,Память,Социальная мобильность,Капитуляция,Жертва,Добро–Зло,
M239,https://ria.ru/20260529/vees-2095440614.html,В Астане прошло заседание ВЕЭС с участием Путина,Быстрый (новостной),4,Краткая новость,Правда,Межпоколенческие отношения,Увядание,Защитник,Справедливость–Законность,
M239,https://ria.ru/20260529/vees-2095440614.html,В Астане прошло заседание ВЕЭС с участием Путина,Быстрый (новостной),5,Краткая новость,Солидарность,Социальная солидарность,Цветение,Бунтарь,Общее–Частное,
M239,https://ria.ru/20260529/vees-2095440614.html,В Астане прошло заседание ВЕЭС с участием Путина,Быстрый (новостной),6,Заметка,Достоинство,Культурная трансформация,Прививка,Страдалец,Равенство–Иерархия,
M239,https://ria.ru/20260529/vees-2095440614.html,В Астане прошло заседание ВЕЭС с участием Путина,Быстрый (новостной),7,Новость,Долг,Миграционная волна,Семя,Защитник,Свобода–Безопасность,
M239,https://ria.ru/20260529/vees-2095440614.html,В Астане прошло заседание ВЕЭС с участием Путина,Быстрый (новостной),8,Новость,Ответственность,Демографическая динамика,Фронт,Герой,Свой–Чужой,
M240,https://ria.ru/politics,Политика - РИА Новости,Быстрый (новостной),1,Новость,Любовь,Экзистенциальный кризис,Прививка,Мудрец,Вера–Знание,
M240,https://ria.ru/politics,Политика - РИА Новости,Быстрый (новостной),2,Заметка,Смысл,Потеря смыслов,Семя,Творец,Прошлое–Будущее,
M240,https://ria.ru/politics,Политика - РИА Новости,Быстрый (новостной),3,Информационное сообщение,Сила,Переговорный процесс,Режиссура,Лидер,Равенство–Иерархия,
M240,https://ria.ru/politics,Политика - РИА Новости,Быстрый (новостной),4,Информационное сообщение,Равенство,Политическая трансформация,Трагедия,Враг,Свой–Чужой,
M240,https://ria.ru/politics,Политика - РИА Новости,Быстрый (новостной),5,Информационное сообщение,Долг,Борьба за власть,Реконструкция,Защитник,Единство–Разделение,
M240,https://ria.ru/politics,Политика - РИА Новости,Быстрый (новостной),6,Краткая новость,Закон,Внешняя угроза,Антракт,Оппонент,Сила–Слабость,
M240,https://ria.ru/politics,Политика - РИА Новости,Быстрый (новостной),7,Краткая новость,Справедливость,Конфликт интересов,Кулисы,Манипулятор,Свобода–Безопасность,
M241,https://ria.ru/20260216/rossija-2074573395.html,Российская экономика по итогам 2025 года обогнала итальянскую,Быстрый (новостной),1,Новостной релиз,Прогресс,Финансовые связи,Поломка,Трудолюбивый,Общее–Частное,
M241,https://ria.ru/20260216/rossija-2074573395.html,Российская экономика по итогам 2025 года обогнала итальянскую,Быстрый (новостной),2,Новость,Стабильность,Управление ресурсами,Увядание,Новатор,Традиция–Новаторство,
M241,https://ria.ru/20260216/rossija-2074573395.html,Российская экономика по итогам 2025 года обогнала итальянскую,Быстрый (новостной),3,Краткая новость,Справедливость,Социальная дифференциация,Настройка,Жертва,Честь–Выгода,
M241,https://ria.ru/20260216/rossija-2074573395.html,Российская экономика по итогам 2025 года обогнала итальянскую,Быстрый (новостной),4,Заметка,Мужество,Потеря смыслов,Прививка,Мудрец,Дух–Материя,
M241,https://ria.ru/20260216/rossija-2074573395.html,Российская экономика по итогам 2025 года обогнала итальянскую,Быстрый (новостной),5,Новостной релиз,Благополучие,Экономическая динамика,Устье,Творец,Стабильность–Перемены,
M241,https://ria.ru/20260216/rossija-2074573395.html,Российская экономика по итогам 2025 года обогнала итальянскую,Быстрый (новостной),6,Информационное сообщение,Судьба,Моральный выбор,Течение,Герой,Вера–Знание,
M241,https://ria.ru/20260216/rossija-2074573395.html,Российская экономика по итогам 2025 года обогнала итальянскую,Быстрый (новостной),7,Новостной релиз,Ответственность,Экономический рост,Настройка,Устроитель,Индивидуальное–Коллективное,
M242,https://ria.ru/culture,Культура - РИА Новости,Быстрый (новостной),1,Краткая новость,Душа,Идентичностный кризис,Плоды,Новатор,Истина–Ложь,
M242,https://ria.ru/culture,Культура - РИА Новости,Быстрый (новостной),2,Заметка,Образование,Традиция и новаторство,Обвал,Хранитель,Открытость–Закрытость,
M242,https://ria.ru/culture,Культура - РИА Новости,Быстрый (новостной),3,Заметка,Любовь,Потеря смыслов,Плоды,Наблюдатель,Дух–Материя,
M242,https://ria.ru/culture,Культура - РИА Новости,Быстрый (новостной),4,Новостной релиз,Мужество,Человеческое достоинство,Поток,Страдалец,Свобода–Безопасность,
M242,https://ria.ru/culture,Культура - РИА Новости,Быстрый (новостной),5,Новостной релиз,Судьба,Столкновение с вечностью,Волна,Творец,Вера–Знание,
M242,https://ria.ru/culture,Культура - РИА Новости,Быстрый (новостной),6,Новость,Красота,Эстетическая трансгрессия,Центр,Проводник,Прошлое–Будущее,
M242,https://ria.ru/culture,Культура - РИА Новости,Быстрый (новостной),7,Краткая новость,Истина,Культурная память,Периферия,Мудрец,Традиция–Новаторство,
M242,https://ria.ru/culture,Культура - РИА Новости,Быстрый (новостной),8,Новость,Вера,Культурный канон,Семя,Мудрец,Природа–Культура,
M242,https://ria.ru/culture,Культура - РИА Новости,Быстрый (новостной),9,Заметка,Смысл,Духовное прозрение,Граница,Герой,Жизнь–Смерть,
M243,https://ria.ru/20260325/putin-2082929597.html,Путин заявил о важности модернизации культурных учреждений,Быстрый (новостной),1,Новость,Культура,Идентичностный кризис,Увядание,Проводник,Традиция–Новаторство,
M243,https://ria.ru/20260325/putin-2082929597.html,Путин заявил о важности модернизации культурных учреждений,Быстрый (новостной),2,Информационное сообщение,Идентичность,Традиция и новаторство,Строительство,Новатор,Дух–Материя,
M243,https://ria.ru/20260325/putin-2082929597.html,Путин заявил о важности модернизации культурных учреждений,Быстрый (новостной),3,Новостной релиз,Вера,Культурная память,Центр,Наблюдатель,Истина–Ложь,
M243,https://ria.ru/20260325/putin-2082929597.html,Путин заявил о важности модернизации культурных учреждений,Быстрый (новостной),4,Краткая новость,Память,Эстетическая трансгрессия,Горизонт,Мудрец,Прошлое–Будущее,
M243,https://ria.ru/20260325/putin-2082929597.html,Путин заявил о важности модернизации культурных учреждений,Быстрый (новостной),5,Новость,Традиция,Нравственный поиск,Крепость,Творец,Природа–Культура,
M243,https://ria.ru/20260325/putin-2082929597.html,Путин заявил о важности модернизации культурных учреждений,Быстрый (новостной),6,Заметка,Красота,Культурная гибридизация,Крепость,Хранитель,Открытость–Закрытость,
M243,https://ria.ru/20260325/putin-2082929597.html,Путин заявил о важности модернизации культурных учреждений,Быстрый (новостной),7,Информационное сообщение,Образование,Культурный канон,Низ,Проводник,Истина–Ложь,
M243,https://ria.ru/20260325/putin-2082929597.html,Путин заявил о важности модернизации культурных учреждений,Быстрый (новостной),8,Краткая новость,Душа,Нравственный поиск,Перестройка,Хранитель,Природа–Культура,
M244,https://ria.ru/category_novosti-kultury+culture,"Новости культуры, Культура - новости и последние события дня",Быстрый (новостной),1,Новость,Душа,Культурный канон,Горизонт,Хранитель,Природа–Культура,
M244,https://ria.ru/category_novosti-kultury+culture,"Новости культуры, Культура - новости и последние события дня",Быстрый (новостной),2,Информационное сообщение,Традиция,Культурная память,Обвал,Новатор,Прошлое–Будущее,
M244,https://ria.ru/category_novosti-kultury+culture,"Новости культуры, Культура - новости и последние события дня",Быстрый (новостной),3,Новостной релиз,Безопасность,Демографическая динамика,Семя,Свидетель,Общее–Частное,
M244,https://ria.ru/category_novosti-kultury+culture,"Новости культуры, Культура - новости и последние события дня",Быстрый (новостной),4,Заметка,Солидарность,Социальная мобильность,Фронт,Страдалец,Свой–Чужой,
M244,https://ria.ru/category_novosti-kultury+culture,"Новости культуры, Культура - новости и последние события дня",Быстрый (новостной),5,Новостной релиз,Красота,Традиция и новаторство,Центр,Проводник,Дух–Материя,
M244,https://ria.ru/category_novosti-kultury+culture,"Новости культуры, Культура - новости и последние события дня",Быстрый (новостной),6,Информационное сообщение,Справедливость,Миграционная волна,Семя,Жертва,Справедливость–Законность,
M244,https://ria.ru/category_novosti-kultury+culture,"Новости культуры, Культура - новости и последние события дня",Быстрый (новостной),7,Краткая новость,Достоинство,Социальная поляризация,Семя,Бунтарь,Равенство–Иерархия,
M244,https://ria.ru/category_novosti-kultury+culture,"Новости культуры, Культура - новости и последние события дня",Быстрый (новостной),8,Краткая новость,Идентичность,Культурная гибридизация,Семя,Творец,Истина–Ложь,
M245,https://ria.ru/20260528/shuvalov-2095348409.html,Шувалов: будущее российских технологий строится на людях и,Быстрый (новостной),1,Новостной релиз,Справедливость,Борьба за власть,Строительство,Защитник,Равенство–Иерархия,
M245,https://ria.ru/20260528/shuvalov-2095348409.html,Шувалов: будущее российских технологий строится на людях и,Быстрый (новостной),2,Заметка,Достоинство,Социальная мобильность,Крепость,Бунтарь,Свобода–Безопасность,
M245,https://ria.ru/20260528/shuvalov-2095348409.html,Шувалов: будущее российских технологий строится на людях и,Быстрый (новостной),3,Информационное сообщение,Равенство,Суверенитет,Осада,Лидер,Единство–Разделение,
M245,https://ria.ru/20260528/shuvalov-2095348409.html,Шувалов: будущее российских технологий строится на людях и,Быстрый (новостной),4,Краткая новость,Солидарность,Социальная поляризация,Крепость,Страдалец,Справедливость–Законность,
M245,https://ria.ru/20260528/shuvalov-2095348409.html,Шувалов: будущее российских технологий строится на людях и,Быстрый (новостной),5,Краткая новость,Свобода,Институциональная трансформация,Маска,Манипулятор,Свой–Чужой,
M245,https://ria.ru/20260528/shuvalov-2095348409.html,Шувалов: будущее российских технологий строится на людях и,Быстрый (новостной),6,Заметка,Ответственность,Переговорный процесс,Премьера,Оппонент,Порядок–Хаос,
M245,https://ria.ru/20260528/shuvalov-2095348409.html,Шувалов: будущее российских технологий строится на людях и,Быстрый (новостной),7,Информационное сообщение,Сила,Внешняя угроза,Обвал,Враг,Сила–Слабость,
M246,https://ria.ru/science,Россия Сегодня - Наука - РИА Новости,Быстрый (новостной),1,Новостной релиз,Ответственность,Экономическая динамика,Поломка,Новатор,Справедливость–Законность,
M246,https://ria.ru/science,Россия Сегодня - Наука - РИА Новости,Быстрый (новостной),2,Заметка,Труд,Экономический рост,Запруда,Устроитель,Честь–Выгода,
M246,https://ria.ru/science,Россия Сегодня - Наука - РИА Новости,Быстрый (новостной),3,Новостной релиз,Достоинство,Экзистенциальный кризис,Поток,Страдалец,Прошлое–Будущее,
M246,https://ria.ru/science,Россия Сегодня - Наука - РИА Новости,Быстрый (новостной),4,Заметка,Прогресс,Управление ресурсами,Засуха,Наблюдатель,Традиция–Новаторство,
M246,https://ria.ru/science,Россия Сегодня - Наука - РИА Новости,Быстрый (новостной),5,Краткая новость,Вера,Духовное прозрение,Семя,Мудрец,Вера–Знание,
M246,https://ria.ru/science,Россия Сегодня - Наука - РИА Новости,Быстрый (новостной),6,Информационное сообщение,Надежда,Человеческое достоинство,Засуха,Герой,Истина–Ложь,
M246,https://ria.ru/science,Россия Сегодня - Наука - РИА Новости,Быстрый (новостной),7,Новость,Благосостояние,Финансовые связи,Течение,Трудолюбивый,Общее–Частное,
M247,https://ria.ru/obrazovanie,"Образование: школы, ВУЗы, реформы | РИА Новости",Быстрый (новостной),1,Краткая новость,Солидарность,Социальная мобильность,Мобилизация,Страдалец,Справедливость–Законность,
M247,https://ria.ru/obrazovanie,"Образование: школы, ВУЗы, реформы | РИА Новости",Быстрый (новостной),2,Краткая новость,Память,Миграционная волна,Фронт,Герой,Свобода–Безопасность,
M247,https://ria.ru/obrazovanie,"Образование: школы, ВУЗы, реформы | РИА Новости",Быстрый (новостной),3,Краткая новость,Вера,Нравственный поиск,Архитектура,Проводник,Открытость–Закрытость,
M247,https://ria.ru/obrazovanie,"Образование: школы, ВУЗы, реформы | РИА Новости",Быстрый (новостной),4,Новость,Ответственность,Культурная трансформация,Обвал,Свидетель,Общее–Частное,
M247,https://ria.ru/obrazovanie,"Образование: школы, ВУЗы, реформы | РИА Новости",Быстрый (новостной),5,Краткая новость,Долг,Межпоколенческие отношения,Реконструкция,Жертва,Равенство–Иерархия,
M247,https://ria.ru/obrazovanie,"Образование: школы, ВУЗы, реформы | РИА Новости",Быстрый (новостной),6,Краткая новость,Честь,Социальная поляризация,Фундамент,Бунтарь,Добро–Зло,
M247,https://ria.ru/obrazovanie,"Образование: школы, ВУЗы, реформы | РИА Новости",Быстрый (новостной),7,Заметка,Достоинство,Социальная солидарность,Фундамент,Защитник,Свой–Чужой,
M248,https://ria.ru/category_novosti-kultury,Новости культуры,Быстрый (новостной),1,Заметка,Истина,Эстетическая трансгрессия,Центр,Новатор,Прошлое–Будущее,
M248,https://ria.ru/category_novosti-kultury,Новости культуры,Быстрый (новостной),2,Новость,Родина,Традиция и новаторство,Архитектура,Наблюдатель,Дух–Материя,
M248,https://ria.ru/category_novosti-kultury,Новости культуры,Быстрый (новостной),3,Краткая новость,Благополучие,Экономический рост,Засуха,Устроитель,Честь–Выгода,
M248,https://ria.ru/category_novosti-kultury,Новости культуры,Быстрый (новостной),4,Краткая новость,Образование,Культурный канон,Архитектура,Мудрец,Традиция–Новаторство,
M248,https://ria.ru/category_novosti-kultury,Новости культуры,Быстрый (новостной),5,Новостной релиз,Душа,Культурная память,Периферия,Проводник,Природа–Культура,
M248,https://ria.ru/category_novosti-kultury,Новости культуры,Быстрый (новостной),6,Заметка,Ответственность,Финансовые связи,Рост,Творец,Общее–Частное,
M248,https://ria.ru/category_novosti-kultury,Новости культуры,Быстрый (новостной),7,Краткая новость,Справедливость,Социальная дифференциация,Плоды,Трудолюбивый,Индивидуальное–Коллективное,
M248,https://ria.ru/category_novosti-kultury,Новости культуры,Быстрый (новостной),8,Новость,Красота,Нравственный поиск,Разрушение,Хранитель,Истина–Ложь,
M248,https://ria.ru/category_novosti-kultury,Новости культуры,Быстрый (новостной),9,Краткая новость,Традиция,Идентичностный кризис,Разрушение,Мудрец,Открытость–Закрытость,
M249,https://tass.ru/kultura/27144879,Хуснуллин: министры культуры 15 стран посетят KazanForum,Быстрый (новостной),1,Заметка,Свобода,Суверенитет,Спектакль,Лидер,Равенство–Иерархия,
M249,https://tass.ru/kultura/27144879,Хуснуллин: министры культуры 15 стран посетят KazanForum,Быстрый (новостной),2,Краткая новость,Власть,Государственный контроль,Реконструкция,Враг,Свой–Чужой,
M249,https://tass.ru/kultura/27144879,Хуснуллин: министры культуры 15 стран посетят KazanForum,Быстрый (новостной),3,Информационное сообщение,Сила,Внешняя угроза,Декорация,Манипулятор,Порядок–Хаос,
M249,https://tass.ru/kultura/27144879,Хуснуллин: министры культуры 15 стран посетят KazanForum,Быстрый (новостной),4,Новостной релиз,Закон,Борьба за власть,Война,Страж,Сила–Слабость,
M249,https://tass.ru/kultura/27144879,Хуснуллин: министры культуры 15 стран посетят KazanForum,Быстрый (новостной),5,Новостной релиз,Долг,Политическая трансформация,Премьера,Защитник,Единство–Разделение,
M249,https://tass.ru/kultura/27144879,Хуснуллин: министры культуры 15 стран посетят KazanForum,Быстрый (новостной),6,Заметка,Любовь,Духовное прозрение,Семя,Мудрец,Вера–Знание,
M249,https://tass.ru/kultura/27144879,Хуснуллин: министры культуры 15 стран посетят KazanForum,Быстрый (новостной),7,Информационное сообщение,Порядок,Конфликт интересов,Разрушение,Оппонент,Свобода–Безопасность,
M250,https://tass.ru/mezhdunarodnaya-panorama/25310985,В 2026 году ожидается проведение дней культуры России в,Быстрый (новостной),1,Краткая новость,Родина,Эстетическая трансгрессия,Рост,Новатор,Традиция–Новаторство,
M250,https://tass.ru/mezhdunarodnaya-panorama/25310985,В 2026 году ожидается проведение дней культуры России в,Быстрый (новостной),2,Новость,Культура,Культурная гибридизация,Семя,Мудрец,Прошлое–Будущее,
M250,https://tass.ru/mezhdunarodnaya-panorama/25310985,В 2026 году ожидается проведение дней культуры России в,Быстрый (новостной),3,Краткая новость,Вера,Традиция и новаторство,Рост,Проводник,Открытость–Закрытость,
M250,https://tass.ru/mezhdunarodnaya-panorama/25310985,В 2026 году ожидается проведение дней культуры России в,Быстрый (новостной),4,Новостной релиз,Красота,Идентичностный кризис,Низ,Наблюдатель,Истина–Ложь,
M250,https://tass.ru/mezhdunarodnaya-panorama/25310985,В 2026 году ожидается проведение дней культуры России в,Быстрый (новостной),5,Краткая новость,Традиция,Культурная память,Периферия,Творец,Природа–Культура,
M250,https://tass.ru/mezhdunarodnaya-panorama/25310985,В 2026 году ожидается проведение дней культуры России в,Быстрый (новостной),6,Информационное сообщение,Равенство,Внешняя угроза,Режиссура,Лидер,Равенство–Иерархия,
M250,https://tass.ru/mezhdunarodnaya-panorama/25310985,В 2026 году ожидается проведение дней культуры России в,Быстрый (новостной),7,Информационное сообщение,Образование,Нравственный поиск,Рост,Хранитель,Дух–Материя,
M250,https://tass.ru/mezhdunarodnaya-panorama/25310985,В 2026 году ожидается проведение дней культуры России в,Быстрый (новостной),8,Новостной релиз,Долг,Политическая трансформация,Фронт,Враг,Свобода–Безопасность,
M250,https://tass.ru/mezhdunarodnaya-panorama/25310985,В 2026 году ожидается проведение дней культуры России в,Быстрый (новостной),9,Заметка,Истина,Культурный канон,Верх,Творец,Дух–Материя,
M251,https://tass.ru/obschestvo/27543159,В Подмосковье за пять лет создали 33 модельные библиотеки,Быстрый (новостной),1,Краткая новость,Свобода,Борьба за власть,Война,Лидер,Порядок–Хаос,
M251,https://tass.ru/obschestvo/27543159,В Подмосковье за пять лет создали 33 модельные библиотеки,Быстрый (новостной),2,Информационное сообщение,Равенство,Внешняя угроза,Декорация,Враг,Сила–Слабость,
M251,https://tass.ru/obschestvo/27543159,В Подмосковье за пять лет создали 33 модельные библиотеки,Быстрый (новостной),3,Информационное сообщение,Традиция,Культурный канон,Простор,Проводник,Истина–Ложь,
M251,https://tass.ru/obschestvo/27543159,В Подмосковье за пять лет создали 33 модельные библиотеки,Быстрый (новостной),4,Заметка,Долг,Суверенитет,Фронт,Манипулятор,Свой–Чужой,
M251,https://tass.ru/obschestvo/27543159,В Подмосковье за пять лет создали 33 модельные библиотеки,Быстрый (новостной),5,Информационное сообщение,Память,Эстетическая трансгрессия,Крепость,Новатор,Прошлое–Будущее,
M251,https://tass.ru/obschestvo/27543159,В Подмосковье за пять лет создали 33 модельные библиотеки,Быстрый (новостной),6,Заметка,Ответственность,Институциональная трансформация,Фундамент,Оппонент,Единство–Разделение,
M251,https://tass.ru/obschestvo/27543159,В Подмосковье за пять лет создали 33 модельные библиотеки,Быстрый (новостной),7,Информационное сообщение,Вера,Нравственный поиск,Семя,Наблюдатель,Традиция–Новаторство,
M252,https://tass.ru/kultura/26042437,Минкультуры планирует привлечь в РФ творческие таланты из,Быстрый (новостной),1,Новость,Родина,Культурная гибридизация,Реконструкция,Новатор,Природа–Культура,
M252,https://tass.ru/kultura/26042437,Минкультуры планирует привлечь в РФ творческие таланты из,Быстрый (новостной),2,Новостной релиз,Традиция,Культурный канон,Реконструкция,Мудрец,Истина–Ложь,
M252,https://tass.ru/kultura/26042437,Минкультуры планирует привлечь в РФ творческие таланты из,Быстрый (новостной),3,Заметка,Красота,Нравственный поиск,Фундамент,Творец,Дух–Материя,
M252,https://tass.ru/kultura/26042437,Минкультуры планирует привлечь в РФ творческие таланты из,Быстрый (новостной),4,Заметка,Вера,Эстетическая трансгрессия,Корни,Проводник,Прошлое–Будущее,
M252,https://tass.ru/kultura/26042437,Минкультуры планирует привлечь в РФ творческие таланты из,Быстрый (новостной),5,Краткая новость,Культура,Идентичностный кризис,Семя,Наблюдатель,Традиция–Новаторство,
M252,https://tass.ru/kultura/26042437,Минкультуры планирует привлечь в РФ творческие таланты из,Быстрый (новостной),6,Заметка,Идентичность,Традиция и новаторство,Прививка,Хранитель,Открытость–Закрытость,
M252,https://tass.ru/kultura/26042437,Минкультуры планирует привлечь в РФ творческие таланты из,Быстрый (новостной),7,Заметка,Память,Культурная память,Граница,Творец,Прошлое–Будущее,
M253,https://tass.ru/obschestvo/27460149,В РФ переподготовку в 2026 году пройдут около 9 тыс. учителей,Быстрый (новостной),1,Новостной релиз,Ответственность,Инновационный прорыв,Запруда,Трудолюбивый,Индивидуальное–Коллективное,
M253,https://tass.ru/obschestvo/27460149,В РФ переподготовку в 2026 году пройдут около 9 тыс. учителей,Быстрый (новостной),2,Краткая новость,Равенство,Конфликт интересов,Заслон,Защитник,Равенство–Иерархия,
M253,https://tass.ru/obschestvo/27460149,В РФ переподготовку в 2026 году пройдут около 9 тыс. учителей,Быстрый (новостной),3,Новостной релиз,Долг,Внешняя угроза,Крепость,Лидер,Свой–Чужой,
M253,https://tass.ru/obschestvo/27460149,В РФ переподготовку в 2026 году пройдут около 9 тыс. учителей,Быстрый (новостной),4,Информационное сообщение,Власть,Институциональная трансформация,Декорация,Страж,Порядок–Хаос,
M253,https://tass.ru/obschestvo/27460149,В РФ переподготовку в 2026 году пройдут около 9 тыс. учителей,Быстрый (новостной),5,Информационное сообщение,Сила,Политическая трансформация,Перестройка,Враг,Сила–Слабость,
M253,https://tass.ru/obschestvo/27460149,В РФ переподготовку в 2026 году пройдут около 9 тыс. учителей,Быстрый (новостной),6,Информационное сообщение,Справедливость,Суверенитет,Заслон,Манипулятор,Единство–Разделение,
M253,https://tass.ru/obschestvo/27460149,В РФ переподготовку в 2026 году пройдут около 9 тыс. учителей,Быстрый (новостной),7,Заметка,Порядок,Борьба за власть,Трагедия,Оппонент,Свобода–Безопасность,
M253,https://tass.ru/obschestvo/27460149,В РФ переподготовку в 2026 году пройдут около 9 тыс. учителей,Быстрый (новостной),8,Новость,Суверенитет,Государственный контроль,Крепость,Страж,Порядок–Хаос,
M254,https://tass.ru/ekonomika/23969143,В России в 2026 году откроют 35 школ креативных индустрий,Быстрый (новостной),1,Информационное сообщение,Традиция,Культурный канон,Обвал,Наблюдатель,Истина–Ложь,
M254,https://tass.ru/ekonomika/23969143,В России в 2026 году откроют 35 школ креативных индустрий,Быстрый (новостной),2,Новостной релиз,Душа,Идентичностный кризис,Путь,Проводник,Прошлое–Будущее,
M254,https://tass.ru/ekonomika/23969143,В России в 2026 году откроют 35 школ креативных индустрий,Быстрый (новостной),3,Информационное сообщение,Равенство,Инновационный прорыв,Засуха,Трудолюбивый,Индивидуальное–Коллективное,
M254,https://tass.ru/ekonomika/23969143,В России в 2026 году откроют 35 школ креативных индустрий,Быстрый (новостной),4,Информационное сообщение,Образование,Эстетическая трансгрессия,Разрушение,Хранитель,Природа–Культура,
M254,https://tass.ru/ekonomika/23969143,В России в 2026 году откроют 35 школ креативных индустрий,Быстрый (новостной),5,Краткая новость,Идентичность,Культурная гибридизация,Перестройка,Новатор,Открытость–Закрытость,
M254,https://tass.ru/ekonomika/23969143,В России в 2026 году откроют 35 школ креативных индустрий,Быстрый (новостной),6,Новостной релиз,Стабильность,Экономическая модернизация,Рост,Устроитель,Справедливость–Законность,
M254,https://tass.ru/ekonomika/23969143,В России в 2026 году откроют 35 школ креативных индустрий,Быстрый (новостной),7,Информационное сообщение,Культура,Нравственный поиск,Засуха,Мудрец,Традиция–Новаторство,
M254,https://tass.ru/ekonomika/23969143,В России в 2026 году откроют 35 школ креативных индустрий,Быстрый (новостной),8,Краткая новость,Развитие,Экономическая динамика,Наводнение,Творец,Стабильность–Перемены,
M254,https://tass.ru/ekonomika/23969143,В России в 2026 году откроют 35 школ креативных индустрий,Быстрый (новостной),9,Заметка,Память,Культурная память,Перестройка,Хранитель,Дух–Материя,
M255,https://tass.ru/kultura/22134099,В РФ увеличат расходы на культуру в 2025 году более чем на 51,Быстрый (новостной),1,Заметка,Свобода,Государственный контроль,Фундамент,Лидер,Единство–Разделение,
M255,https://tass.ru/kultura/22134099,В РФ увеличат расходы на культуру в 2025 году более чем на 51,Быстрый (новостной),2,Новостной релиз,Справедливость,Экономический рост,Засуха,Наблюдатель,Стабильность–Перемены,
M255,https://tass.ru/kultura/22134099,В РФ увеличат расходы на культуру в 2025 году более чем на 51,Быстрый (новостной),3,Информационное сообщение,Прогресс,Финансовые связи,Плоды,Творец,Общее–Частное,
M255,https://tass.ru/kultura/22134099,В РФ увеличат расходы на культуру в 2025 году более чем на 51,Быстрый (новостной),4,Новостной релиз,Порядок,Суверенитет,Осада,Манипулятор,Равенство–Иерархия,
M255,https://tass.ru/kultura/22134099,В РФ увеличат расходы на культуру в 2025 году более чем на 51,Быстрый (новостной),5,Информационное сообщение,Благосостояние,Экономическая динамика,Прививка,Жертва,Справедливость–Законность,
M255,https://tass.ru/kultura/22134099,В РФ увеличат расходы на культуру в 2025 году более чем на 51,Быстрый (новостной),6,Краткая новость,Равенство,Рыночная конъюнктура,Наводнение,Устроитель,Индивидуальное–Коллективное,
M255,https://tass.ru/kultura/22134099,В РФ увеличат расходы на культуру в 2025 году более чем на 51,Быстрый (новостной),7,Новость,Ответственность,Социальная дифференциация,Запруда,Новатор,Традиция–Новаторство,
M255,https://tass.ru/kultura/22134099,В РФ увеличат расходы на культуру в 2025 году более чем на 51,Быстрый (новостной),8,Информационное сообщение,Стабильность,Экономическая модернизация,Исток,Трудолюбивый,Честь–Выгода,
M255,https://tass.ru/kultura/22134099,В РФ увеличат расходы на культуру в 2025 году более чем на 51,Быстрый (новостной),9,Информационное сообщение,Развитие,Управление ресурсами,Цветение,Новатор,Стабильность–Перемены,
M256,https://tass.ru/obschestvo/26939067,В РФ в 2025 году реализовали почти 2 млн мероприятий  - ТАСС,Быстрый (новостной),1,Новость,Вера,Обретение идентичности,Периферия,Наблюдатель,Жизнь–Смерть,
M256,https://tass.ru/obschestvo/26939067,В РФ в 2025 году реализовали почти 2 млн мероприятий  - ТАСС,Быстрый (новостной),2,Информационное сообщение,Душа,Столкновение с вечностью,Граница,Мудрец,Свобода–Безопасность,
M256,https://tass.ru/obschestvo/26939067,В РФ в 2025 году реализовали почти 2 млн мероприятий  - ТАСС,Быстрый (новостной),3,Краткая новость,Культура,Эстетическая трансгрессия,Простор,Новатор,Традиция–Новаторство,
M256,https://tass.ru/obschestvo/26939067,В РФ в 2025 году реализовали почти 2 млн мероприятий  - ТАСС,Быстрый (новостной),4,Информационное сообщение,Красота,Нравственный поиск,Корни,Творец,Открытость–Закрытость,
M256,https://tass.ru/obschestvo/26939067,В РФ в 2025 году реализовали почти 2 млн мероприятий  - ТАСС,Быстрый (новостной),5,Новость,Память,Традиция и новаторство,Перестройка,Хранитель,Природа–Культура,
M256,https://tass.ru/obschestvo/26939067,В РФ в 2025 году реализовали почти 2 млн мероприятий  - ТАСС,Быстрый (новостной),6,Заметка,Традиция,Идентичностный кризис,Прививка,Проводник,Дух–Материя,
M256,https://tass.ru/obschestvo/26939067,В РФ в 2025 году реализовали почти 2 млн мероприятий  - ТАСС,Быстрый (новостной),7,Новость,Образование,Культурный канон,Строительство,Наблюдатель,Истина–Ложь,
M256,https://tass.ru/obschestvo/26939067,В РФ в 2025 году реализовали почти 2 млн мероприятий  - ТАСС,Быстрый (новостной),8,Заметка,Мужество,Духовное прозрение,Исток,Герой,Прошлое–Будущее,
M257,https://tass.ru/kultura/25039017,Голикова: участники форума объединенных культур едины в,Быстрый (новостной),1,Новостной релиз,Культура,Нравственный поиск,Строительство,Новатор,Прошлое–Будущее,
M257,https://tass.ru/kultura/25039017,Голикова: участники форума объединенных культур едины в,Быстрый (новостной),2,Новость,Образование,Эстетическая трансгрессия,Цветение,Проводник,Открытость–Закрытость,
M257,https://tass.ru/kultura/25039017,Голикова: участники форума объединенных культур едины в,Быстрый (новостной),3,Заметка,Родина,Культурный канон,Фундамент,Наблюдатель,Дух–Материя,
M257,https://tass.ru/kultura/25039017,Голикова: участники форума объединенных культур едины в,Быстрый (новостной),4,Информационное сообщение,Идентичность,Культурная гибридизация,Архитектура,Мудрец,Традиция–Новаторство,
M257,https://tass.ru/kultura/25039017,Голикова: участники форума объединенных культур едины в,Быстрый (новостной),5,Краткая новость,Традиция,Идентичностный кризис,Разрушение,Творец,Природа–Культура,
M257,https://tass.ru/kultura/25039017,Голикова: участники форума объединенных культур едины в,Быстрый (новостной),6,Новостной релиз,Истина,Культурная память,Периферия,Хранитель,Истина–Ложь,
M257,https://tass.ru/kultura/25039017,Голикова: участники форума объединенных культур едины в,Быстрый (новостной),7,Новостной релиз,Красота,Традиция и новаторство,Засуха,Наблюдатель,Природа–Культура,
M258,https://tass.ru/kultura/27384701,"Комиссия Госсовета рассмотрит, как будут применять новые",Быстрый (новостной),1,Новостной релиз,Культура,Культурная гибридизация,Крепость,Новатор,Прошлое–Будущее,
M258,https://tass.ru/kultura/27384701,"Комиссия Госсовета рассмотрит, как будут применять новые",Быстрый (новостной),2,Новость,Истина,Культурная память,Прививка,Проводник,Природа–Культура,
M258,https://tass.ru/kultura/27384701,"Комиссия Госсовета рассмотрит, как будут применять новые",Быстрый (новостной),3,Информационное сообщение,Память,Культурный канон,Строительство,Хранитель,Истина–Ложь,
M258,https://tass.ru/kultura/27384701,"Комиссия Госсовета рассмотрит, как будут применять новые",Быстрый (новостной),4,Краткая новость,Идентичность,Эстетическая трансгрессия,Разрушение,Наблюдатель,Открытость–Закрытость,
M258,https://tass.ru/kultura/27384701,"Комиссия Госсовета рассмотрит, как будут применять новые",Быстрый (новостной),5,Краткая новость,Образование,Традиция и новаторство,Увядание,Творец,Традиция–Новаторство,
M258,https://tass.ru/kultura/27384701,"Комиссия Госсовета рассмотрит, как будут применять новые",Быстрый (новостной),6,Заметка,Душа,Нравственный поиск,Увядание,Мудрец,Дух–Материя,
M258,https://tass.ru/kultura/27384701,"Комиссия Госсовета рассмотрит, как будут применять новые",Быстрый (новостной),7,Краткая новость,Вера,Идентичностный кризис,Корни,Проводник,Дух–Материя,
M259,https://tass.ru/nacproekt-kultura,"Проект ""Культура"" - ТАСС",Быстрый (новостной),1,Новость,Традиция,Культурная память,Фундамент,Наблюдатель,Прошлое–Будущее,
M259,https://tass.ru/nacproekt-kultura,"Проект ""Культура"" - ТАСС",Быстрый (новостной),2,Новостной релиз,Душа,Традиция и новаторство,Архитектура,Новатор,Открытость–Закрытость,
M259,https://tass.ru/nacproekt-kultura,"Проект ""Культура"" - ТАСС",Быстрый (новостной),3,Информационное сообщение,Идентичность,Нравственный поиск,Цветение,Хранитель,Истина–Ложь,
M259,https://tass.ru/nacproekt-kultura,"Проект ""Культура"" - ТАСС",Быстрый (новостной),4,Новость,Истина,Эстетическая трансгрессия,Фундамент,Мудрец,Традиция–Новаторство,
M259,https://tass.ru/nacproekt-kultura,"Проект ""Культура"" - ТАСС",Быстрый (новостной),5,Новостной релиз,Развитие,Финансовые связи,Плоды,Жертва,Индивидуальное–Коллективное,
M259,https://tass.ru/nacproekt-kultura,"Проект ""Культура"" - ТАСС",Быстрый (новостной),6,Информационное сообщение,Долг,Экономический рост,Поломка,Устроитель,Общее–Частное,
M259,https://tass.ru/nacproekt-kultura,"Проект ""Культура"" - ТАСС",Быстрый (новостной),7,Краткая новость,Память,Идентичностный кризис,Реконструкция,Проводник,Природа–Культура,
M259,https://tass.ru/nacproekt-kultura,"Проект ""Культура"" - ТАСС",Быстрый (новостной),8,Заметка,Культура,Культурный канон,Обвал,Творец,Дух–Материя,
M260,https://tass.ru/obschestvo/27231697,"Второй сезон премии ""История будущего"" начнется 20 мая - ТАСС",Быстрый (новостной),1,Новостной релиз,Память,Культурный канон,Перестройка,Проводник,Прошлое–Будущее,
M260,https://tass.ru/obschestvo/27231697,"Второй сезон премии ""История будущего"" начнется 20 мая - ТАСС",Быстрый (новостной),2,Новость,Вера,Идентичностный кризис,Периферия,Новатор,Истина–Ложь,
M260,https://tass.ru/obschestvo/27231697,"Второй сезон премии ""История будущего"" начнется 20 мая - ТАСС",Быстрый (новостной),3,Краткая новость,Родина,Нравственный поиск,Фундамент,Хранитель,Открытость–Закрытость,
M260,https://tass.ru/obschestvo/27231697,"Второй сезон премии ""История будущего"" начнется 20 мая - ТАСС",Быстрый (новостной),4,Новость,Истина,Эстетическая трансгрессия,Плоды,Творец,Традиция–Новаторство,
M260,https://tass.ru/obschestvo/27231697,"Второй сезон премии ""История будущего"" начнется 20 мая - ТАСС",Быстрый (новостной),5,Новость,Идентичность,Культурная память,Путь,Мудрец,Природа–Культура,
M260,https://tass.ru/obschestvo/27231697,"Второй сезон премии ""История будущего"" начнется 20 мая - ТАСС",Быстрый (новостной),6,Заметка,Традиция,Традиция и новаторство,Перестройка,Наблюдатель,Дух–Материя,
M260,https://tass.ru/obschestvo/27231697,"Второй сезон премии ""История будущего"" начнется 20 мая - ТАСС",Быстрый (новостной),7,Новостной релиз,Красота,Культурная гибридизация,Фундамент,Наблюдатель,Дух–Материя,
M260,https://tass.ru/obschestvo/27231697,"Второй сезон премии ""История будущего"" начнется 20 мая - ТАСС",Быстрый (новостной),8,Краткая новость,Культура,Эстетическая трансгрессия,Верх,Новатор,Открытость–Закрытость,
M260,https://tass.ru/obschestvo/27231697,"Второй сезон премии ""История будущего"" начнется 20 мая - ТАСС",Быстрый (новостной),9,Краткая новость,Душа,Традиция и новаторство,Простор,Мудрец,Дух–Материя,
M261,https://tass.ru/obschestvo/24690749,"На фестивале ""Таврида.Арт"" презентовали каталог ""Главные",Быстрый (новостной),1,Информационное сообщение,Ответственность,Инновационный прорыв,Настройка,Устроитель,Стабильность–Перемены,
M261,https://tass.ru/obschestvo/24690749,"На фестивале ""Таврида.Арт"" презентовали каталог ""Главные",Быстрый (новостной),2,Информационное сообщение,Равенство,Экономический рост,Шестерёнка,Творец,Общее–Частное,
M261,https://tass.ru/obschestvo/24690749,"На фестивале ""Таврида.Арт"" презентовали каталог ""Главные",Быстрый (новостной),3,Новостной релиз,Справедливость,Рыночная конъюнктура,Волна,Жертва,Индивидуальное–Коллективное,
M261,https://tass.ru/obschestvo/24690749,"На фестивале ""Таврида.Арт"" презентовали каталог ""Главные",Быстрый (новостной),4,Новостной релиз,Долг,Социальная солидарность,Строительство,Герой,Равенство–Иерархия,
M261,https://tass.ru/obschestvo/24690749,"На фестивале ""Таврида.Арт"" презентовали каталог ""Главные",Быстрый (новостной),5,Новостной релиз,Стабильность,Экономическая динамика,Исток,Трудолюбивый,Традиция–Новаторство,
M261,https://tass.ru/obschestvo/24690749,"На фестивале ""Таврида.Арт"" презентовали каталог ""Главные",Быстрый (новостной),6,Новость,Благосостояние,Экономическая модернизация,Ржавчина,Наблюдатель,Честь–Выгода,
M261,https://tass.ru/obschestvo/24690749,"На фестивале ""Таврида.Арт"" презентовали каталог ""Главные",Быстрый (новостной),7,Новостной релиз,Труд,Управление ресурсами,Ремонт,Новатор,Справедливость–Законность,
M262,https://tass.ru/press/27769,"Фестиваль ""Техноарт - 2025"" в Новосибирске - Пресс-центр ТАСС",Быстрый (новостной),1,Новостной релиз,Равенство,Инновационный прорыв,Механизм,Трудолюбивый,Индивидуальное–Коллективное,
M262,https://tass.ru/press/27769,"Фестиваль ""Техноарт - 2025"" в Новосибирске - Пресс-центр ТАСС",Быстрый (новостной),2,Новостной релиз,Ответственность,Экономическая динамика,Поток,Устроитель,Общее–Частное,
M262,https://tass.ru/press/27769,"Фестиваль ""Техноарт - 2025"" в Новосибирске - Пресс-центр ТАСС",Быстрый (новостной),3,Краткая новость,Справедливость,Экономический рост,Двигатель,Наблюдатель,Честь–Выгода,
M262,https://tass.ru/press/27769,"Фестиваль ""Техноарт - 2025"" в Новосибирске - Пресс-центр ТАСС",Быстрый (новостной),4,Новостной релиз,Прогресс,Экономическая модернизация,Цветение,Жертва,Традиция–Новаторство,
M262,https://tass.ru/press/27769,"Фестиваль ""Техноарт - 2025"" в Новосибирске - Пресс-центр ТАСС",Быстрый (новостной),5,Заметка,Благосостояние,Социальная дифференциация,Настройка,Новатор,Стабильность–Перемены,
M262,https://tass.ru/press/27769,"Фестиваль ""Техноарт - 2025"" в Новосибирске - Пресс-центр ТАСС",Быстрый (новостной),6,Новостной релиз,Истина,Культурная гибридизация,Перестройка,Хранитель,Дух–Материя,
M262,https://tass.ru/press/27769,"Фестиваль ""Техноарт - 2025"" в Новосибирске - Пресс-центр ТАСС",Быстрый (новостной),7,Заметка,Благополучие,Рыночная конъюнктура,Системное изменение,Творец,Справедливость–Законность,
M263,https://tass.ru/obschestvo/23265689,"Юбилейный фестиваль ""Наука 0+"" в 2025 году пройдет в  - ТАСС",Быстрый (новостной),1,Новость,Вера,Моральный выбор,Граница,Мудрец,Дух–Материя,
M263,https://tass.ru/obschestvo/23265689,"Юбилейный фестиваль ""Наука 0+"" в 2025 году пройдет в  - ТАСС",Быстрый (новостной),2,Краткая новость,Долг,Демографическая динамика,Семя,Страдалец,Равенство–Иерархия,
M263,https://tass.ru/obschestvo/23265689,"Юбилейный фестиваль ""Наука 0+"" в 2025 году пройдет в  - ТАСС",Быстрый (новостной),3,Краткая новость,Справедливость,Межпоколенческие отношения,Крепость,Свидетель,Свой–Чужой,
M263,https://tass.ru/obschestvo/23265689,"Юбилейный фестиваль ""Наука 0+"" в 2025 году пройдет в  - ТАСС",Быстрый (новостной),4,Новостной релиз,Ответственность,Культурная трансформация,Засуха,Жертва,Добро–Зло,
M263,https://tass.ru/obschestvo/23265689,"Юбилейный фестиваль ""Наука 0+"" в 2025 году пройдет в  - ТАСС",Быстрый (новостной),5,Новость,Безопасность,Социальная поляризация,Осада,Защитник,Свобода–Безопасность,
M263,https://tass.ru/obschestvo/23265689,"Юбилейный фестиваль ""Наука 0+"" в 2025 году пройдет в  - ТАСС",Быстрый (новостной),6,Новостной релиз,Солидарность,Социальная солидарность,Корни,Герой,Общее–Частное,
M263,https://tass.ru/obschestvo/23265689,"Юбилейный фестиваль ""Наука 0+"" в 2025 году пройдет в  - ТАСС",Быстрый (новостной),7,Новостной релиз,Память,Миграционная волна,Капитуляция,Бунтарь,Справедливость–Законность,
M264,https://tass.ru/nauka/23544233,"Стала известна главная тема фестиваля ""Наука 0+"" в 2025 году",Быстрый (новостной),1,Краткая новость,Семья,Социальная мобильность,Строительство,Свидетель,Свой–Чужой,
M264,https://tass.ru/nauka/23544233,"Стала известна главная тема фестиваля ""Наука 0+"" в 2025 году",Быстрый (новостной),2,Краткая новость,Долг,Миграционная волна,Капитуляция,Страдалец,Равенство–Иерархия,
M264,https://tass.ru/nauka/23544233,"Стала известна главная тема фестиваля ""Наука 0+"" в 2025 году",Быстрый (новостной),3,Информационное сообщение,Правда,Демографическая динамика,Крепость,Герой,Свобода–Безопасность,
M264,https://tass.ru/nauka/23544233,"Стала известна главная тема фестиваля ""Наука 0+"" в 2025 году",Быстрый (новостной),4,Новость,Достоинство,Межпоколенческие отношения,Реконструкция,Защитник,Справедливость–Законность,
M264,https://tass.ru/nauka/23544233,"Стала известна главная тема фестиваля ""Наука 0+"" в 2025 году",Быстрый (новостной),5,Новостной релиз,Истина,Жизненный путь,Наводнение,Проводник,Прошлое–Будущее,
M264,https://tass.ru/nauka/23544233,"Стала известна главная тема фестиваля ""Наука 0+"" в 2025 году",Быстрый (новостной),6,Краткая новость,Справедливость,Социальная солидарность,Прививка,Бунтарь,Общее–Частное,
M264,https://tass.ru/nauka/23544233,"Стала известна главная тема фестиваля ""Наука 0+"" в 2025 году",Быстрый (новостной),7,Новостной релиз,Ответственность,Социальная поляризация,Реконструкция,Жертва,Добро–Зло,
M264,https://tass.ru/nauka/23544233,"Стала известна главная тема фестиваля ""Наука 0+"" в 2025 году",Быстрый (новостной),8,Информационное сообщение,Честь,Культурная трансформация,Засуха,Жертва,Равенство–Иерархия,
M265,https://tass.ru/obschestvo/24997369,Шувалов: технологизация культуры требует обсуждения  - ТАСС,Быстрый (новостной),1,Новость,Долг,Миграционная волна,Крепость,Свидетель,Свой–Чужой,
M265,https://tass.ru/obschestvo/24997369,Шувалов: технологизация культуры требует обсуждения  - ТАСС,Быстрый (новостной),2,Новостной релиз,Справедливость,Социальная мобильность,Мобилизация,Страдалец,Свобода–Безопасность,
M265,https://tass.ru/obschestvo/24997369,Шувалов: технологизация культуры требует обсуждения  - ТАСС,Быстрый (новостной),3,Заметка,Развитие,Инновационный прорыв,Засуха,Наблюдатель,Общее–Частное,
M265,https://tass.ru/obschestvo/24997369,Шувалов: технологизация культуры требует обсуждения  - ТАСС,Быстрый (новостной),4,Заметка,Память,Социальная солидарность,Увядание,Бунтарь,Равенство–Иерархия,
M265,https://tass.ru/obschestvo/24997369,Шувалов: технологизация культуры требует обсуждения  - ТАСС,Быстрый (новостной),5,Заметка,Семья,Демографическая динамика,Война,Герой,Добро–Зло,
M265,https://tass.ru/obschestvo/24997369,Шувалов: технологизация культуры требует обсуждения  - ТАСС,Быстрый (новостной),6,Новость,Достоинство,Межпоколенческие отношения,Архитектура,Жертва,Справедливость–Законность,
M265,https://tass.ru/obschestvo/24997369,Шувалов: технологизация культуры требует обсуждения  - ТАСС,Быстрый (новостной),7,Заметка,Честь,Культурная трансформация,Оборона,Защитник,Общее–Частное,
M265,https://tass.ru/obschestvo/24997369,Шувалов: технологизация культуры требует обсуждения  - ТАСС,Быстрый (новостной),8,Краткая новость,Ответственность,Социальная поляризация,Заслон,Жертва,Равенство–Иерархия,
M266,https://tass.ru/press/28491,Биеннале театрального искусства. Уроки режиссуры - 2025 - ТАСС,Быстрый (новостной),1,Краткая новость,Прогресс,Социальная дифференциация,Засуха,Новатор,Индивидуальное–Коллективное,
M266,https://tass.ru/press/28491,Биеннале театрального искусства. Уроки режиссуры - 2025 - ТАСС,Быстрый (новостной),2,Новость,Память,Культурный канон,Центр,Наблюдатель,Прошлое–Будущее,
M266,https://tass.ru/press/28491,Биеннале театрального искусства. Уроки режиссуры - 2025 - ТАСС,Быстрый (новостной),3,Заметка,Истина,Идентичностный кризис,Фундамент,Мудрец,Традиция–Новаторство,
M266,https://tass.ru/press/28491,Биеннале театрального искусства. Уроки режиссуры - 2025 - ТАСС,Быстрый (новостной),4,Новость,Душа,Эстетическая трансгрессия,Низ,Хранитель,Истина–Ложь,
M266,https://tass.ru/press/28491,Биеннале театрального искусства. Уроки режиссуры - 2025 - ТАСС,Быстрый (новостной),5,Краткая новость,Идентичность,Нравственный поиск,Верх,Проводник,Дух–Материя,
M266,https://tass.ru/press/28491,Биеннале театрального искусства. Уроки режиссуры - 2025 - ТАСС,Быстрый (новостной),6,Новостной релиз,Традиция,Культурная гибридизация,Разрушение,Творец,Открытость–Закрытость,
M266,https://tass.ru/press/28491,Биеннале театрального искусства. Уроки режиссуры - 2025 - ТАСС,Быстрый (новостной),7,Новостной релиз,Родина,Традиция и новаторство,Семя,Наблюдатель,Природа–Культура,
M267,https://www.business-gazeta.ru/article/691317,"«Если из экономики вычесть бюджетные отрасли и ВПК, то 2026",Средний (аналитический),1,Расследование,Достоинство,Социальная мобильность,Перестройка,Герой,Свой–Чужой,
M267,https://www.business-gazeta.ru/article/691317,"«Если из экономики вычесть бюджетные отрасли и ВПК, то 2026",Средний (аналитический),2,Комментарий эксперта,Благосостояние,Управление ресурсами,Наводнение,Трудолюбивый,Традиция–Новаторство,
M267,https://www.business-gazeta.ru/article/691317,"«Если из экономики вычесть бюджетные отрасли и ВПК, то 2026",Средний (аналитический),3,Интервью-аналитика,Стабильность,Экономический рост,Прививка,Устроитель,Общее–Частное,
M267,https://www.business-gazeta.ru/article/691317,"«Если из экономики вычесть бюджетные отрасли и ВПК, то 2026",Средний (аналитический),4,Аналитическая статья,Развитие,Экономическая модернизация,Ремонт,Творец,Честь–Выгода,
M267,https://www.business-gazeta.ru/article/691317,"«Если из экономики вычесть бюджетные отрасли и ВПК, то 2026",Средний (аналитический),5,Аналитическая статья,Труд,Экономическая динамика,Рост,Новатор,Стабильность–Перемены,
M267,https://www.business-gazeta.ru/article/691317,"«Если из экономики вычесть бюджетные отрасли и ВПК, то 2026",Средний (аналитический),6,Аналитическая статья,Благополучие,Инновационный прорыв,Течение,Жертва,Индивидуальное–Коллективное,
M267,https://www.business-gazeta.ru/article/691317,"«Если из экономики вычесть бюджетные отрасли и ВПК, то 2026",Средний (аналитический),7,Комментарий эксперта,Справедливость,Финансовые связи,Течение,Наблюдатель,Справедливость–Законность,
M267,https://www.business-gazeta.ru/article/691317,"«Если из экономики вычесть бюджетные отрасли и ВПК, то 2026",Средний (аналитический),8,Расследование,Долг,Социальная дифференциация,Прививка,Наблюдатель,Традиция–Новаторство,
M268,https://www.vedomosti.ru/economics/news/2025/12/30/1167400-siluanov-sprognoziroval-perehod,Силуанов: экономика России перейдет к устойчивому росту в,Средний (аналитический),1,Расследование,Долг,Финансовые связи,Устье,Трудолюбивый,Индивидуальное–Коллективное,
M268,https://www.vedomosti.ru/economics/news/2025/12/30/1167400-siluanov-sprognoziroval-perehod,Силуанов: экономика России перейдет к устойчивому росту в,Средний (аналитический),2,Колонка эксперта,Равенство,Управление ресурсами,Наводнение,Жертва,Честь–Выгода,
M268,https://www.vedomosti.ru/economics/news/2025/12/30/1167400-siluanov-sprognoziroval-perehod,Силуанов: экономика России перейдет к устойчивому росту в,Средний (аналитический),3,Аналитическая статья,Ответственность,Экономический рост,Семя,Устроитель,Общее–Частное,
M268,https://www.vedomosti.ru/economics/news/2025/12/30/1167400-siluanov-sprognoziroval-perehod,Силуанов: экономика России перейдет к устойчивому росту в,Средний (аналитический),4,Аналитическая статья,Стабильность,Рыночная конъюнктура,Цветение,Новатор,Стабильность–Перемены,
M268,https://www.vedomosti.ru/economics/news/2025/12/30/1167400-siluanov-sprognoziroval-perehod,Силуанов: экономика России перейдет к устойчивому росту в,Средний (аналитический),5,Интервью-аналитика,Прогресс,Социальная дифференциация,Системное изменение,Наблюдатель,Справедливость–Законность,
M268,https://www.vedomosti.ru/economics/news/2025/12/30/1167400-siluanov-sprognoziroval-perehod,Силуанов: экономика России перейдет к устойчивому росту в,Средний (аналитический),6,Колонка эксперта,Развитие,Экономическая динамика,Семя,Творец,Традиция–Новаторство,
M268,https://www.vedomosti.ru/economics/news/2025/12/30/1167400-siluanov-sprognoziroval-perehod,Силуанов: экономика России перейдет к устойчивому росту в,Средний (аналитический),7,Расследование,Справедливость,Экономическая модернизация,Ремонт,Творец,Честь–Выгода,
M268,https://www.vedomosti.ru/economics/news/2025/12/30/1167400-siluanov-sprognoziroval-perehod,Силуанов: экономика России перейдет к устойчивому росту в,Средний (аналитический),8,Колонка эксперта,Благосостояние,Инновационный прорыв,Цветение,Устроитель,Общее–Частное,
M269,https://www.ng.ru/week/2026-01-11/7_9412_week2.html,2026 год начинается с высокой неопределенности для,Средний (аналитический),1,Аналитическая статья,Справедливость,Экономическая модернизация,Прививка,Новатор,Традиция–Новаторство,
M269,https://www.ng.ru/week/2026-01-11/7_9412_week2.html,2026 год начинается с высокой неопределенности для,Средний (аналитический),2,Аналитическая статья,Ответственность,Экономическая динамика,Шестерёнка,Устроитель,Честь–Выгода,
M269,https://www.ng.ru/week/2026-01-11/7_9412_week2.html,2026 год начинается с высокой неопределенности для,Средний (аналитический),3,Интервью-аналитика,Труд,Финансовые связи,Двигатель,Творец,Индивидуальное–Коллективное,
M269,https://www.ng.ru/week/2026-01-11/7_9412_week2.html,2026 год начинается с высокой неопределенности для,Средний (аналитический),4,Интервью-аналитика,Прогресс,Управление ресурсами,Прививка,Трудолюбивый,Справедливость–Законность,
M269,https://www.ng.ru/week/2026-01-11/7_9412_week2.html,2026 год начинается с высокой неопределенности для,Средний (аналитический),5,Комментарий эксперта,Благополучие,Инновационный прорыв,Корни,Наблюдатель,Общее–Частное,
M269,https://www.ng.ru/week/2026-01-11/7_9412_week2.html,2026 год начинается с высокой неопределенности для,Средний (аналитический),6,Аналитический обзор,Равенство,Рыночная конъюнктура,Поломка,Жертва,Стабильность–Перемены,
M269,https://www.ng.ru/week/2026-01-11/7_9412_week2.html,2026 год начинается с высокой неопределенности для,Средний (аналитический),7,Аналитическая статья,Стабильность,Социальная дифференциация,Волна,Наблюдатель,Индивидуальное–Коллективное,
M270,https://www.rbc.ru/rbcfreenews/6981aba79a79472c936fd9c1,Задорнов: российская экономика в 2026 году при сохранении,Средний (аналитический),1,Аналитический обзор,Благосостояние,Финансовые связи,Поток,Трудолюбивый,Стабильность–Перемены,
M270,https://www.rbc.ru/rbcfreenews/6981aba79a79472c936fd9c1,Задорнов: российская экономика в 2026 году при сохранении,Средний (аналитический),2,Аналитический обзор,Долг,Социальная дифференциация,Засуха,Жертва,Справедливость–Законность,
M270,https://www.rbc.ru/rbcfreenews/6981aba79a79472c936fd9c1,Задорнов: российская экономика в 2026 году при сохранении,Средний (аналитический),3,Комментарий эксперта,Вера,Духовное прозрение,Исток,Проводник,Дух–Материя,
M270,https://www.rbc.ru/rbcfreenews/6981aba79a79472c936fd9c1,Задорнов: российская экономика в 2026 году при сохранении,Средний (аналитический),4,Аналитический обзор,Благополучие,Инновационный прорыв,Механизм,Творец,Индивидуальное–Коллективное,
M270,https://www.rbc.ru/rbcfreenews/6981aba79a79472c936fd9c1,Задорнов: российская экономика в 2026 году при сохранении,Средний (аналитический),5,Комментарий эксперта,Прогресс,Экономическая динамика,Двигатель,Устроитель,Общее–Частное,
M270,https://www.rbc.ru/rbcfreenews/6981aba79a79472c936fd9c1,Задорнов: российская экономика в 2026 году при сохранении,Средний (аналитический),6,Аналитический обзор,Ответственность,Рыночная конъюнктура,Настройка,Новатор,Традиция–Новаторство,
M270,https://www.rbc.ru/rbcfreenews/6981aba79a79472c936fd9c1,Задорнов: российская экономика в 2026 году при сохранении,Средний (аналитический),7,Комментарий эксперта,Стабильность,Экономическая модернизация,Засуха,Наблюдатель,Честь–Выгода,
M271,https://www.kommersant.ru,Новости России и мира сегодня — последние новости на,Средний (аналитический),1,Комментарий эксперта,Солидарность,Социальная поляризация,Заслон,Свидетель,Справедливость–Законность,
M271,https://www.kommersant.ru,Новости России и мира сегодня — последние новости на,Средний (аналитический),2,Интервью-аналитика,Безопасность,Миграционная волна,Увядание,Защитник,Равенство–Иерархия,
M271,https://www.kommersant.ru,Новости России и мира сегодня — последние новости на,Средний (аналитический),3,Колонка эксперта,Семья,Межпоколенческие отношения,Разрушение,Бунтарь,Общее–Частное,
M271,https://www.kommersant.ru,Новости России и мира сегодня — последние новости на,Средний (аналитический),4,Колонка эксперта,Любовь,Человеческое достоинство,Семя,Наблюдатель,Вера–Знание,
M271,https://www.kommersant.ru,Новости России и мира сегодня — последние новости на,Средний (аналитический),5,Колонка эксперта,Достоинство,Столкновение с вечностью,Запруда,Проводник,Дух–Материя,
M271,https://www.kommersant.ru,Новости России и мира сегодня — последние новости на,Средний (аналитический),6,Колонка эксперта,Правда,Социальная мобильность,Крепость,Страдалец,Свой–Чужой,
M271,https://www.kommersant.ru,Новости России и мира сегодня — последние новости на,Средний (аналитический),7,Аналитический обзор,Честь,Социальная солидарность,Фронт,Герой,Добро–Зло,
M272,https://www.kommersant.ru/doc/8316573,Российская экономика в 2025 году: от формального роста к,Средний (аналитический),1,Расследование,Равенство,Рыночная конъюнктура,Двигатель,Наблюдатель,Честь–Выгода,
M272,https://www.kommersant.ru/doc/8316573,Российская экономика в 2025 году: от формального роста к,Средний (аналитический),2,Расследование,Развитие,Управление ресурсами,Устье,Жертва,Традиция–Новаторство,
M272,https://www.kommersant.ru/doc/8316573,Российская экономика в 2025 году: от формального роста к,Средний (аналитический),3,Аналитический обзор,Справедливость,Инновационный прорыв,Исток,Устроитель,Общее–Частное,
M272,https://www.kommersant.ru/doc/8316573,Российская экономика в 2025 году: от формального роста к,Средний (аналитический),4,Комментарий эксперта,Стабильность,Экономическая модернизация,Наводнение,Новатор,Стабильность–Перемены,
M272,https://www.kommersant.ru/doc/8316573,Российская экономика в 2025 году: от формального роста к,Средний (аналитический),5,Интервью-аналитика,Труд,Экономическая динамика,Рост,Творец,Индивидуальное–Коллективное,
M272,https://www.kommersant.ru/doc/8316573,Российская экономика в 2025 году: от формального роста к,Средний (аналитический),6,Комментарий эксперта,Прогресс,Экономический рост,Ремонт,Трудолюбивый,Справедливость–Законность,
M272,https://www.kommersant.ru/doc/8316573,Российская экономика в 2025 году: от формального роста к,Средний (аналитический),7,Аналитический обзор,Благосостояние,Финансовые связи,Увядание,Наблюдатель,Общее–Частное,
M272,https://www.kommersant.ru/doc/8316573,Российская экономика в 2025 году: от формального роста к,Средний (аналитический),8,Аналитический обзор,Благополучие,Социальная дифференциация,Запруда,Трудолюбивый,Справедливость–Законность,
M272,https://www.kommersant.ru/doc/8316573,Российская экономика в 2025 году: от формального роста к,Средний (аналитический),9,Интервью-аналитика,Долг,Экономическая модернизация,Волна,Наблюдатель,Индивидуальное–Коллективное,
M273,https://www.kommersant.ru/doc/8553264,Экономика всматривается в происходящее - Kommersant,Средний (аналитический),1,Колонка эксперта,Равенство,Рыночная конъюнктура,Настройка,Жертва,Честь–Выгода,
M273,https://www.kommersant.ru/doc/8553264,Экономика всматривается в происходящее - Kommersant,Средний (аналитический),2,Аналитическая статья,Прогресс,Социальная дифференциация,Поток,Наблюдатель,Справедливость–Законность,
M273,https://www.kommersant.ru/doc/8553264,Экономика всматривается в происходящее - Kommersant,Средний (аналитический),3,Аналитическая статья,Справедливость,Управление ресурсами,Течение,Устроитель,Традиция–Новаторство,
M273,https://www.kommersant.ru/doc/8553264,Экономика всматривается в происходящее - Kommersant,Средний (аналитический),4,Расследование,Долг,Инновационный прорыв,Корни,Творец,Стабильность–Перемены,
M273,https://www.kommersant.ru/doc/8553264,Экономика всматривается в происходящее - Kommersant,Средний (аналитический),5,Интервью-аналитика,Благополучие,Финансовые связи,Корни,Трудолюбивый,Общее–Частное,
M273,https://www.kommersant.ru/doc/8553264,Экономика всматривается в происходящее - Kommersant,Средний (аналитический),6,Аналитический обзор,Труд,Экономический рост,Исток,Новатор,Индивидуальное–Коллективное,
M273,https://www.kommersant.ru/doc/8553264,Экономика всматривается в происходящее - Kommersant,Средний (аналитический),7,Комментарий эксперта,Ответственность,Экономическая модернизация,Запруда,Наблюдатель,Стабильность–Перемены,
M273,https://www.kommersant.ru/doc/8553264,Экономика всматривается в происходящее - Kommersant,Средний (аналитический),8,Колонка эксперта,Порядок,Институциональная трансформация,Капитуляция,Манипулятор,Свобода–Безопасность,
M274,https://www.kommersant.ru/doc/8317190,Мировая экономика в 2026 году: прогнозы на фоне торговой,Средний (аналитический),1,Интервью-аналитика,Равенство,Управление ресурсами,Засуха,Жертва,Традиция–Новаторство,
M274,https://www.kommersant.ru/doc/8317190,Мировая экономика в 2026 году: прогнозы на фоне торговой,Средний (аналитический),2,Аналитическая статья,Стабильность,Рыночная конъюнктура,Прививка,Трудолюбивый,Общее–Частное,
M274,https://www.kommersant.ru/doc/8317190,Мировая экономика в 2026 году: прогнозы на фоне торговой,Средний (аналитический),3,Комментарий эксперта,Прогресс,Экономическая модернизация,Плоды,Творец,Справедливость–Законность,
M274,https://www.kommersant.ru/doc/8317190,Мировая экономика в 2026 году: прогнозы на фоне торговой,Средний (аналитический),4,Комментарий эксперта,Справедливость,Финансовые связи,Рост,Устроитель,Индивидуальное–Коллективное,
M274,https://www.kommersant.ru/doc/8317190,Мировая экономика в 2026 году: прогнозы на фоне торговой,Средний (аналитический),5,Аналитический обзор,Ответственность,Суверенитет,Мобилизация,Враг,Единство–Разделение,
M274,https://www.kommersant.ru/doc/8317190,Мировая экономика в 2026 году: прогнозы на фоне торговой,Средний (аналитический),6,Комментарий эксперта,Долг,Инновационный прорыв,Устье,Новатор,Честь–Выгода,
M274,https://www.kommersant.ru/doc/8317190,Мировая экономика в 2026 году: прогнозы на фоне торговой,Средний (аналитический),7,Расследование,Труд,Экономический рост,Механизм,Наблюдатель,Стабильность–Перемены,
M274,https://www.kommersant.ru/doc/8317190,Мировая экономика в 2026 году: прогнозы на фоне торговой,Средний (аналитический),8,Колонка эксперта,Развитие,Экономическая динамика,Рост,Творец,Честь–Выгода,
M274,https://www.kommersant.ru/doc/8317190,Мировая экономика в 2026 году: прогнозы на фоне торговой,Средний (аналитический),9,Расследование,Благосостояние,Социальная дифференциация,Ремонт,Трудолюбивый,Честь–Выгода,
M275,https://www.kommersant.ru/doc/8210052,Экономика России сбавляет ход - Kommersant,Средний (аналитический),1,Расследование,Благополучие,Управление ресурсами,Корни,Новатор,Общее–Частное,
M275,https://www.kommersant.ru/doc/8210052,Экономика России сбавляет ход - Kommersant,Средний (аналитический),2,Интервью-аналитика,Ответственность,Социальная дифференциация,Механизм,Жертва,Индивидуальное–Коллективное,
M275,https://www.kommersant.ru/doc/8210052,Экономика России сбавляет ход - Kommersant,Средний (аналитический),3,Интервью-аналитика,Справедливость,Экономическая модернизация,Механизм,Наблюдатель,Честь–Выгода,
M275,https://www.kommersant.ru/doc/8210052,Экономика России сбавляет ход - Kommersant,Средний (аналитический),4,Аналитический обзор,Развитие,Инновационный прорыв,Рост,Трудолюбивый,Традиция–Новаторство,
M275,https://www.kommersant.ru/doc/8210052,Экономика России сбавляет ход - Kommersant,Средний (аналитический),5,Аналитическая статья,Мужество,Потеря смыслов,Плоды,Проводник,Свобода–Безопасность,
M275,https://www.kommersant.ru/doc/8210052,Экономика России сбавляет ход - Kommersant,Средний (аналитический),6,Аналитическая статья,Долг,Экономический рост,Запруда,Устроитель,Справедливость–Законность,
M275,https://www.kommersant.ru/doc/8210052,Экономика России сбавляет ход - Kommersant,Средний (аналитический),7,Интервью-аналитика,Стабильность,Финансовые связи,Прививка,Творец,Стабильность–Перемены,
M276,https://www.kommersant.ru/doc/8399693,Путин назвал рукотворным замедление роста ВВП в 2025 году,Средний (аналитический),1,Расследование,Прогресс,Финансовые связи,Плоды,Устроитель,Общее–Частное,
M276,https://www.kommersant.ru/doc/8399693,Путин назвал рукотворным замедление роста ВВП в 2025 году,Средний (аналитический),2,Колонка эксперта,Развитие,Экономический рост,Шестерёнка,Новатор,Честь–Выгода,
M276,https://www.kommersant.ru/doc/8399693,Путин назвал рукотворным замедление роста ВВП в 2025 году,Средний (аналитический),3,Комментарий эксперта,Справедливость,Социальная солидарность,Осада,Страдалец,Справедливость–Законность,
M276,https://www.kommersant.ru/doc/8399693,Путин назвал рукотворным замедление роста ВВП в 2025 году,Средний (аналитический),4,Расследование,Долг,Инновационный прорыв,Поломка,Творец,Традиция–Новаторство,
M276,https://www.kommersant.ru/doc/8399693,Путин назвал рукотворным замедление роста ВВП в 2025 году,Средний (аналитический),5,Колонка эксперта,Равенство,Управление ресурсами,Запруда,Трудолюбивый,Стабильность–Перемены,
M276,https://www.kommersant.ru/doc/8399693,Путин назвал рукотворным замедление роста ВВП в 2025 году,Средний (аналитический),6,Аналитическая статья,Стабильность,Экономическая динамика,Устье,Жертва,Индивидуальное–Коллективное,
M276,https://www.kommersant.ru/doc/8399693,Путин назвал рукотворным замедление роста ВВП в 2025 году,Средний (аналитический),7,Аналитический обзор,Благополучие,Социальная дифференциация,Прививка,Наблюдатель,Общее–Частное,
M276,https://www.kommersant.ru/doc/8399693,Путин назвал рукотворным замедление роста ВВП в 2025 году,Средний (аналитический),8,Аналитическая статья,Благосостояние,Рыночная конъюнктура,Семя,Новатор,Индивидуальное–Коллективное,
M276,https://www.kommersant.ru/doc/8399693,Путин назвал рукотворным замедление роста ВВП в 2025 году,Средний (аналитический),9,Комментарий эксперта,Труд,Экономическая модернизация,Ржавчина,Наблюдатель,Честь–Выгода,
M277,https://www.kommersant.ru/doc/8293594,Прогноз роста ВВП в 2025 году: анализ стагнации и стабилизации,Средний (аналитический),1,Комментарий эксперта,Образование,Культурный канон,Семя,Новатор,Природа–Культура,
M277,https://www.kommersant.ru/doc/8293594,Прогноз роста ВВП в 2025 году: анализ стагнации и стабилизации,Средний (аналитический),2,Расследование,Ответственность,Экономическая динамика,Волна,Наблюдатель,Честь–Выгода,
M277,https://www.kommersant.ru/doc/8293594,Прогноз роста ВВП в 2025 году: анализ стагнации и стабилизации,Средний (аналитический),3,Аналитическая статья,Красота,Нравственный поиск,Перестройка,Творец,Открытость–Закрытость,
M277,https://www.kommersant.ru/doc/8293594,Прогноз роста ВВП в 2025 году: анализ стагнации и стабилизации,Средний (аналитический),4,Расследование,Труд,Финансовые связи,Прививка,Устроитель,Традиция–Новаторство,
M277,https://www.kommersant.ru/doc/8293594,Прогноз роста ВВП в 2025 году: анализ стагнации и стабилизации,Средний (аналитический),5,Аналитический обзор,Долг,Экономический рост,Цветение,Жертва,Общее–Частное,
M277,https://www.kommersant.ru/doc/8293594,Прогноз роста ВВП в 2025 году: анализ стагнации и стабилизации,Средний (аналитический),6,Расследование,Стабильность,Рыночная конъюнктура,Волна,Трудолюбивый,Индивидуальное–Коллективное,
M277,https://www.kommersant.ru/doc/8293594,Прогноз роста ВВП в 2025 году: анализ стагнации и стабилизации,Средний (аналитический),7,Расследование,Память,Эстетическая трансгрессия,Путь,Проводник,Дух–Материя,
M277,https://www.kommersant.ru/doc/8293594,Прогноз роста ВВП в 2025 году: анализ стагнации и стабилизации,Средний (аналитический),8,Колонка эксперта,Справедливость,Управление ресурсами,Корни,Жертва,Стабильность–Перемены,
M277,https://www.kommersant.ru/doc/8293594,Прогноз роста ВВП в 2025 году: анализ стагнации и стабилизации,Средний (аналитический),9,Расследование,Развитие,Экономическая модернизация,Волна,Творец,Справедливость–Законность,
M278,https://www.kommersant.ru/doc/8315406,"Итоги года, экономика России в 2025-м: рост на грани стагнации",Средний (аналитический),1,Расследование,Память,Культурная трансформация,Корни,Защитник,Справедливость–Законность,
M278,https://www.kommersant.ru/doc/8315406,"Итоги года, экономика России в 2025-м: рост на грани стагнации",Средний (аналитический),2,Интервью-аналитика,Благополучие,Социальная дифференциация,Волна,Жертва,Стабильность–Перемены,
M278,https://www.kommersant.ru/doc/8315406,"Итоги года, экономика России в 2025-м: рост на грани стагнации",Средний (аналитический),3,Расследование,Благосостояние,Финансовые связи,Исток,Трудолюбивый,Традиция–Новаторство,
M278,https://www.kommersant.ru/doc/8315406,"Итоги года, экономика России в 2025-м: рост на грани стагнации",Средний (аналитический),4,Колонка эксперта,Труд,Экономическая динамика,Волна,Наблюдатель,Индивидуальное–Коллективное,
M278,https://www.kommersant.ru/doc/8315406,"Итоги года, экономика России в 2025-м: рост на грани стагнации",Средний (аналитический),5,Расследование,Стабильность,Управление ресурсами,Засуха,Новатор,Честь–Выгода,
M278,https://www.kommersant.ru/doc/8315406,"Итоги года, экономика России в 2025-м: рост на грани стагнации",Средний (аналитический),6,Колонка эксперта,Правда,Миграционная волна,Крепость,Бунтарь,Добро–Зло,
M278,https://www.kommersant.ru/doc/8315406,"Итоги года, экономика России в 2025-м: рост на грани стагнации",Средний (аналитический),7,Комментарий эксперта,Солидарность,Межпоколенческие отношения,Корни,Герой,Свобода–Безопасность,
M278,https://www.kommersant.ru/doc/8315406,"Итоги года, экономика России в 2025-м: рост на грани стагнации",Средний (аналитический),8,Аналитическая статья,Ответственность,Экономический рост,Исток,Устроитель,Общее–Частное,
M278,https://www.kommersant.ru/doc/8315406,"Итоги года, экономика России в 2025-м: рост на грани стагнации",Средний (аналитический),9,Колонка эксперта,Прогресс,Рыночная конъюнктура,Запруда,Творец,Традиция–Новаторство,
M279,https://www.kommersant.ru/doc/8420917,Декабрь год бережет – Коммерсантъ - Kommersant,Средний (аналитический),1,Колонка эксперта,Благосостояние,Экономическая динамика,Настройка,Жертва,Честь–Выгода,
M279,https://www.kommersant.ru/doc/8420917,Декабрь год бережет – Коммерсантъ - Kommersant,Средний (аналитический),2,Колонка эксперта,Труд,Экономическая модернизация,Поломка,Устроитель,Традиция–Новаторство,
M279,https://www.kommersant.ru/doc/8420917,Декабрь год бережет – Коммерсантъ - Kommersant,Средний (аналитический),3,Интервью-аналитика,Идентичность,Культурная гибридизация,Плоды,Мудрец,Природа–Культура,
M279,https://www.kommersant.ru/doc/8420917,Декабрь год бережет – Коммерсантъ - Kommersant,Средний (аналитический),4,Колонка эксперта,Справедливость,Инновационный прорыв,Рост,Наблюдатель,Стабильность–Перемены,
M279,https://www.kommersant.ru/doc/8420917,Декабрь год бережет – Коммерсантъ - Kommersant,Средний (аналитический),5,Аналитическая статья,Развитие,Социальная дифференциация,Засуха,Новатор,Справедливость–Законность,
M279,https://www.kommersant.ru/doc/8420917,Декабрь год бережет – Коммерсантъ - Kommersant,Средний (аналитический),6,Аналитический обзор,Культура,Идентичностный кризис,Центр,Проводник,Открытость–Закрытость,
M279,https://www.kommersant.ru/doc/8420917,Декабрь год бережет – Коммерсантъ - Kommersant,Средний (аналитический),7,Аналитическая статья,Стабильность,Экономический рост,Поток,Трудолюбивый,Индивидуальное–Коллективное,
M280,https://www.kommersant.ru/doc/8339146,Замедление экономики России: ВВП приближается к стагнации в,Средний (аналитический),1,Аналитический обзор,Смысл,Потеря смыслов,Цветение,Страдалец,Дух–Материя,
M280,https://www.kommersant.ru/doc/8339146,Замедление экономики России: ВВП приближается к стагнации в,Средний (аналитический),2,Аналитическая статья,Прогресс,Рыночная конъюнктура,Рост,Устроитель,Стабильность–Перемены,
M280,https://www.kommersant.ru/doc/8339146,Замедление экономики России: ВВП приближается к стагнации в,Средний (аналитический),3,Аналитический обзор,Долг,Социальная дифференциация,Наводнение,Жертва,Общее–Частное,
M280,https://www.kommersant.ru/doc/8339146,Замедление экономики России: ВВП приближается к стагнации в,Средний (аналитический),4,Аналитическая статья,Развитие,Финансовые связи,Поток,Трудолюбивый,Индивидуальное–Коллективное,
M280,https://www.kommersant.ru/doc/8339146,Замедление экономики России: ВВП приближается к стагнации в,Средний (аналитический),5,Колонка эксперта,Труд,Экономическая динамика,Рост,Наблюдатель,Честь–Выгода,
M280,https://www.kommersant.ru/doc/8339146,Замедление экономики России: ВВП приближается к стагнации в,Средний (аналитический),6,Аналитический обзор,Мужество,Жизненный путь,Цветение,Мудрец,Истина–Ложь,
M280,https://www.kommersant.ru/doc/8339146,Замедление экономики России: ВВП приближается к стагнации в,Средний (аналитический),7,Расследование,Стабильность,Управление ресурсами,Поломка,Новатор,Традиция–Новаторство,
M281,https://www.kommersant.ru/theme/2764,Культура. Интервью: последние новости - Коммерсантъ,Средний (аналитический),1,Расследование,Традиция,Идентичностный кризис,Плоды,Проводник,Традиция–Новаторство,
M281,https://www.kommersant.ru/theme/2764,Культура. Интервью: последние новости - Коммерсантъ,Средний (аналитический),2,Колонка эксперта,Вера,Нравственный поиск,Засуха,Новатор,Истина–Ложь,
M281,https://www.kommersant.ru/theme/2764,Культура. Интервью: последние новости - Коммерсантъ,Средний (аналитический),3,Аналитический обзор,Красота,Культурный канон,Реконструкция,Хранитель,Дух–Материя,
M281,https://www.kommersant.ru/theme/2764,Культура. Интервью: последние новости - Коммерсантъ,Средний (аналитический),4,Аналитический обзор,Образование,Культурная гибридизация,Плоды,Творец,Прошлое–Будущее,
M281,https://www.kommersant.ru/theme/2764,Культура. Интервью: последние новости - Коммерсантъ,Средний (аналитический),5,Аналитическая статья,Долг,Социальная мобильность,Корни,Страдалец,Общее–Частное,
M281,https://www.kommersant.ru/theme/2764,Культура. Интервью: последние новости - Коммерсантъ,Средний (аналитический),6,Колонка эксперта,Идентичность,Эстетическая трансгрессия,Крепость,Наблюдатель,Открытость–Закрытость,
M281,https://www.kommersant.ru/theme/2764,Культура. Интервью: последние новости - Коммерсантъ,Средний (аналитический),7,Комментарий эксперта,Родина,Культурная память,Центр,Мудрец,Природа–Культура,
M281,https://www.kommersant.ru/theme/2764,Культура. Интервью: последние новости - Коммерсантъ,Средний (аналитический),8,Аналитический обзор,Истина,Традиция и новаторство,Засуха,Хранитель,Прошлое–Будущее,
M282,https://www.kommersant.ru/theme/2316,КУЛЬТУРА: последние новости - Коммерсантъ - Kommersant,Средний (аналитический),1,Расследование,Равенство,Государственный контроль,Трагедия,Лидер,Свой–Чужой,
M282,https://www.kommersant.ru/theme/2316,КУЛЬТУРА: последние новости - Коммерсантъ - Kommersant,Средний (аналитический),2,Аналитический обзор,Долг,Политическая трансформация,Капитуляция,Манипулятор,Единство–Разделение,
M282,https://www.kommersant.ru/theme/2316,КУЛЬТУРА: последние новости - Коммерсантъ - Kommersant,Средний (аналитический),3,Колонка эксперта,Справедливость,Институциональная трансформация,Строительство,Страж,Порядок–Хаос,
M282,https://www.kommersant.ru/theme/2316,КУЛЬТУРА: последние новости - Коммерсантъ - Kommersant,Средний (аналитический),4,Колонка эксперта,Сила,Переговорный процесс,Перестройка,Враг,Равенство–Иерархия,
M282,https://www.kommersant.ru/theme/2316,КУЛЬТУРА: последние новости - Коммерсантъ - Kommersant,Средний (аналитический),5,Комментарий эксперта,Свобода,Внешняя угроза,Мобилизация,Защитник,Сила–Слабость,
M282,https://www.kommersant.ru/theme/2316,КУЛЬТУРА: последние новости - Коммерсантъ - Kommersant,Средний (аналитический),6,Интервью-аналитика,Ответственность,Политическая трансформация,Реконструкция,Оппонент,Свобода–Безопасность,
M282,https://www.kommersant.ru/theme/2316,КУЛЬТУРА: последние новости - Коммерсантъ - Kommersant,Средний (аналитический),7,Расследование,Суверенитет,Конфликт интересов,Крепость,Защитник,Равенство–Иерархия,
M282,https://www.kommersant.ru/theme/2316,КУЛЬТУРА: последние новости - Коммерсантъ - Kommersant,Средний (аналитический),8,Интервью-аналитика,Власть,Суверенитет,Маска,Страж,Свой–Чужой,
M283,https://www.kommersant.ru/theme/2810,Общество. Интервью: последние новости - Коммерсантъ,Средний (аналитический),1,Расследование,Справедливость,Социальная поляризация,Плоды,Свидетель,Свобода–Безопасность,
M283,https://www.kommersant.ru/theme/2810,Общество. Интервью: последние новости - Коммерсантъ,Средний (аналитический),2,Комментарий эксперта,Судьба,Человеческое достоинство,Наводнение,Герой,Истина–Ложь,
M283,https://www.kommersant.ru/theme/2810,Общество. Интервью: последние новости - Коммерсантъ,Средний (аналитический),3,Комментарий эксперта,Солидарность,Социальная солидарность,Капитуляция,Страдалец,Общее–Частное,
M283,https://www.kommersant.ru/theme/2810,Общество. Интервью: последние новости - Коммерсантъ,Средний (аналитический),4,Аналитический обзор,Семья,Миграционная волна,Семя,Жертва,Справедливость–Законность,
M283,https://www.kommersant.ru/theme/2810,Общество. Интервью: последние новости - Коммерсантъ,Средний (аналитический),5,Колонка эксперта,Долг,Межпоколенческие отношения,Обвал,Защитник,Добро–Зло,
M283,https://www.kommersant.ru/theme/2810,Общество. Интервью: последние новости - Коммерсантъ,Средний (аналитический),6,Комментарий эксперта,Смысл,Обретение идентичности,Исток,Творец,Жизнь–Смерть,
M283,https://www.kommersant.ru/theme/2810,Общество. Интервью: последние новости - Коммерсантъ,Средний (аналитический),7,Интервью-аналитика,Честь,Культурная трансформация,Разрушение,Бунтарь,Свой–Чужой,
M283,https://www.kommersant.ru/theme/2810,Общество. Интервью: последние новости - Коммерсантъ,Средний (аналитический),8,Интервью-аналитика,Ответственность,Демографическая динамика,Цветение,Бунтарь,Равенство–Иерархия,
M283,https://www.kommersant.ru/theme/2810,Общество. Интервью: последние новости - Коммерсантъ,Средний (аналитический),9,Аналитическая статья,Безопасность,Социальная мобильность,Крепость,Бунтарь,Общее–Частное,
M284,https://www.kommersant.ru/theme/171,Культурная политика: последние новости - Коммерсантъ,Средний (аналитический),1,Интервью-аналитика,Суверенитет,Внешняя угроза,Разрушение,Манипулятор,Равенство–Иерархия,
M284,https://www.kommersant.ru/theme/171,Культурная политика: последние новости - Коммерсантъ,Средний (аналитический),2,Интервью-аналитика,Свобода,Государственный контроль,Оборона,Страж,Единство–Разделение,
M284,https://www.kommersant.ru/theme/171,Культурная политика: последние новости - Коммерсантъ,Средний (аналитический),3,Интервью-аналитика,Закон,Суверенитет,Архитектура,Оппонент,Свобода–Безопасность,
M284,https://www.kommersant.ru/theme/171,Культурная политика: последние новости - Коммерсантъ,Средний (аналитический),4,Аналитическая статья,Равенство,Институциональная трансформация,Обвал,Лидер,Сила–Слабость,
M284,https://www.kommersant.ru/theme/171,Культурная политика: последние новости - Коммерсантъ,Средний (аналитический),5,Расследование,Власть,Борьба за власть,Архитектура,Защитник,Свой–Чужой,
M284,https://www.kommersant.ru/theme/171,Культурная политика: последние новости - Коммерсантъ,Средний (аналитический),6,Колонка эксперта,Справедливость,Политическая трансформация,Маска,Враг,Порядок–Хаос,
M284,https://www.kommersant.ru/theme/171,Культурная политика: последние новости - Коммерсантъ,Средний (аналитический),7,Колонка эксперта,Труд,Экономическая модернизация,Прививка,Наблюдатель,Индивидуальное–Коллективное,
M285,https://www.kommersant.ru/rubric/8,Последние новости культуры на сегодня - Коммерсантъ,Средний (аналитический),1,Аналитический обзор,Стабильность,Финансовые связи,Ремонт,Трудолюбивый,Стабильность–Перемены,
M285,https://www.kommersant.ru/rubric/8,Последние новости культуры на сегодня - Коммерсантъ,Средний (аналитический),2,Расследование,Долг,Управление ресурсами,Механизм,Жертва,Индивидуальное–Коллективное,
M285,https://www.kommersant.ru/rubric/8,Последние новости культуры на сегодня - Коммерсантъ,Средний (аналитический),3,Интервью-аналитика,Благополучие,Рыночная конъюнктура,Волна,Устроитель,Традиция–Новаторство,
M285,https://www.kommersant.ru/rubric/8,Последние новости культуры на сегодня - Коммерсантъ,Средний (аналитический),4,Аналитический обзор,Прогресс,Инновационный прорыв,Шестерёнка,Наблюдатель,Справедливость–Законность,
M285,https://www.kommersant.ru/rubric/8,Последние новости культуры на сегодня - Коммерсантъ,Средний (аналитический),5,Расследование,Судьба,Человеческое достоинство,Центр,Проводник,Истина–Ложь,
M285,https://www.kommersant.ru/rubric/8,Последние новости культуры на сегодня - Коммерсантъ,Средний (аналитический),6,Комментарий эксперта,Справедливость,Экономическая динамика,Корни,Творец,Общее–Частное,
M285,https://www.kommersant.ru/rubric/8,Последние новости культуры на сегодня - Коммерсантъ,Средний (аналитический),7,Интервью-аналитика,Смысл,Экзистенциальный кризис,Устье,Герой,Вера–Знание,
M285,https://www.kommersant.ru/rubric/8,Последние новости культуры на сегодня - Коммерсантъ,Средний (аналитический),8,Расследование,Благосостояние,Экономический рост,Наводнение,Новатор,Честь–Выгода,
M286,https://www.kommersant.ru/theme/1859,Культура. Назначения: последние новости - Коммерсантъ,Средний (аналитический),1,Аналитический обзор,Правда,Миграционная волна,Реконструкция,Страдалец,Свобода–Безопасность,
M286,https://www.kommersant.ru/theme/1859,Культура. Назначения: последние новости - Коммерсантъ,Средний (аналитический),2,Интервью-аналитика,Солидарность,Межпоколенческие отношения,Перестройка,Герой,Справедливость–Законность,
M286,https://www.kommersant.ru/theme/1859,Культура. Назначения: последние новости - Коммерсантъ,Средний (аналитический),3,Интервью-аналитика,Достоинство,Обретение идентичности,Поток,Мудрец,Истина–Ложь,
M286,https://www.kommersant.ru/theme/1859,Культура. Назначения: последние новости - Коммерсантъ,Средний (аналитический),4,Интервью-аналитика,Ответственность,Социальная мобильность,Капитуляция,Свидетель,Свой–Чужой,
M286,https://www.kommersant.ru/theme/1859,Культура. Назначения: последние новости - Коммерсантъ,Средний (аналитический),5,Колонка эксперта,Безопасность,Социальная солидарность,Реконструкция,Бунтарь,Равенство–Иерархия,
M286,https://www.kommersant.ru/theme/1859,Культура. Назначения: последние новости - Коммерсантъ,Средний (аналитический),6,Комментарий эксперта,Память,Культурная трансформация,Разрушение,Защитник,Добро–Зло,
M286,https://www.kommersant.ru/theme/1859,Культура. Назначения: последние новости - Коммерсантъ,Средний (аналитический),7,Аналитическая статья,Справедливость,Демографическая динамика,Корни,Жертва,Общее–Частное,
M287,https://www.kommersant.ru/rubric/37,Интервью - Kommersant,Средний (аналитический),1,Аналитическая статья,Справедливость,Демографическая динамика,Рост,Свидетель,Свобода–Безопасность,
M287,https://www.kommersant.ru/rubric/37,Интервью - Kommersant,Средний (аналитический),2,Комментарий эксперта,Вера,Нравственный поиск,Корни,Творец,Прошлое–Будущее,
M287,https://www.kommersant.ru/rubric/37,Интервью - Kommersant,Средний (аналитический),3,Расследование,Безопасность,Социальная поляризация,Разрушение,Защитник,Справедливость–Законность,
M287,https://www.kommersant.ru/rubric/37,Интервью - Kommersant,Средний (аналитический),4,Аналитическая статья,Память,Социальная мобильность,Мобилизация,Страдалец,Добро–Зло,
M287,https://www.kommersant.ru/rubric/37,Интервью - Kommersant,Средний (аналитический),5,Аналитический обзор,Честь,Межпоколенческие отношения,Осада,Жертва,Свой–Чужой,
M287,https://www.kommersant.ru/rubric/37,Интервью - Kommersant,Средний (аналитический),6,Аналитический обзор,Семья,Миграционная волна,Прививка,Герой,Равенство–Иерархия,
M287,https://www.kommersant.ru/rubric/37,Интервью - Kommersant,Средний (аналитический),7,Интервью-аналитика,Долг,Культурная трансформация,Перестройка,Бунтарь,Общее–Частное,
M288,https://www.kommersant.ru/theme/1269,Интервью: последние новости - Коммерсантъ - Kommersant,Средний (аналитический),1,Аналитическая статья,Традиция,Эстетическая трансгрессия,Архитектура,Мудрец,Традиция–Новаторство,
M288,https://www.kommersant.ru/theme/1269,Интервью: последние новости - Коммерсантъ - Kommersant,Средний (аналитический),2,Комментарий эксперта,Справедливость,Социальная поляризация,Перестройка,Защитник,Добро–Зло,
M288,https://www.kommersant.ru/theme/1269,Интервью: последние новости - Коммерсантъ - Kommersant,Средний (аналитический),3,Интервью-аналитика,Культура,Нравственный поиск,Крепость,Наблюдатель,Прошлое–Будущее,
M288,https://www.kommersant.ru/theme/1269,Интервью: последние новости - Коммерсантъ - Kommersant,Средний (аналитический),4,Расследование,Красота,Культурная гибридизация,Рост,Новатор,Открытость–Закрытость,
M288,https://www.kommersant.ru/theme/1269,Интервью: последние новости - Коммерсантъ - Kommersant,Средний (аналитический),5,Колонка эксперта,Истина,Идентичностный кризис,Архитектура,Хранитель,Дух–Материя,
M288,https://www.kommersant.ru/theme/1269,Интервью: последние новости - Коммерсантъ - Kommersant,Средний (аналитический),6,Расследование,Память,Традиция и новаторство,Обвал,Творец,Истина–Ложь,
M288,https://www.kommersant.ru/theme/1269,Интервью: последние новости - Коммерсантъ - Kommersant,Средний (аналитический),7,Аналитический обзор,Образование,Культурная память,Фундамент,Проводник,Природа–Культура,
M288,https://www.kommersant.ru/theme/1269,Интервью: последние новости - Коммерсантъ - Kommersant,Средний (аналитический),8,Интервью-аналитика,Душа,Культурный канон,Низ,Новатор,Истина–Ложь,
M289,https://www.vedomosti.ru/business/news/2026/02/24/1178528-lenta-o-konsolidatsii,«Лента» объявила о консолидации технологических  - Ведомости,Средний (аналитический),1,Аналитическая статья,Ответственность,Экономический рост,Семя,Творец,Стабильность–Перемены,
M289,https://www.vedomosti.ru/business/news/2026/02/24/1178528-lenta-o-konsolidatsii,«Лента» объявила о консолидации технологических  - Ведомости,Средний (аналитический),2,Интервью-аналитика,Долг,Экономическая модернизация,Рост,Новатор,Традиция–Новаторство,
M289,https://www.vedomosti.ru/business/news/2026/02/24/1178528-lenta-o-konsolidatsii,«Лента» объявила о консолидации технологических  - Ведомости,Средний (аналитический),3,Расследование,Труд,Инновационный прорыв,Поломка,Трудолюбивый,Общее–Частное,
M289,https://www.vedomosti.ru/business/news/2026/02/24/1178528-lenta-o-konsolidatsii,«Лента» объявила о консолидации технологических  - Ведомости,Средний (аналитический),4,Комментарий эксперта,Благополучие,Экономическая динамика,Течение,Устроитель,Индивидуальное–Коллективное,
M289,https://www.vedomosti.ru/business/news/2026/02/24/1178528-lenta-o-konsolidatsii,«Лента» объявила о консолидации технологических  - Ведомости,Средний (аналитический),5,Колонка эксперта,Развитие,Финансовые связи,Течение,Жертва,Справедливость–Законность,
M289,https://www.vedomosti.ru/business/news/2026/02/24/1178528-lenta-o-konsolidatsii,«Лента» объявила о консолидации технологических  - Ведомости,Средний (аналитический),6,Аналитический обзор,Прогресс,Управление ресурсами,Течение,Наблюдатель,Честь–Выгода,
M289,https://www.vedomosti.ru/business/news/2026/02/24/1178528-lenta-o-konsolidatsii,«Лента» объявила о консолидации технологических  - Ведомости,Средний (аналитический),7,Колонка эксперта,Благосостояние,Рыночная конъюнктура,Системное изменение,Жертва,Индивидуальное–Коллективное,
M289,https://www.vedomosti.ru/business/news/2026/02/24/1178528-lenta-o-konsolidatsii,«Лента» объявила о консолидации технологических  - Ведомости,Средний (аналитический),8,Аналитический обзор,Стабильность,Социальная дифференциация,Засуха,Творец,Стабильность–Перемены,
M289,https://www.vedomosti.ru/business/news/2026/02/24/1178528-lenta-o-konsolidatsii,«Лента» объявила о консолидации технологических  - Ведомости,Средний (аналитический),9,Аналитическая статья,Равенство,Инновационный прорыв,Системное изменение,Новатор,Индивидуальное–Коллективное,
M290,https://trends.rbc.ru/trends/futurology/cmrm/69a19f7a9a79477e4d92f947,"Технологии будущего: как будут развиваться, перспективы, тренды",Средний (аналитический),1,Колонка эксперта,Культура,Традиция и новаторство,Семя,Хранитель,Традиция–Новаторство,
M290,https://trends.rbc.ru/trends/futurology/cmrm/69a19f7a9a79477e4d92f947,"Технологии будущего: как будут развиваться, перспективы, тренды",Средний (аналитический),2,Аналитическая статья,Труд,Экономическая динамика,Шестерёнка,Трудолюбивый,Индивидуальное–Коллективное,
M290,https://trends.rbc.ru/trends/futurology/cmrm/69a19f7a9a79477e4d92f947,"Технологии будущего: как будут развиваться, перспективы, тренды",Средний (аналитический),3,Интервью-аналитика,Долг,Социальная дифференциация,Поломка,Новатор,Честь–Выгода,
M290,https://trends.rbc.ru/trends/futurology/cmrm/69a19f7a9a79477e4d92f947,"Технологии будущего: как будут развиваться, перспективы, тренды",Средний (аналитический),4,Интервью-аналитика,Душа,Идентичностный кризис,Фундамент,Проводник,Прошлое–Будущее,
M290,https://trends.rbc.ru/trends/futurology/cmrm/69a19f7a9a79477e4d92f947,"Технологии будущего: как будут развиваться, перспективы, тренды",Средний (аналитический),5,Аналитическая статья,Образование,Эстетическая трансгрессия,Верх,Наблюдатель,Природа–Культура,
M290,https://trends.rbc.ru/trends/futurology/cmrm/69a19f7a9a79477e4d92f947,"Технологии будущего: как будут развиваться, перспективы, тренды",Средний (аналитический),6,Колонка эксперта,Традиция,Нравственный поиск,Реконструкция,Мудрец,Открытость–Закрытость,
M290,https://trends.rbc.ru/trends/futurology/cmrm/69a19f7a9a79477e4d92f947,"Технологии будущего: как будут развиваться, перспективы, тренды",Средний (аналитический),7,Аналитический обзор,Память,Культурная память,Плоды,Творец,Истина–Ложь,
M290,https://trends.rbc.ru/trends/futurology/cmrm/69a19f7a9a79477e4d92f947,"Технологии будущего: как будут развиваться, перспективы, тренды",Средний (аналитический),8,Расследование,Красота,Культурный канон,Обвал,Проводник,Дух–Материя,
M291,https://rg.ru/tema/obshestvo/nauka,Наука и технологии – последние новости и события России и,Средний (аналитический),1,Интервью-аналитика,Власть,Борьба за власть,Фундамент,Страж,Порядок–Хаос,
M291,https://rg.ru/tema/obshestvo/nauka,Наука и технологии – последние новости и события России и,Средний (аналитический),2,Аналитическая статья,Долг,Политическая трансформация,Наступление,Манипулятор,Единство–Разделение,
M291,https://rg.ru/tema/obshestvo/nauka,Наука и технологии – последние новости и события России и,Средний (аналитический),3,Интервью-аналитика,Сила,Суверенитет,Обвал,Враг,Свой–Чужой,
M291,https://rg.ru/tema/obshestvo/nauka,Наука и технологии – последние новости и события России и,Средний (аналитический),4,Аналитическая статья,Порядок,Политическая трансформация,Кулисы,Защитник,Свобода–Безопасность,
M291,https://rg.ru/tema/obshestvo/nauka,Наука и технологии – последние новости и события России и,Средний (аналитический),5,Колонка эксперта,Свобода,Конфликт интересов,Режиссура,Лидер,Равенство–Иерархия,
M291,https://rg.ru/tema/obshestvo/nauka,Наука и технологии – последние новости и события России и,Средний (аналитический),6,Аналитический обзор,Закон,Внешняя угроза,Реконструкция,Оппонент,Сила–Слабость,
M291,https://rg.ru/tema/obshestvo/nauka,Наука и технологии – последние новости и события России и,Средний (аналитический),7,Комментарий эксперта,Справедливость,Государственный контроль,Фундамент,Защитник,Порядок–Хаос,
M291,https://rg.ru/tema/obshestvo/nauka,Наука и технологии – последние новости и события России и,Средний (аналитический),8,Интервью-аналитика,Суверенитет,Переговорный процесс,Мобилизация,Враг,Свобода–Безопасность,
M292,https://www.ng.ru/itog/2025-12-26/100_itogi2025list.html,"""Независимая газета"". Итоги 2025 года",Средний (аналитический),1,Интервью-аналитика,Красота,Эстетическая трансгрессия,Семя,Творец,Природа–Культура,
M292,https://www.ng.ru/itog/2025-12-26/100_itogi2025list.html,"""Независимая газета"". Итоги 2025 года",Средний (аналитический),2,Аналитическая статья,Долг,Политическая трансформация,Антракт,Оппонент,Свобода–Безопасность,
M292,https://www.ng.ru/itog/2025-12-26/100_itogi2025list.html,"""Независимая газета"". Итоги 2025 года",Средний (аналитический),3,Аналитическая статья,Справедливость,Внешняя угроза,Маска,Манипулятор,Сила–Слабость,
M292,https://www.ng.ru/itog/2025-12-26/100_itogi2025list.html,"""Независимая газета"". Итоги 2025 года",Средний (аналитический),4,Расследование,Равенство,Суверенитет,Кулисы,Страж,Равенство–Иерархия,
M292,https://www.ng.ru/itog/2025-12-26/100_itogi2025list.html,"""Независимая газета"". Итоги 2025 года",Средний (аналитический),5,Интервью-аналитика,Душа,Культурная память,Путь,Проводник,Традиция–Новаторство,
M292,https://www.ng.ru/itog/2025-12-26/100_itogi2025list.html,"""Независимая газета"". Итоги 2025 года",Средний (аналитический),6,Интервью-аналитика,Традиция,Нравственный поиск,Низ,Хранитель,Истина–Ложь,
M292,https://www.ng.ru/itog/2025-12-26/100_itogi2025list.html,"""Независимая газета"". Итоги 2025 года",Средний (аналитический),7,Расследование,Свобода,Конфликт интересов,Разрушение,Лидер,Порядок–Хаос,
M293,https://www.ng.ru/culture,Независимая газета / Культура,Средний (аналитический),1,Интервью-аналитика,Благополучие,Экономический рост,Прививка,Жертва,Индивидуальное–Коллективное,
M293,https://www.ng.ru/culture,Независимая газета / Культура,Средний (аналитический),2,Колонка эксперта,Благосостояние,Экономическая модернизация,Исток,Устроитель,Честь–Выгода,
M293,https://www.ng.ru/culture,Независимая газета / Культура,Средний (аналитический),3,Интервью-аналитика,Ответственность,Управление ресурсами,Плоды,Трудолюбивый,Справедливость–Законность,
M293,https://www.ng.ru/culture,Независимая газета / Культура,Средний (аналитический),4,Интервью-аналитика,Стабильность,Рыночная конъюнктура,Течение,Творец,Общее–Частное,
M293,https://www.ng.ru/culture,Независимая газета / Культура,Средний (аналитический),5,Аналитическая статья,Равенство,Экономическая динамика,Системное изменение,Наблюдатель,Традиция–Новаторство,
M293,https://www.ng.ru/culture,Независимая газета / Культура,Средний (аналитический),6,Колонка эксперта,Труд,Финансовые связи,Устье,Новатор,Стабильность–Перемены,
M293,https://www.ng.ru/culture,Независимая газета / Культура,Средний (аналитический),7,Интервью-аналитика,Долг,Социальная дифференциация,Засуха,Наблюдатель,Стабильность–Перемены,
M294,https://www.ng.ru,Независимая газета,Средний (аналитический),1,Аналитическая статья,Свобода,Суверенитет,Премьера,Манипулятор,Сила–Слабость,
M294,https://www.ng.ru,Независимая газета,Средний (аналитический),2,Комментарий эксперта,Долг,Инновационный прорыв,Течение,Устроитель,Честь–Выгода,
M294,https://www.ng.ru,Независимая газета,Средний (аналитический),3,Расследование,Равенство,Экономический рост,Ржавчина,Трудолюбивый,Индивидуальное–Коллективное,
M294,https://www.ng.ru,Независимая газета,Средний (аналитический),4,Интервью-аналитика,Развитие,Социальная дифференциация,Системное изменение,Жертва,Стабильность–Перемены,
M294,https://www.ng.ru,Независимая газета,Средний (аналитический),5,Интервью-аналитика,Благосостояние,Финансовые связи,Увядание,Творец,Справедливость–Законность,
M294,https://www.ng.ru,Независимая газета,Средний (аналитический),6,Комментарий эксперта,Прогресс,Управление ресурсами,Поток,Наблюдатель,Традиция–Новаторство,
M294,https://www.ng.ru,Независимая газета,Средний (аналитический),7,Аналитический обзор,Стабильность,Рыночная конъюнктура,Рост,Новатор,Общее–Частное,
M295,https://www.ng.ru/authors/16261,НГ-Культура - Независимая газета,Средний (аналитический),1,Расследование,Традиция,Культурная гибридизация,Низ,Проводник,Дух–Материя,
M295,https://www.ng.ru/authors/16261,НГ-Культура - Независимая газета,Средний (аналитический),2,Аналитический обзор,Культура,Культурный канон,Перестройка,Новатор,Открытость–Закрытость,
M295,https://www.ng.ru/authors/16261,НГ-Культура - Независимая газета,Средний (аналитический),3,Аналитический обзор,Справедливость,Миграционная волна,Война,Защитник,Общее–Частное,
M295,https://www.ng.ru/authors/16261,НГ-Культура - Независимая газета,Средний (аналитический),4,Аналитический обзор,Красота,Эстетическая трансгрессия,Засуха,Мудрец,Прошлое–Будущее,
M295,https://www.ng.ru/authors/16261,НГ-Культура - Независимая газета,Средний (аналитический),5,Расследование,Истина,Традиция и новаторство,Архитектура,Хранитель,Природа–Культура,
M295,https://www.ng.ru/authors/16261,НГ-Культура - Независимая газета,Средний (аналитический),6,Расследование,Память,Нравственный поиск,Цветение,Наблюдатель,Традиция–Новаторство,
M295,https://www.ng.ru/authors/16261,НГ-Культура - Независимая газета,Средний (аналитический),7,Колонка эксперта,Родина,Культурная память,Строительство,Творец,Истина–Ложь,
M296,https://www.ng.ru/authors/6949,Статьи - Независимая газета,Средний (аналитический),1,Колонка эксперта,Справедливость,Социальная дифференциация,Настройка,Творец,Индивидуальное–Коллективное,
M296,https://www.ng.ru/authors/6949,Статьи - Независимая газета,Средний (аналитический),2,Колонка эксперта,Равенство,Внешняя угроза,Обвал,Враг,Сила–Слабость,
M296,https://www.ng.ru/authors/6949,Статьи - Независимая газета,Средний (аналитический),3,Колонка эксперта,Ответственность,Управление ресурсами,Течение,Новатор,Стабильность–Перемены,
M296,https://www.ng.ru/authors/6949,Статьи - Независимая газета,Средний (аналитический),4,Колонка эксперта,Сила,Институциональная трансформация,Крепость,Манипулятор,Единство–Разделение,
M296,https://www.ng.ru/authors/6949,Статьи - Независимая газета,Средний (аналитический),5,Интервью-аналитика,Суверенитет,Суверенитет,Фундамент,Защитник,Свобода–Безопасность,
M296,https://www.ng.ru/authors/6949,Статьи - Независимая газета,Средний (аналитический),6,Комментарий эксперта,Благополучие,Экономическая модернизация,Наводнение,Трудолюбивый,Честь–Выгода,
M296,https://www.ng.ru/authors/6949,Статьи - Независимая газета,Средний (аналитический),7,Аналитическая статья,Долг,Рыночная конъюнктура,Цветение,Устроитель,Традиция–Новаторство,
M296,https://www.ng.ru/authors/6949,Статьи - Независимая газета,Средний (аналитический),8,Расследование,Благосостояние,Финансовые связи,Засуха,Жертва,Справедливость–Законность,
M297,https://www.ng.ru/ng_exlibris/2025-02-26/9_1262_5books.html,Пять книг недели - Независимая газета,Средний (аналитический),1,Аналитический обзор,Справедливость,Экономическая модернизация,Исток,Устроитель,Индивидуальное–Коллективное,
M297,https://www.ng.ru/ng_exlibris/2025-02-26/9_1262_5books.html,Пять книг недели - Независимая газета,Средний (аналитический),2,Комментарий эксперта,Закон,Переговорный процесс,Война,Защитник,Свобода–Безопасность,
M297,https://www.ng.ru/ng_exlibris/2025-02-26/9_1262_5books.html,Пять книг недели - Независимая газета,Средний (аналитический),3,Комментарий эксперта,Труд,Управление ресурсами,Рост,Творец,Справедливость–Законность,
M297,https://www.ng.ru/ng_exlibris/2025-02-26/9_1262_5books.html,Пять книг недели - Независимая газета,Средний (аналитический),4,Аналитический обзор,Развитие,Экономический рост,Корни,Трудолюбивый,Традиция–Новаторство,
M297,https://www.ng.ru/ng_exlibris/2025-02-26/9_1262_5books.html,Пять книг недели - Независимая газета,Средний (аналитический),5,Колонка эксперта,Долг,Социальная дифференциация,Ремонт,Жертва,Общее–Частное,
M297,https://www.ng.ru/ng_exlibris/2025-02-26/9_1262_5books.html,Пять книг недели - Независимая газета,Средний (аналитический),6,Аналитическая статья,Стабильность,Финансовые связи,Исток,Новатор,Стабильность–Перемены,
M297,https://www.ng.ru/ng_exlibris/2025-02-26/9_1262_5books.html,Пять книг недели - Независимая газета,Средний (аналитический),7,Аналитическая статья,Прогресс,Экономическая динамика,Прививка,Наблюдатель,Честь–Выгода,
M298,https://www.ng.ru/experts/4143,Независимая газета,Средний (аналитический),1,Аналитический обзор,Благополучие,Управление ресурсами,Исток,Устроитель,Индивидуальное–Коллективное,
M298,https://www.ng.ru/experts/4143,Независимая газета,Средний (аналитический),2,Аналитический обзор,Прогресс,Финансовые связи,Увядание,Жертва,Справедливость–Законность,
M298,https://www.ng.ru/experts/4143,Независимая газета,Средний (аналитический),3,Колонка эксперта,Труд,Экономическая модернизация,Поток,Новатор,Честь–Выгода,
M298,https://www.ng.ru/experts/4143,Независимая газета,Средний (аналитический),4,Аналитический обзор,Долг,Экономический рост,Волна,Трудолюбивый,Общее–Частное,
M298,https://www.ng.ru/experts/4143,Независимая газета,Средний (аналитический),5,Интервью-аналитика,Власть,Внешняя угроза,Декорация,Лидер,Порядок–Хаос,
M298,https://www.ng.ru/experts/4143,Независимая газета,Средний (аналитический),6,Комментарий эксперта,Равенство,Инновационный прорыв,Исток,Творец,Стабильность–Перемены,
M298,https://www.ng.ru/experts/4143,Независимая газета,Средний (аналитический),7,Интервью-аналитика,Сила,Суверенитет,Премьера,Враг,Свобода–Безопасность,
M298,https://www.ng.ru/experts/4143,Независимая газета,Средний (аналитический),8,Колонка эксперта,Развитие,Рыночная конъюнктура,Увядание,Наблюдатель,Традиция–Новаторство,
M299,https://www.ng.ru/authors/7825,Михаил Емельянов - Независимая газета,Средний (аналитический),1,Расследование,Развитие,Экономическая динамика,Засуха,Трудолюбивый,Традиция–Новаторство,
M299,https://www.ng.ru/authors/7825,Михаил Емельянов - Независимая газета,Средний (аналитический),2,Аналитическая статья,Благополучие,Финансовые связи,Двигатель,Наблюдатель,Стабильность–Перемены,
M299,https://www.ng.ru/authors/7825,Михаил Емельянов - Независимая газета,Средний (аналитический),3,Аналитический обзор,Ответственность,Управление ресурсами,Течение,Жертва,Общее–Частное,
M299,https://www.ng.ru/authors/7825,Михаил Емельянов - Независимая газета,Средний (аналитический),4,Аналитический обзор,Долг,Инновационный прорыв,Шестерёнка,Новатор,Честь–Выгода,
M299,https://www.ng.ru/authors/7825,Михаил Емельянов - Независимая газета,Средний (аналитический),5,Интервью-аналитика,Равенство,Экономический рост,Механизм,Творец,Справедливость–Законность,
M299,https://www.ng.ru/authors/7825,Михаил Емельянов - Независимая газета,Средний (аналитический),6,Комментарий эксперта,Достоинство,Миграционная волна,Рост,Свидетель,Свобода–Безопасность,
M299,https://www.ng.ru/authors/7825,Михаил Емельянов - Независимая газета,Средний (аналитический),7,Комментарий эксперта,Труд,Социальная дифференциация,Шестерёнка,Устроитель,Индивидуальное–Коллективное,
M300,https://nvo.ng.ru/ng_religii/2025-09-30/11_604_usa.html,Евангелист Циолковский - Независимая газета,Средний (аналитический),1,Расследование,Прогресс,Экономический рост,Цветение,Трудолюбивый,Честь–Выгода,
M300,https://nvo.ng.ru/ng_religii/2025-09-30/11_604_usa.html,Евангелист Циолковский - Независимая газета,Средний (аналитический),2,Интервью-аналитика,Стабильность,Управление ресурсами,Ремонт,Новатор,Стабильность–Перемены,
M300,https://nvo.ng.ru/ng_religii/2025-09-30/11_604_usa.html,Евангелист Циолковский - Независимая газета,Средний (аналитический),3,Комментарий эксперта,Труд,Финансовые связи,Засуха,Наблюдатель,Общее–Частное,
M300,https://nvo.ng.ru/ng_religii/2025-09-30/11_604_usa.html,Евангелист Циолковский - Независимая газета,Средний (аналитический),4,Расследование,Долг,Социальная дифференциация,Механизм,Жертва,Справедливость–Законность,
M300,https://nvo.ng.ru/ng_religii/2025-09-30/11_604_usa.html,Евангелист Циолковский - Независимая газета,Средний (аналитический),5,Расследование,Достоинство,Духовное прозрение,Исток,Герой,Истина–Ложь,
M300,https://nvo.ng.ru/ng_religii/2025-09-30/11_604_usa.html,Евангелист Циолковский - Независимая газета,Средний (аналитический),6,Аналитическая статья,Благополучие,Экономическая динамика,Настройка,Творец,Индивидуальное–Коллективное,
M300,https://nvo.ng.ru/ng_religii/2025-09-30/11_604_usa.html,Евангелист Циолковский - Независимая газета,Средний (аналитический),7,Колонка эксперта,Душа,Жизненный путь,Граница,Страдалец,Свобода–Безопасность,
M300,https://nvo.ng.ru/ng_religii/2025-09-30/11_604_usa.html,Евангелист Циолковский - Независимая газета,Средний (аналитический),8,Комментарий эксперта,Ответственность,Рыночная конъюнктура,Течение,Устроитель,Традиция–Новаторство,
M301,https://www.ng.ru/printing/2026-02-02/12_611_religion.html,"Нет ничего более естественного, чем религия",Средний (аналитический),1,Интервью-аналитика,Память,Культурная память,Граница,Хранитель,Природа–Культура,
M301,https://www.ng.ru/printing/2026-02-02/12_611_religion.html,"Нет ничего более естественного, чем религия",Средний (аналитический),2,Аналитическая статья,Судьба,Человеческое достоинство,Путь,Герой,Прошлое–Будущее,
M301,https://www.ng.ru/printing/2026-02-02/12_611_religion.html,"Нет ничего более естественного, чем религия",Средний (аналитический),3,Аналитический обзор,Истина,Нравственный поиск,Граница,Проводник,Истина–Ложь,
M301,https://www.ng.ru/printing/2026-02-02/12_611_religion.html,"Нет ничего более естественного, чем религия",Средний (аналитический),4,Интервью-аналитика,Путь,Потеря смыслов,Устье,Мудрец,Вера–Знание,
M301,https://www.ng.ru/printing/2026-02-02/12_611_religion.html,"Нет ничего более естественного, чем религия",Средний (аналитический),5,Комментарий эксперта,Вера,Жизненный путь,Горизонт,Страдалец,Жизнь–Смерть,
M301,https://www.ng.ru/printing/2026-02-02/12_611_religion.html,"Нет ничего более естественного, чем религия",Средний (аналитический),6,Аналитическая статья,Достоинство,Экзистенциальный кризис,Путь,Наблюдатель,Свобода–Безопасность,
M301,https://www.ng.ru/printing/2026-02-02/12_611_religion.html,"Нет ничего более естественного, чем религия",Средний (аналитический),7,Расследование,Надежда,Моральный выбор,Низ,Творец,Дух–Материя,
M301,https://www.ng.ru/printing/2026-02-02/12_611_religion.html,"Нет ничего более естественного, чем религия",Средний (аналитический),8,Комментарий эксперта,Смысл,Столкновение с вечностью,Запруда,Творец,Дух–Материя,
M302,https://www.ng.ru/fakty/2025-01-15/11_1256_krasovitsky.html,Связать воедино религию и культуру - Независимая газета,Средний (аналитический),1,Аналитическая статья,Безопасность,Социальная солидарность,Фронт,Защитник,Свой–Чужой,
M302,https://www.ng.ru/fakty/2025-01-15/11_1256_krasovitsky.html,Связать воедино религию и культуру - Независимая газета,Средний (аналитический),2,Расследование,Долг,Социальная мобильность,Фронт,Страдалец,Справедливость–Законность,
M302,https://www.ng.ru/fakty/2025-01-15/11_1256_krasovitsky.html,Связать воедино религию и культуру - Независимая газета,Средний (аналитический),3,Интервью-аналитика,Память,Демографическая динамика,Архитектура,Герой,Равенство–Иерархия,
M302,https://www.ng.ru/fakty/2025-01-15/11_1256_krasovitsky.html,Связать воедино религию и культуру - Независимая газета,Средний (аналитический),4,Расследование,Справедливость,Управление ресурсами,Течение,Новатор,Общее–Частное,
M302,https://www.ng.ru/fakty/2025-01-15/11_1256_krasovitsky.html,Связать воедино религию и культуру - Независимая газета,Средний (аналитический),5,Аналитический обзор,Благосостояние,Экономическая модернизация,Шестерёнка,Трудолюбивый,Индивидуальное–Коллективное,
M302,https://www.ng.ru/fakty/2025-01-15/11_1256_krasovitsky.html,Связать воедино религию и культуру - Независимая газета,Средний (аналитический),6,Аналитический обзор,Солидарность,Межпоколенческие отношения,Фронт,Жертва,Добро–Зло,
M302,https://www.ng.ru/fakty/2025-01-15/11_1256_krasovitsky.html,Связать воедино религию и культуру - Независимая газета,Средний (аналитический),7,Интервью-аналитика,Ответственность,Миграционная волна,Разрушение,Свидетель,Свобода–Безопасность,
M302,https://www.ng.ru/fakty/2025-01-15/11_1256_krasovitsky.html,Связать воедино религию и культуру - Независимая газета,Средний (аналитический),8,Интервью-аналитика,Правда,Социальная поляризация,Фронт,Бунтарь,Равенство–Иерархия,
M303,"https://www.ng.ru/archive/part/www.ng.ru,regions,2005-05-26,4_sud/5?utm_source=amp_eskimobi&utm_campaign=amp_organic&utm_medium=organic&PAGEN_1=543",543 - Независимая газета / Архив,Средний (аналитический),1,Интервью-аналитика,Справедливость,Инновационный прорыв,Исток,Творец,Честь–Выгода,
M303,"https://www.ng.ru/archive/part/www.ng.ru,regions,2005-05-26,4_sud/5?utm_source=amp_eskimobi&utm_campaign=amp_organic&utm_medium=organic&PAGEN_1=543",543 - Независимая газета / Архив,Средний (аналитический),2,Колонка эксперта,Судьба,Столкновение с вечностью,Исток,Мудрец,Дух–Материя,
M303,"https://www.ng.ru/archive/part/www.ng.ru,regions,2005-05-26,4_sud/5?utm_source=amp_eskimobi&utm_campaign=amp_organic&utm_medium=organic&PAGEN_1=543",543 - Независимая газета / Архив,Средний (аналитический),3,Интервью-аналитика,Прогресс,Социальная дифференциация,Течение,Наблюдатель,Индивидуальное–Коллективное,
M303,"https://www.ng.ru/archive/part/www.ng.ru,regions,2005-05-26,4_sud/5?utm_source=amp_eskimobi&utm_campaign=amp_organic&utm_medium=organic&PAGEN_1=543",543 - Независимая газета / Архив,Средний (аналитический),4,Колонка эксперта,Благополучие,Финансовые связи,Семя,Новатор,Стабильность–Перемены,
M303,"https://www.ng.ru/archive/part/www.ng.ru,regions,2005-05-26,4_sud/5?utm_source=amp_eskimobi&utm_campaign=amp_organic&utm_medium=organic&PAGEN_1=543",543 - Независимая газета / Архив,Средний (аналитический),5,Комментарий эксперта,Долг,Экономический рост,Системное изменение,Устроитель,Традиция–Новаторство,
M303,"https://www.ng.ru/archive/part/www.ng.ru,regions,2005-05-26,4_sud/5?utm_source=amp_eskimobi&utm_campaign=amp_organic&utm_medium=organic&PAGEN_1=543",543 - Независимая газета / Архив,Средний (аналитический),6,Аналитическая статья,Труд,Экономическая динамика,Исток,Трудолюбивый,Справедливость–Законность,
M303,"https://www.ng.ru/archive/part/www.ng.ru,regions,2005-05-26,4_sud/5?utm_source=amp_eskimobi&utm_campaign=amp_organic&utm_medium=organic&PAGEN_1=543",543 - Независимая газета / Архив,Средний (аналитический),7,Расследование,Ответственность,Управление ресурсами,Цветение,Жертва,Общее–Частное,
M304,https://nvo.ng.ru/nauka/2025-11-11/9_9377_singularity.html,Что ожидает человека разумного в окрестностях точки,Средний (аналитический),1,Комментарий эксперта,Свобода,Конфликт интересов,Осада,Оппонент,Свобода–Безопасность,
M304,https://nvo.ng.ru/nauka/2025-11-11/9_9377_singularity.html,Что ожидает человека разумного в окрестностях точки,Средний (аналитический),2,Расследование,Долг,Политическая трансформация,Архитектура,Защитник,Порядок–Хаос,
M304,https://nvo.ng.ru/nauka/2025-11-11/9_9377_singularity.html,Что ожидает человека разумного в окрестностях точки,Средний (аналитический),3,Аналитическая статья,Сила,Суверенитет,Строительство,Страж,Свой–Чужой,
M304,https://nvo.ng.ru/nauka/2025-11-11/9_9377_singularity.html,Что ожидает человека разумного в окрестностях точки,Средний (аналитический),4,Аналитическая статья,Власть,Политическая трансформация,Крепость,Враг,Единство–Разделение,
M304,https://nvo.ng.ru/nauka/2025-11-11/9_9377_singularity.html,Что ожидает человека разумного в окрестностях точки,Средний (аналитический),5,Расследование,Ответственность,Внешняя угроза,Крепость,Манипулятор,Равенство–Иерархия,
M304,https://nvo.ng.ru/nauka/2025-11-11/9_9377_singularity.html,Что ожидает человека разумного в окрестностях точки,Средний (аналитический),6,Расследование,Равенство,Переговорный процесс,Оборона,Лидер,Сила–Слабость,
M304,https://nvo.ng.ru/nauka/2025-11-11/9_9377_singularity.html,Что ожидает человека разумного в окрестностях точки,Средний (аналитический),7,Аналитическая статья,Порядок,Борьба за власть,Заслон,Оппонент,Порядок–Хаос,
M305,https://www.ng.ru/archive,Независимая газета / Архив,Средний (аналитический),1,Расследование,Долг,Экономический рост,Ремонт,Устроитель,Общее–Частное,
M305,https://www.ng.ru/archive,Независимая газета / Архив,Средний (аналитический),2,Аналитическая статья,Благополучие,Рыночная конъюнктура,Ржавчина,Наблюдатель,Стабильность–Перемены,
M305,https://www.ng.ru/archive,Независимая газета / Архив,Средний (аналитический),3,Интервью-аналитика,Стабильность,Финансовые связи,Семя,Творец,Честь–Выгода,
M305,https://www.ng.ru/archive,Независимая газета / Архив,Средний (аналитический),4,Расследование,Ответственность,Социальная дифференциация,Прививка,Трудолюбивый,Индивидуальное–Коллективное,
M305,https://www.ng.ru/archive,Независимая газета / Архив,Средний (аналитический),5,Колонка эксперта,Прогресс,Экономическая динамика,Семя,Жертва,Традиция–Новаторство,
M305,https://www.ng.ru/archive,Независимая газета / Архив,Средний (аналитический),6,Аналитическая статья,Справедливость,Инновационный прорыв,Увядание,Новатор,Справедливость–Законность,
M305,https://www.ng.ru/archive,Независимая газета / Архив,Средний (аналитический),7,Интервью-аналитика,Достоинство,Социальная поляризация,Мобилизация,Свидетель,Свобода–Безопасность,
M305,https://www.ng.ru/archive,Независимая газета / Архив,Средний (аналитический),8,Аналитический обзор,Развитие,Экономическая модернизация,Прививка,Новатор,Стабильность–Перемены,
M305,https://www.ng.ru/archive,Независимая газета / Архив,Средний (аналитический),9,Расследование,Благосостояние,Управление ресурсами,Ремонт,Трудолюбивый,Индивидуальное–Коллективное,
M306,https://www.ng.ru/ng_religii,Независимая газета,Средний (аналитический),1,Расследование,Любовь,Человеческое достоинство,Засуха,Проводник,Истина–Ложь,
M306,https://www.ng.ru/ng_religii,Независимая газета,Средний (аналитический),2,Расследование,Суверенитет,Политическая трансформация,Наступление,Враг,Равенство–Иерархия,
M306,https://www.ng.ru/ng_religii,Независимая газета,Средний (аналитический),3,Интервью-аналитика,Долг,Государственный контроль,Наступление,Оппонент,Свой–Чужой,
M306,https://www.ng.ru/ng_religii,Независимая газета,Средний (аналитический),4,Аналитический обзор,Надежда,Моральный выбор,Течение,Страдалец,Жизнь–Смерть,
M306,https://www.ng.ru/ng_religii,Независимая газета,Средний (аналитический),5,Аналитическая статья,Равенство,Переговорный процесс,Наступление,Лидер,Свобода–Безопасность,
M306,https://www.ng.ru/ng_religii,Независимая газета,Средний (аналитический),6,Аналитический обзор,Ответственность,Институциональная трансформация,Капитуляция,Защитник,Единство–Разделение,
M306,https://www.ng.ru/ng_religii,Независимая газета,Средний (аналитический),7,Колонка эксперта,Вера,Столкновение с вечностью,Прививка,Наблюдатель,Дух–Материя,
M306,https://www.ng.ru/ng_religii,Независимая газета,Средний (аналитический),8,Колонка эксперта,Смысл,Жизненный путь,Поток,Творец,Вера–Знание,
M307,https://www.ng.ru/archive/?FILTER=&PAGEN_1=25,Независимая газета / Архив,Средний (аналитический),1,Аналитический обзор,Порядок,Переговорный процесс,Крепость,Страж,Сила–Слабость,
M307,https://www.ng.ru/archive/?FILTER=&PAGEN_1=25,Независимая газета / Архив,Средний (аналитический),2,Аналитическая статья,Развитие,Управление ресурсами,Плоды,Творец,Общее–Частное,
M307,https://www.ng.ru/archive/?FILTER=&PAGEN_1=25,Независимая газета / Архив,Средний (аналитический),3,Интервью-аналитика,Труд,Рыночная конъюнктура,Увядание,Устроитель,Индивидуальное–Коллективное,
M307,https://www.ng.ru/archive/?FILTER=&PAGEN_1=25,Независимая газета / Архив,Средний (аналитический),4,Аналитический обзор,Справедливость,Экономическая модернизация,Увядание,Жертва,Традиция–Новаторство,
M307,https://www.ng.ru/archive/?FILTER=&PAGEN_1=25,Независимая газета / Архив,Средний (аналитический),5,Колонка эксперта,Благосостояние,Финансовые связи,Системное изменение,Наблюдатель,Честь–Выгода,
M307,https://www.ng.ru/archive/?FILTER=&PAGEN_1=25,Независимая газета / Архив,Средний (аналитический),6,Колонка эксперта,Суверенитет,Конфликт интересов,Режиссура,Лидер,Единство–Разделение,
M307,https://www.ng.ru/archive/?FILTER=&PAGEN_1=25,Независимая газета / Архив,Средний (аналитический),7,Аналитическая статья,Сила,Институциональная трансформация,Режиссура,Оппонент,Свой–Чужой,
M308,https://www.rbc.ru/rbcfreenews/6a1867339a7947f61e8757e6,Путин заявил о готовности науки и кадров в России для развития,Средний (аналитический),1,Расследование,Семья,Демографическая динамика,Цветение,Страдалец,Общее–Частное,
M308,https://www.rbc.ru/rbcfreenews/6a1867339a7947f61e8757e6,Путин заявил о готовности науки и кадров в России для развития,Средний (аналитический),2,Расследование,Долг,Переговорный процесс,Обвал,Защитник,Свой–Чужой,
M308,https://www.rbc.ru/rbcfreenews/6a1867339a7947f61e8757e6,Путин заявил о готовности науки и кадров в России для развития,Средний (аналитический),3,Колонка эксперта,Порядок,Суверенитет,Кулисы,Оппонент,Единство–Разделение,
M308,https://www.rbc.ru/rbcfreenews/6a1867339a7947f61e8757e6,Путин заявил о готовности науки и кадров в России для развития,Средний (аналитический),4,Расследование,Память,Социальная солидарность,Осада,Жертва,Равенство–Иерархия,
M308,https://www.rbc.ru/rbcfreenews/6a1867339a7947f61e8757e6,Путин заявил о готовности науки и кадров в России для развития,Средний (аналитический),5,Колонка эксперта,Солидарность,Социальная мобильность,Разрушение,Бунтарь,Свобода–Безопасность,
M308,https://www.rbc.ru/rbcfreenews/6a1867339a7947f61e8757e6,Путин заявил о готовности науки и кадров в России для развития,Средний (аналитический),6,Аналитическая статья,Правда,Культурная трансформация,Обвал,Герой,Добро–Зло,
M308,https://www.rbc.ru/rbcfreenews/6a1867339a7947f61e8757e6,Путин заявил о готовности науки и кадров в России для развития,Средний (аналитический),7,Колонка эксперта,Честь,Межпоколенческие отношения,Цветение,Свидетель,Справедливость–Законность,
M308,https://www.rbc.ru/rbcfreenews/6a1867339a7947f61e8757e6,Путин заявил о готовности науки и кадров в России для развития,Средний (аналитический),8,Аналитический обзор,Достоинство,Миграционная волна,Рост,Бунтарь,Свой–Чужой,
M309,https://rg.ru/2025/03/19/novyj-mir-prazdnuet-stoletie-kak-segodnia-vyzhit-tolstym-literaturnym-zhurnalam-kotorye-kogda-to-otkryvali-novyh-pisatelej.html,"""Новый мир"" празднует столетие. Как сегодня выжить ""толстым",Средний (аналитический),1,Аналитическая статья,Идентичность,Идентичностный кризис,Засуха,Проводник,Природа–Культура,
M309,https://rg.ru/2025/03/19/novyj-mir-prazdnuet-stoletie-kak-segodnia-vyzhit-tolstym-literaturnym-zhurnalam-kotorye-kogda-to-otkryvali-novyh-pisatelej.html,"""Новый мир"" празднует столетие. Как сегодня выжить ""толстым",Средний (аналитический),2,Расследование,Память,Культурная гибридизация,Периферия,Творец,Истина–Ложь,
M309,https://rg.ru/2025/03/19/novyj-mir-prazdnuet-stoletie-kak-segodnia-vyzhit-tolstym-literaturnym-zhurnalam-kotorye-kogda-to-otkryvali-novyh-pisatelej.html,"""Новый мир"" празднует столетие. Как сегодня выжить ""толстым",Средний (аналитический),3,Комментарий эксперта,Образование,Эстетическая трансгрессия,Плоды,Новатор,Открытость–Закрытость,
M309,https://rg.ru/2025/03/19/novyj-mir-prazdnuet-stoletie-kak-segodnia-vyzhit-tolstym-literaturnym-zhurnalam-kotorye-kogda-to-otkryvali-novyh-pisatelej.html,"""Новый мир"" празднует столетие. Как сегодня выжить ""толстым",Средний (аналитический),4,Аналитическая статья,Душа,Традиция и новаторство,Периферия,Мудрец,Традиция–Новаторство,
M309,https://rg.ru/2025/03/19/novyj-mir-prazdnuet-stoletie-kak-segodnia-vyzhit-tolstym-literaturnym-zhurnalam-kotorye-kogda-to-otkryvali-novyh-pisatelej.html,"""Новый мир"" празднует столетие. Как сегодня выжить ""толстым",Средний (аналитический),5,Колонка эксперта,Истина,Нравственный поиск,Перестройка,Наблюдатель,Прошлое–Будущее,
M309,https://rg.ru/2025/03/19/novyj-mir-prazdnuet-stoletie-kak-segodnia-vyzhit-tolstym-literaturnym-zhurnalam-kotorye-kogda-to-otkryvali-novyh-pisatelej.html,"""Новый мир"" празднует столетие. Как сегодня выжить ""толстым",Средний (аналитический),6,Интервью-аналитика,Родина,Культурный канон,Плоды,Хранитель,Дух–Материя,
M309,https://rg.ru/2025/03/19/novyj-mir-prazdnuet-stoletie-kak-segodnia-vyzhit-tolstym-literaturnym-zhurnalam-kotorye-kogda-to-otkryvali-novyh-pisatelej.html,"""Новый мир"" празднует столетие. Как сегодня выжить ""толстым",Средний (аналитический),7,Комментарий эксперта,Культура,Культурная память,Простор,Творец,Открытость–Закрытость,
M309,https://rg.ru/2025/03/19/novyj-mir-prazdnuet-stoletie-kak-segodnia-vyzhit-tolstym-literaturnym-zhurnalam-kotorye-kogda-to-otkryvali-novyh-pisatelej.html,"""Новый мир"" празднует столетие. Как сегодня выжить ""толстым",Средний (аналитический),8,Колонка эксперта,Красота,Культурная память,Перестройка,Творец,Традиция–Новаторство,
M310,https://companies.rbc.ru/news/0snb8Eoiti/itogi-2025-goda-i-trendyi-2026-chto-zhdet-biznes-v-rabote-s-ai,Итоги 2025 года и тренды 2026: что ждет бизнес в работе с AI,Средний (аналитический),1,Комментарий эксперта,Благополучие,Управление ресурсами,Увядание,Жертва,Традиция–Новаторство,
M310,https://companies.rbc.ru/news/0snb8Eoiti/itogi-2025-goda-i-trendyi-2026-chto-zhdet-biznes-v-rabote-s-ai,Итоги 2025 года и тренды 2026: что ждет бизнес в работе с AI,Средний (аналитический),2,Комментарий эксперта,Прогресс,Экономическая модернизация,Исток,Творец,Честь–Выгода,
M310,https://companies.rbc.ru/news/0snb8Eoiti/itogi-2025-goda-i-trendyi-2026-chto-zhdet-biznes-v-rabote-s-ai,Итоги 2025 года и тренды 2026: что ждет бизнес в работе с AI,Средний (аналитический),3,Комментарий эксперта,Память,Культурная гибридизация,Крепость,Хранитель,Дух–Материя,
M310,https://companies.rbc.ru/news/0snb8Eoiti/itogi-2025-goda-i-trendyi-2026-chto-zhdet-biznes-v-rabote-s-ai,Итоги 2025 года и тренды 2026: что ждет бизнес в работе с AI,Средний (аналитический),4,Аналитическая статья,Труд,Экономический рост,Цветение,Трудолюбивый,Стабильность–Перемены,
M310,https://companies.rbc.ru/news/0snb8Eoiti/itogi-2025-goda-i-trendyi-2026-chto-zhdet-biznes-v-rabote-s-ai,Итоги 2025 года и тренды 2026: что ждет бизнес в работе с AI,Средний (аналитический),5,Интервью-аналитика,Ответственность,Социальная дифференциация,Двигатель,Наблюдатель,Индивидуальное–Коллективное,
M310,https://companies.rbc.ru/news/0snb8Eoiti/itogi-2025-goda-i-trendyi-2026-chto-zhdet-biznes-v-rabote-s-ai,Итоги 2025 года и тренды 2026: что ждет бизнес в работе с AI,Средний (аналитический),6,Интервью-аналитика,Долг,Инновационный прорыв,Настройка,Новатор,Общее–Частное,
M310,https://companies.rbc.ru/news/0snb8Eoiti/itogi-2025-goda-i-trendyi-2026-chto-zhdet-biznes-v-rabote-s-ai,Итоги 2025 года и тренды 2026: что ждет бизнес в работе с AI,Средний (аналитический),7,Интервью-аналитика,Благосостояние,Финансовые связи,Ржавчина,Устроитель,Справедливость–Законность,
M310,https://companies.rbc.ru/news/0snb8Eoiti/itogi-2025-goda-i-trendyi-2026-chto-zhdet-biznes-v-rabote-s-ai,Итоги 2025 года и тренды 2026: что ждет бизнес в работе с AI,Средний (аналитический),8,Расследование,Культура,Эстетическая трансгрессия,Архитектура,Проводник,Природа–Культура,
M311,https://tech.rbc.ru,РБК Tech 2025,Средний (аналитический),1,Колонка эксперта,Закон,Суверенитет,Фундамент,Лидер,Единство–Разделение,
M311,https://tech.rbc.ru,РБК Tech 2025,Средний (аналитический),2,Комментарий эксперта,Власть,Переговорный процесс,Наступление,Оппонент,Сила–Слабость,
M311,https://tech.rbc.ru,РБК Tech 2025,Средний (аналитический),3,Колонка эксперта,Ответственность,Управление ресурсами,Рост,Устроитель,Справедливость–Законность,
M311,https://tech.rbc.ru,РБК Tech 2025,Средний (аналитический),4,Комментарий эксперта,Равенство,Экономическая динамика,Засуха,Наблюдатель,Честь–Выгода,
M311,https://tech.rbc.ru,РБК Tech 2025,Средний (аналитический),5,Аналитическая статья,Развитие,Экономический рост,Двигатель,Жертва,Общее–Частное,
M311,https://tech.rbc.ru,РБК Tech 2025,Средний (аналитический),6,Интервью-аналитика,Справедливость,Финансовые связи,Настройка,Творец,Традиция–Новаторство,
M311,https://tech.rbc.ru,РБК Tech 2025,Средний (аналитический),7,Аналитический обзор,Стабильность,Рыночная конъюнктура,Плоды,Трудолюбивый,Индивидуальное–Коллективное,
M312,https://www.rbc.ru/industries/news/6982112f9a7947c37b46936c,Исследование РБК выявило лучшие платформы для старта,Средний (аналитический),1,Аналитическая статья,Душа,Духовное прозрение,Засуха,Герой,Жизнь–Смерть,
M312,https://www.rbc.ru/industries/news/6982112f9a7947c37b46936c,Исследование РБК выявило лучшие платформы для старта,Средний (аналитический),2,Интервью-аналитика,Благополучие,Инновационный прорыв,Настройка,Устроитель,Стабильность–Перемены,
M312,https://www.rbc.ru/industries/news/6982112f9a7947c37b46936c,Исследование РБК выявило лучшие платформы для старта,Средний (аналитический),3,Интервью-аналитика,Труд,Экономический рост,Запруда,Творец,Традиция–Новаторство,
M312,https://www.rbc.ru/industries/news/6982112f9a7947c37b46936c,Исследование РБК выявило лучшие платформы для старта,Средний (аналитический),4,Колонка эксперта,Прогресс,Рыночная конъюнктура,Течение,Наблюдатель,Индивидуальное–Коллективное,
M312,https://www.rbc.ru/industries/news/6982112f9a7947c37b46936c,Исследование РБК выявило лучшие платформы для старта,Средний (аналитический),5,Расследование,Справедливость,Финансовые связи,Настройка,Трудолюбивый,Справедливость–Законность,
M312,https://www.rbc.ru/industries/news/6982112f9a7947c37b46936c,Исследование РБК выявило лучшие платформы для старта,Средний (аналитический),6,Колонка эксперта,Равенство,Экономическая модернизация,Механизм,Жертва,Честь–Выгода,
M312,https://www.rbc.ru/industries/news/6982112f9a7947c37b46936c,Исследование РБК выявило лучшие платформы для старта,Средний (аналитический),7,Комментарий эксперта,Развитие,Экономическая динамика,Цветение,Новатор,Общее–Частное,
M312,https://www.rbc.ru/industries/news/6982112f9a7947c37b46936c,Исследование РБК выявило лучшие платформы для старта,Средний (аналитический),8,Расследование,Надежда,Обретение идентичности,Наводнение,Мудрец,Вера–Знание,
M313,https://www.rbc.ru/industries/tag/statistics,"Статистика - читать об открытии, ведении и развитии бизнеса в",Средний (аналитический),1,Интервью-аналитика,Благополучие,Финансовые связи,Наводнение,Устроитель,Общее–Частное,
M313,https://www.rbc.ru/industries/tag/statistics,"Статистика - читать об открытии, ведении и развитии бизнеса в",Средний (аналитический),2,Аналитический обзор,Равенство,Социальная дифференциация,Прививка,Жертва,Традиция–Новаторство,
M313,https://www.rbc.ru/industries/tag/statistics,"Статистика - читать об открытии, ведении и развитии бизнеса в",Средний (аналитический),3,Аналитический обзор,Справедливость,Рыночная конъюнктура,Увядание,Творец,Честь–Выгода,
M313,https://www.rbc.ru/industries/tag/statistics,"Статистика - читать об открытии, ведении и развитии бизнеса в",Средний (аналитический),4,Аналитическая статья,Благосостояние,Управление ресурсами,Механизм,Трудолюбивый,Справедливость–Законность,
M313,https://www.rbc.ru/industries/tag/statistics,"Статистика - читать об открытии, ведении и развитии бизнеса в",Средний (аналитический),5,Расследование,Ответственность,Экономическая модернизация,Корни,Новатор,Стабильность–Перемены,
M313,https://www.rbc.ru/industries/tag/statistics,"Статистика - читать об открытии, ведении и развитии бизнеса в",Средний (аналитический),6,Расследование,Сила,Борьба за власть,Премьера,Страж,Свобода–Безопасность,
M313,https://www.rbc.ru/industries/tag/statistics,"Статистика - читать об открытии, ведении и развитии бизнеса в",Средний (аналитический),7,Расследование,Труд,Экономическая динамика,Увядание,Наблюдатель,Индивидуальное–Коллективное,
M313,https://www.rbc.ru/industries/tag/statistics,"Статистика - читать об открытии, ведении и развитии бизнеса в",Средний (аналитический),8,Расследование,Развитие,Инновационный прорыв,Засуха,Новатор,Справедливость–Законность,
M313,https://www.rbc.ru/industries/tag/statistics,"Статистика - читать об открытии, ведении и развитии бизнеса в",Средний (аналитический),9,Расследование,Закон,Переговорный процесс,Заслон,Защитник,Свой–Чужой,
M314,https://pro.rbc.ru/channel/tech,"Технологии — материалы, статьи, исследования и кейсы :: РБК",Средний (аналитический),1,Расследование,Свобода,Борьба за власть,Трагедия,Враг,Равенство–Иерархия,
M314,https://pro.rbc.ru/channel/tech,"Технологии — материалы, статьи, исследования и кейсы :: РБК",Средний (аналитический),2,Расследование,Порядок,Политическая трансформация,Разрушение,Лидер,Порядок–Хаос,
M314,https://pro.rbc.ru/channel/tech,"Технологии — материалы, статьи, исследования и кейсы :: РБК",Средний (аналитический),3,Колонка эксперта,Сила,Внешняя угроза,Архитектура,Манипулятор,Свой–Чужой,
M314,https://pro.rbc.ru/channel/tech,"Технологии — материалы, статьи, исследования и кейсы :: РБК",Средний (аналитический),4,Расследование,Честь,Демографическая динамика,Заслон,Герой,Свобода–Безопасность,
M314,https://pro.rbc.ru/channel/tech,"Технологии — материалы, статьи, исследования и кейсы :: РБК",Средний (аналитический),5,Расследование,Власть,Переговорный процесс,Премьера,Страж,Сила–Слабость,
M314,https://pro.rbc.ru/channel/tech,"Технологии — материалы, статьи, исследования и кейсы :: РБК",Средний (аналитический),6,Интервью-аналитика,Суверенитет,Государственный контроль,Фундамент,Защитник,Единство–Разделение,
M314,https://pro.rbc.ru/channel/tech,"Технологии — материалы, статьи, исследования и кейсы :: РБК",Средний (аналитический),7,Интервью-аналитика,Ответственность,Политическая трансформация,Спектакль,Оппонент,Порядок–Хаос,
M314,https://pro.rbc.ru/channel/tech,"Технологии — материалы, статьи, исследования и кейсы :: РБК",Средний (аналитический),8,Колонка эксперта,Справедливость,Суверенитет,Осада,Лидер,Порядок–Хаос,
M315,https://www.rbc.ru/industries/news/69cb767c9a79475d84a4e061,Как бизнесу стать технологичнее без перестройки подразделений,Средний (аналитический),1,Аналитическая статья,Благополучие,Экономическая динамика,Семя,Творец,Стабильность–Перемены,
M315,https://www.rbc.ru/industries/news/69cb767c9a79475d84a4e061,Как бизнесу стать технологичнее без перестройки подразделений,Средний (аналитический),2,Аналитический обзор,Благосостояние,Финансовые связи,Ржавчина,Жертва,Традиция–Новаторство,
M315,https://www.rbc.ru/industries/news/69cb767c9a79475d84a4e061,Как бизнесу стать технологичнее без перестройки подразделений,Средний (аналитический),3,Аналитический обзор,Честь,Социальная солидарность,Корни,Бунтарь,Равенство–Иерархия,
M315,https://www.rbc.ru/industries/news/69cb767c9a79475d84a4e061,Как бизнесу стать технологичнее без перестройки подразделений,Средний (аналитический),4,Аналитическая статья,Ответственность,Социальная дифференциация,Шестерёнка,Новатор,Справедливость–Законность,
M315,https://www.rbc.ru/industries/news/69cb767c9a79475d84a4e061,Как бизнесу стать технологичнее без перестройки подразделений,Средний (аналитический),5,Расследование,Труд,Экономический рост,Ржавчина,Устроитель,Честь–Выгода,
M315,https://www.rbc.ru/industries/news/69cb767c9a79475d84a4e061,Как бизнесу стать технологичнее без перестройки подразделений,Средний (аналитический),6,Интервью-аналитика,Развитие,Рыночная конъюнктура,Поток,Наблюдатель,Индивидуальное–Коллективное,
M315,https://www.rbc.ru/industries/news/69cb767c9a79475d84a4e061,Как бизнесу стать технологичнее без перестройки подразделений,Средний (аналитический),7,Интервью-аналитика,Долг,Демографическая динамика,Наступление,Герой,Свобода–Безопасность,
M316,https://www.rbc.ru/industries/tag/analytics,"Аналитика - читать об открытии, ведении и развитии бизнеса в",Средний (аналитический),1,Колонка эксперта,Ответственность,Рыночная конъюнктура,Рост,Устроитель,Стабильность–Перемены,
M316,https://www.rbc.ru/industries/tag/analytics,"Аналитика - читать об открытии, ведении и развитии бизнеса в",Средний (аналитический),2,Комментарий эксперта,Благополучие,Экономическая динамика,Шестерёнка,Трудолюбивый,Общее–Частное,
M316,https://www.rbc.ru/industries/tag/analytics,"Аналитика - читать об открытии, ведении и развитии бизнеса в",Средний (аналитический),3,Комментарий эксперта,Мужество,Потеря смыслов,Граница,Герой,Истина–Ложь,
M316,https://www.rbc.ru/industries/tag/analytics,"Аналитика - читать об открытии, ведении и развитии бизнеса в",Средний (аналитический),4,Комментарий эксперта,Стабильность,Экономический рост,Механизм,Новатор,Честь–Выгода,
M316,https://www.rbc.ru/industries/tag/analytics,"Аналитика - читать об открытии, ведении и развитии бизнеса в",Средний (аналитический),5,Колонка эксперта,Справедливость,Управление ресурсами,Плоды,Творец,Традиция–Новаторство,
M316,https://www.rbc.ru/industries/tag/analytics,"Аналитика - читать об открытии, ведении и развитии бизнеса в",Средний (аналитический),6,Аналитический обзор,Прогресс,Социальная дифференциация,Двигатель,Жертва,Справедливость–Законность,
M316,https://www.rbc.ru/industries/tag/analytics,"Аналитика - читать об открытии, ведении и развитии бизнеса в",Средний (аналитический),7,Колонка эксперта,Труд,Инновационный прорыв,Засуха,Наблюдатель,Индивидуальное–Коллективное,
M316,https://www.rbc.ru/industries/tag/analytics,"Аналитика - читать об открытии, ведении и развитии бизнеса в",Средний (аналитический),8,Аналитический обзор,Благосостояние,Экономическая модернизация,Устье,Наблюдатель,Индивидуальное–Коллективное,
M317,https://reading-hall.ru/contents.php?id=3689,"Литературный журнал «Дружба народов» 2, 2025 - Читальный зал",Медленный (культурная публицистика),1,Лонгрид,Истина,Традиция и новаторство,Прививка,Творец,Истина–Ложь,
M317,https://reading-hall.ru/contents.php?id=3689,"Литературный журнал «Дружба народов» 2, 2025 - Читальный зал",Медленный (культурная публицистика),2,Очерк,Красота,Культурная гибридизация,Прививка,Новатор,Дух–Материя,
M317,https://reading-hall.ru/contents.php?id=3689,"Литературный журнал «Дружба народов» 2, 2025 - Читальный зал",Медленный (культурная публицистика),3,Колонка,Родина,Идентичностный кризис,Центр,Хранитель,Прошлое–Будущее,
M317,https://reading-hall.ru/contents.php?id=3689,"Литературный журнал «Дружба народов» 2, 2025 - Читальный зал",Медленный (культурная публицистика),4,Колонка,Культура,Культурная память,Цветение,Мудрец,Традиция–Новаторство,
M317,https://reading-hall.ru/contents.php?id=3689,"Литературный журнал «Дружба народов» 2, 2025 - Читальный зал",Медленный (культурная публицистика),5,Колонка,Традиция,Культурный канон,Засуха,Наблюдатель,Природа–Культура,
M317,https://reading-hall.ru/contents.php?id=3689,"Литературный журнал «Дружба народов» 2, 2025 - Читальный зал",Медленный (культурная публицистика),6,Интервью,Душа,Нравственный поиск,Реконструкция,Проводник,Открытость–Закрытость,
M317,https://reading-hall.ru/contents.php?id=3689,"Литературный журнал «Дружба народов» 2, 2025 - Читальный зал",Медленный (культурная публицистика),7,Интервью,Память,Эстетическая трансгрессия,Разрушение,Мудрец,Открытость–Закрытость,
M317,https://reading-hall.ru/contents.php?id=3689,"Литературный журнал «Дружба народов» 2, 2025 - Читальный зал",Медленный (культурная публицистика),8,Эссе,Идентичность,Традиция и новаторство,Простор,Хранитель,Природа–Культура,
M318,https://reading-hall.ru/contents.php?id=3663,"Литературный журнал «Дружба народов» 1, 2025 - Читальный зал",Медленный (культурная публицистика),1,Лонгрид,Благополучие,Рыночная конъюнктура,Двигатель,Новатор,Общее–Частное,
M318,https://reading-hall.ru/contents.php?id=3663,"Литературный журнал «Дружба народов» 1, 2025 - Читальный зал",Медленный (культурная публицистика),2,Колонка,Истина,Эстетическая трансгрессия,Периферия,Творец,Прошлое–Будущее,
M318,https://reading-hall.ru/contents.php?id=3663,"Литературный журнал «Дружба народов» 1, 2025 - Читальный зал",Медленный (культурная публицистика),3,Интервью,Память,Идентичностный кризис,Рост,Мудрец,Дух–Материя,
M318,https://reading-hall.ru/contents.php?id=3663,"Литературный журнал «Дружба народов» 1, 2025 - Читальный зал",Медленный (культурная публицистика),4,Репортаж-эссе,Стабильность,Социальная дифференциация,Ржавчина,Жертва,Традиция–Новаторство,
M318,https://reading-hall.ru/contents.php?id=3663,"Литературный журнал «Дружба народов» 1, 2025 - Читальный зал",Медленный (культурная публицистика),5,Колонка,Вера,Культурная гибридизация,Центр,Проводник,Открытость–Закрытость,
M318,https://reading-hall.ru/contents.php?id=3663,"Литературный журнал «Дружба народов» 1, 2025 - Читальный зал",Медленный (культурная публицистика),6,Репортаж-эссе,Идентичность,Нравственный поиск,Горизонт,Наблюдатель,Природа–Культура,
M318,https://reading-hall.ru/contents.php?id=3663,"Литературный журнал «Дружба народов» 1, 2025 - Читальный зал",Медленный (культурная публицистика),7,Рецензия,Душа,Культурная память,Периферия,Хранитель,Истина–Ложь,
M318,https://reading-hall.ru/contents.php?id=3663,"Литературный журнал «Дружба народов» 1, 2025 - Читальный зал",Медленный (культурная публицистика),8,Культурная публицистика,Справедливость,Экономический рост,Волна,Устроитель,Справедливость–Законность,
M319,https://reading-hall.ru/contents.php?id=3609,"Литературный журнал «Дружба народов» 9, 2024 - Читальный зал",Медленный (культурная публицистика),1,Рецензия,Вера,Культурная память,Путь,Мудрец,Истина–Ложь,
M319,https://reading-hall.ru/contents.php?id=3609,"Литературный журнал «Дружба народов» 9, 2024 - Читальный зал",Медленный (культурная публицистика),2,Лонгрид,Истина,Эстетическая трансгрессия,Горизонт,Наблюдатель,Традиция–Новаторство,
M319,https://reading-hall.ru/contents.php?id=3609,"Литературный журнал «Дружба народов» 9, 2024 - Читальный зал",Медленный (культурная публицистика),3,Рецензия,Душа,Традиция и новаторство,Низ,Проводник,Дух–Материя,
M319,https://reading-hall.ru/contents.php?id=3609,"Литературный журнал «Дружба народов» 9, 2024 - Читальный зал",Медленный (культурная публицистика),4,Рецензия,Культура,Идентичностный кризис,Увядание,Творец,Открытость–Закрытость,
M319,https://reading-hall.ru/contents.php?id=3609,"Литературный журнал «Дружба народов» 9, 2024 - Читальный зал",Медленный (культурная публицистика),5,Рецензия,Родина,Нравственный поиск,Горизонт,Новатор,Природа–Культура,
M319,https://reading-hall.ru/contents.php?id=3609,"Литературный журнал «Дружба народов» 9, 2024 - Читальный зал",Медленный (культурная публицистика),6,Культурная публицистика,Идентичность,Культурная гибридизация,Цветение,Хранитель,Прошлое–Будущее,
M319,https://reading-hall.ru/contents.php?id=3609,"Литературный журнал «Дружба народов» 9, 2024 - Читальный зал",Медленный (культурная публицистика),7,Лонгрид,Образование,Культурный канон,Центр,Мудрец,Дух–Материя,
M319,https://reading-hall.ru/contents.php?id=3609,"Литературный журнал «Дружба народов» 9, 2024 - Читальный зал",Медленный (культурная публицистика),8,Рецензия,Память,Традиция и новаторство,Крепость,Новатор,Истина–Ложь,
M320,https://www.forbes.ru/tegi/kultura,Культура – новости и статьи по тегу | Forbes.ru,Медленный (культурная публицистика),1,Рецензия,Образование,Культурная гибридизация,Перестройка,Хранитель,Истина–Ложь,
M320,https://www.forbes.ru/tegi/kultura,Культура – новости и статьи по тегу | Forbes.ru,Медленный (культурная публицистика),2,Очерк,Истина,Традиция и новаторство,Разрушение,Мудрец,Традиция–Новаторство,
M320,https://www.forbes.ru/tegi/kultura,Культура – новости и статьи по тегу | Forbes.ru,Медленный (культурная публицистика),3,Колонка,Идентичность,Идентичностный кризис,Граница,Новатор,Прошлое–Будущее,
M320,https://www.forbes.ru/tegi/kultura,Культура – новости и статьи по тегу | Forbes.ru,Медленный (культурная публицистика),4,Очерк,Душа,Культурная память,Плоды,Проводник,Открытость–Закрытость,
M320,https://www.forbes.ru/tegi/kultura,Культура – новости и статьи по тегу | Forbes.ru,Медленный (культурная публицистика),5,Лонгрид,Красота,Культурный канон,Низ,Наблюдатель,Дух–Материя,
M320,https://www.forbes.ru/tegi/kultura,Культура – новости и статьи по тегу | Forbes.ru,Медленный (культурная публицистика),6,Колонка,Вера,Нравственный поиск,Архитектура,Творец,Природа–Культура,
M320,https://www.forbes.ru/tegi/kultura,Культура – новости и статьи по тегу | Forbes.ru,Медленный (культурная публицистика),7,Культурная публицистика,Культура,Эстетическая трансгрессия,Плоды,Хранитель,Традиция–Новаторство,
M320,https://www.forbes.ru/tegi/kultura,Культура – новости и статьи по тегу | Forbes.ru,Медленный (культурная публицистика),8,Лонгрид,Сила,Институциональная трансформация,Капитуляция,Оппонент,Равенство–Иерархия,
M321,https://www.forbes.ru/svoi-biznes/552890-ot-tazkih-trudov-k-oliv-e-i-mectam-kak-predprinimateli-zaversaut-2025-god,к оливье и мечтам: как предприниматели завершают 2025 год,Медленный (культурная публицистика),1,Очерк,Развитие,Управление ресурсами,Семя,Новатор,Справедливость–Законность,
M321,https://www.forbes.ru/svoi-biznes/552890-ot-tazkih-trudov-k-oliv-e-i-mectam-kak-predprinimateli-zaversaut-2025-god,к оливье и мечтам: как предприниматели завершают 2025 год,Медленный (культурная публицистика),2,Лонгрид,Долг,Социальная дифференциация,Системное изменение,Жертва,Традиция–Новаторство,
M321,https://www.forbes.ru/svoi-biznes/552890-ot-tazkih-trudov-k-oliv-e-i-mectam-kak-predprinimateli-zaversaut-2025-god,к оливье и мечтам: как предприниматели завершают 2025 год,Медленный (культурная публицистика),3,Интервью,Достоинство,Человеческое достоинство,Цветение,Творец,Вера–Знание,
M321,https://www.forbes.ru/svoi-biznes/552890-ot-tazkih-trudov-k-oliv-e-i-mectam-kak-predprinimateli-zaversaut-2025-god,к оливье и мечтам: как предприниматели завершают 2025 год,Медленный (культурная публицистика),4,Репортаж-эссе,Благосостояние,Рыночная конъюнктура,Двигатель,Наблюдатель,Общее–Частное,
M321,https://www.forbes.ru/svoi-biznes/552890-ot-tazkih-trudov-k-oliv-e-i-mectam-kak-predprinimateli-zaversaut-2025-god,к оливье и мечтам: как предприниматели завершают 2025 год,Медленный (культурная публицистика),5,Рецензия,Истина,Моральный выбор,Устье,Герой,Жизнь–Смерть,
M321,https://www.forbes.ru/svoi-biznes/552890-ot-tazkih-trudov-k-oliv-e-i-mectam-kak-predprinimateli-zaversaut-2025-god,к оливье и мечтам: как предприниматели завершают 2025 год,Медленный (культурная публицистика),6,Эссе,Прогресс,Инновационный прорыв,Цветение,Трудолюбивый,Индивидуальное–Коллективное,
M321,https://www.forbes.ru/svoi-biznes/552890-ot-tazkih-trudov-k-oliv-e-i-mectam-kak-predprinimateli-zaversaut-2025-god,к оливье и мечтам: как предприниматели завершают 2025 год,Медленный (культурная публицистика),7,Культурная публицистика,Смысл,Экзистенциальный кризис,Семя,Страдалец,Истина–Ложь,
M322,https://www.forbes.ru/rubriki-kanaly/video/552948-25-let-spusta-kak-izmenilas-rossijskaa-ekonomika-za-cetvert-veka,как изменилась российская экономика за четверть века - Forbes.ru,Медленный (культурная публицистика),1,Эссе,Равенство,Экономическая динамика,Двигатель,Жертва,Индивидуальное–Коллективное,
M322,https://www.forbes.ru/rubriki-kanaly/video/552948-25-let-spusta-kak-izmenilas-rossijskaa-ekonomika-za-cetvert-veka,как изменилась российская экономика за четверть века - Forbes.ru,Медленный (культурная публицистика),2,Эссе,Прогресс,Инновационный прорыв,Корни,Устроитель,Справедливость–Законность,
M322,https://www.forbes.ru/rubriki-kanaly/video/552948-25-let-spusta-kak-izmenilas-rossijskaa-ekonomika-za-cetvert-veka,как изменилась российская экономика за четверть века - Forbes.ru,Медленный (культурная публицистика),3,Колонка,Долг,Управление ресурсами,Ремонт,Новатор,Общее–Частное,
M322,https://www.forbes.ru/rubriki-kanaly/video/552948-25-let-spusta-kak-izmenilas-rossijskaa-ekonomika-za-cetvert-veka,как изменилась российская экономика за четверть века - Forbes.ru,Медленный (культурная публицистика),4,Эссе,Справедливость,Социальная дифференциация,Увядание,Трудолюбивый,Честь–Выгода,
M322,https://www.forbes.ru/rubriki-kanaly/video/552948-25-let-spusta-kak-izmenilas-rossijskaa-ekonomika-za-cetvert-veka,как изменилась российская экономика за четверть века - Forbes.ru,Медленный (культурная публицистика),5,Лонгрид,Семья,Социальная поляризация,Фронт,Защитник,Равенство–Иерархия,
M322,https://www.forbes.ru/rubriki-kanaly/video/552948-25-let-spusta-kak-izmenilas-rossijskaa-ekonomika-za-cetvert-veka,как изменилась российская экономика за четверть века - Forbes.ru,Медленный (культурная публицистика),6,Репортаж-эссе,Стабильность,Экономическая модернизация,Шестерёнка,Творец,Стабильность–Перемены,
M322,https://www.forbes.ru/rubriki-kanaly/video/552948-25-let-spusta-kak-izmenilas-rossijskaa-ekonomika-za-cetvert-veka,как изменилась российская экономика за четверть века - Forbes.ru,Медленный (культурная публицистика),7,Интервью,Благополучие,Рыночная конъюнктура,Шестерёнка,Наблюдатель,Традиция–Новаторство,
M322,https://www.forbes.ru/rubriki-kanaly/video/552948-25-let-spusta-kak-izmenilas-rossijskaa-ekonomika-za-cetvert-veka,как изменилась российская экономика за четверть века - Forbes.ru,Медленный (культурная публицистика),8,Лонгрид,Развитие,Финансовые связи,Поток,Трудолюбивый,Традиция–Новаторство,
M322,https://www.forbes.ru/rubriki-kanaly/video/552948-25-let-spusta-kak-izmenilas-rossijskaa-ekonomika-za-cetvert-veka,как изменилась российская экономика за четверть века - Forbes.ru,Медленный (культурная публицистика),9,Колонка,Труд,Экономический рост,Поток,Трудолюбивый,Стабильность–Перемены,
M323,https://www.forbes.ru/video/biznes/372259-kto-voydet-v-rossiyskiy-spisok-forbes-v-2025-godu,Кто войдет в российский список Forbes в 2025 году?,Медленный (культурная публицистика),1,Эссе,Равенство,Инновационный прорыв,Рост,Наблюдатель,Справедливость–Законность,
M323,https://www.forbes.ru/video/biznes/372259-kto-voydet-v-rossiyskiy-spisok-forbes-v-2025-godu,Кто войдет в российский список Forbes в 2025 году?,Медленный (культурная публицистика),2,Лонгрид,Прогресс,Рыночная конъюнктура,Засуха,Новатор,Общее–Частное,
M323,https://www.forbes.ru/video/biznes/372259-kto-voydet-v-rossiyskiy-spisok-forbes-v-2025-godu,Кто войдет в российский список Forbes в 2025 году?,Медленный (культурная публицистика),3,Очерк,Труд,Экономический рост,Шестерёнка,Жертва,Традиция–Новаторство,
M323,https://www.forbes.ru/video/biznes/372259-kto-voydet-v-rossiyskiy-spisok-forbes-v-2025-godu,Кто войдет в российский список Forbes в 2025 году?,Медленный (культурная публицистика),4,Культурная публицистика,Долг,Финансовые связи,Системное изменение,Трудолюбивый,Честь–Выгода,
M323,https://www.forbes.ru/video/biznes/372259-kto-voydet-v-rossiyskiy-spisok-forbes-v-2025-godu,Кто войдет в российский список Forbes в 2025 году?,Медленный (культурная публицистика),5,Колонка,Мужество,Духовное прозрение,Запруда,Творец,Свобода–Безопасность,
M323,https://www.forbes.ru/video/biznes/372259-kto-voydet-v-rossiyskiy-spisok-forbes-v-2025-godu,Кто войдет в российский список Forbes в 2025 году?,Медленный (культурная публицистика),6,Эссе,Путь,Экзистенциальный кризис,Увядание,Проводник,Вера–Знание,
M323,https://www.forbes.ru/video/biznes/372259-kto-voydet-v-rossiyskiy-spisok-forbes-v-2025-godu,Кто войдет в российский список Forbes в 2025 году?,Медленный (культурная публицистика),7,Колонка,Благополучие,Экономическая модернизация,Ржавчина,Устроитель,Стабильность–Перемены,
M324,https://www.forbes.ru/svoi-biznes/539871-pobediteli-rejtinga-samyh-perspektivnyh-rossian-do-30-let-2025,Победители рейтинга самых перспективных россиян до 30 лет,Медленный (культурная публицистика),1,Колонка,Труд,Рыночная конъюнктура,Системное изменение,Жертва,Стабильность–Перемены,
M324,https://www.forbes.ru/svoi-biznes/539871-pobediteli-rejtinga-samyh-perspektivnyh-rossian-do-30-let-2025,Победители рейтинга самых перспективных россиян до 30 лет,Медленный (культурная публицистика),2,Эссе,Ответственность,Экономическая модернизация,Течение,Устроитель,Справедливость–Законность,
M324,https://www.forbes.ru/svoi-biznes/539871-pobediteli-rejtinga-samyh-perspektivnyh-rossian-do-30-let-2025,Победители рейтинга самых перспективных россиян до 30 лет,Медленный (культурная публицистика),3,Лонгрид,Прогресс,Экономический рост,Настройка,Трудолюбивый,Общее–Частное,
M324,https://www.forbes.ru/svoi-biznes/539871-pobediteli-rejtinga-samyh-perspektivnyh-rossian-do-30-let-2025,Победители рейтинга самых перспективных россиян до 30 лет,Медленный (культурная публицистика),4,Репортаж-эссе,Благосостояние,Социальная дифференциация,Запруда,Наблюдатель,Индивидуальное–Коллективное,
M324,https://www.forbes.ru/svoi-biznes/539871-pobediteli-rejtinga-samyh-perspektivnyh-rossian-do-30-let-2025,Победители рейтинга самых перспективных россиян до 30 лет,Медленный (культурная публицистика),5,Очерк,Развитие,Экономическая динамика,Волна,Новатор,Традиция–Новаторство,
M324,https://www.forbes.ru/svoi-biznes/539871-pobediteli-rejtinga-samyh-perspektivnyh-rossian-do-30-let-2025,Победители рейтинга самых перспективных россиян до 30 лет,Медленный (культурная публицистика),6,Рецензия,Долг,Финансовые связи,Двигатель,Творец,Честь–Выгода,
M324,https://www.forbes.ru/svoi-biznes/539871-pobediteli-rejtinga-samyh-perspektivnyh-rossian-do-30-let-2025,Победители рейтинга самых перспективных россиян до 30 лет,Медленный (культурная публицистика),7,Культурная публицистика,Справедливость,Инновационный прорыв,Поток,Новатор,Индивидуальное–Коллективное,
M324,https://www.forbes.ru/svoi-biznes/539871-pobediteli-rejtinga-samyh-perspektivnyh-rossian-do-30-let-2025,Победители рейтинга самых перспективных россиян до 30 лет,Медленный (культурная публицистика),8,Репортаж-эссе,Равенство,Управление ресурсами,Ремонт,Жертва,Индивидуальное–Коллективное,
M324,https://www.forbes.ru/svoi-biznes/539871-pobediteli-rejtinga-samyh-perspektivnyh-rossian-do-30-let-2025,Победители рейтинга самых перспективных россиян до 30 лет,Медленный (культурная публицистика),9,Очерк,Стабильность,Инновационный прорыв,Поломка,Трудолюбивый,Традиция–Новаторство,
M325,https://www.gazeta.ru/business/ekonompolitika,"Экономическая политика, новости - Газета.Ru",Медленный (культурная публицистика),1,Очерк,Прогресс,Экономический рост,Исток,Наблюдатель,Традиция–Новаторство,
M325,https://www.gazeta.ru/business/ekonompolitika,"Экономическая политика, новости - Газета.Ru",Медленный (культурная публицистика),2,Очерк,Благополучие,Экономическая модернизация,Корни,Новатор,Справедливость–Законность,
M325,https://www.gazeta.ru/business/ekonompolitika,"Экономическая политика, новости - Газета.Ru",Медленный (культурная публицистика),3,Культурная публицистика,Благосостояние,Рыночная конъюнктура,Двигатель,Жертва,Честь–Выгода,
M325,https://www.gazeta.ru/business/ekonompolitika,"Экономическая политика, новости - Газета.Ru",Медленный (культурная публицистика),4,Лонгрид,Долг,Управление ресурсами,Плоды,Трудолюбивый,Общее–Частное,
M325,https://www.gazeta.ru/business/ekonompolitika,"Экономическая политика, новости - Газета.Ru",Медленный (культурная публицистика),5,Культурная публицистика,Справедливость,Финансовые связи,Цветение,Устроитель,Стабильность–Перемены,
M325,https://www.gazeta.ru/business/ekonompolitika,"Экономическая политика, новости - Газета.Ru",Медленный (культурная публицистика),6,Репортаж-эссе,Труд,Инновационный прорыв,Семя,Творец,Индивидуальное–Коллективное,
M325,https://www.gazeta.ru/business/ekonompolitika,"Экономическая политика, новости - Газета.Ru",Медленный (культурная публицистика),7,Лонгрид,Стабильность,Социальная дифференциация,Системное изменение,Устроитель,Справедливость–Законность,
M325,https://www.gazeta.ru/business/ekonompolitika,"Экономическая политика, новости - Газета.Ru",Медленный (культурная публицистика),8,Интервью,Ответственность,Экономическая динамика,Течение,Жертва,Честь–Выгода,
M326,https://www.gazeta.ru/politics,Политические новости - Газета.Ru,Медленный (культурная публицистика),1,Лонгрид,Долг,Суверенитет,Мобилизация,Враг,Единство–Разделение,
M326,https://www.gazeta.ru/politics,Политические новости - Газета.Ru,Медленный (культурная публицистика),2,Культурная публицистика,Закон,Конфликт интересов,Мобилизация,Страж,Сила–Слабость,
M326,https://www.gazeta.ru/politics,Политические новости - Газета.Ru,Медленный (культурная публицистика),3,Лонгрид,Истина,Культурный канон,Горизонт,Новатор,Прошлое–Будущее,
M326,https://www.gazeta.ru/politics,Политические новости - Газета.Ru,Медленный (культурная публицистика),4,Очерк,Справедливость,Переговорный процесс,Разрушение,Защитник,Равенство–Иерархия,
M326,https://www.gazeta.ru/politics,Политические новости - Газета.Ru,Медленный (культурная публицистика),5,Колонка,Вера,Культурная гибридизация,Путь,Творец,Истина–Ложь,
M326,https://www.gazeta.ru/politics,Политические новости - Газета.Ru,Медленный (культурная публицистика),6,Рецензия,Красота,Эстетическая трансгрессия,Увядание,Хранитель,Дух–Материя,
M326,https://www.gazeta.ru/politics,Политические новости - Газета.Ru,Медленный (культурная публицистика),7,Репортаж-эссе,Суверенитет,Политическая трансформация,Кулисы,Оппонент,Свобода–Безопасность,
M326,https://www.gazeta.ru/politics,Политические новости - Газета.Ru,Медленный (культурная публицистика),8,Культурная публицистика,Культура,Культурная память,Семя,Мудрец,Открытость–Закрытость,
M327,https://www.gazeta.ru/business,Новости экономики и бизнеса - Газета.Ru,Медленный (культурная публицистика),1,Рецензия,Равенство,Финансовые связи,Цветение,Трудолюбивый,Традиция–Новаторство,
M327,https://www.gazeta.ru/business,Новости экономики и бизнеса - Газета.Ru,Медленный (культурная публицистика),2,Лонгрид,Стабильность,Социальная дифференциация,Корни,Творец,Индивидуальное–Коллективное,
M327,https://www.gazeta.ru/business,Новости экономики и бизнеса - Газета.Ru,Медленный (культурная публицистика),3,Колонка,Развитие,Экономический рост,Запруда,Наблюдатель,Честь–Выгода,
M327,https://www.gazeta.ru/business,Новости экономики и бизнеса - Газета.Ru,Медленный (культурная публицистика),4,Культурная публицистика,Ответственность,Управление ресурсами,Шестерёнка,Новатор,Стабильность–Перемены,
M327,https://www.gazeta.ru/business,Новости экономики и бизнеса - Газета.Ru,Медленный (культурная публицистика),5,Лонгрид,Долг,Инновационный прорыв,Исток,Жертва,Справедливость–Законность,
M327,https://www.gazeta.ru/business,Новости экономики и бизнеса - Газета.Ru,Медленный (культурная публицистика),6,Культурная публицистика,Благополучие,Рыночная конъюнктура,Шестерёнка,Устроитель,Общее–Частное,
M327,https://www.gazeta.ru/business,Новости экономики и бизнеса - Газета.Ru,Медленный (культурная публицистика),7,Очерк,Прогресс,Экономическая динамика,Семя,Устроитель,Индивидуальное–Коллективное,
M327,https://www.gazeta.ru/business,Новости экономики и бизнеса - Газета.Ru,Медленный (культурная публицистика),8,Эссе,Суверенитет,Политическая трансформация,Капитуляция,Лидер,Сила–Слабость,
M328,https://www.gazeta.press/business/news/2025/02/18/25107812.shtml,Россиянам пообещали рост экономики в 2025 году - Газета.ру,Медленный (культурная публицистика),1,Очерк,Ответственность,Экономический рост,Прививка,Трудолюбивый,Справедливость–Законность,
M328,https://www.gazeta.press/business/news/2025/02/18/25107812.shtml,Россиянам пообещали рост экономики в 2025 году - Газета.ру,Медленный (культурная публицистика),2,Интервью,Труд,Социальная дифференциация,Поток,Творец,Традиция–Новаторство,
M328,https://www.gazeta.press/business/news/2025/02/18/25107812.shtml,Россиянам пообещали рост экономики в 2025 году - Газета.ру,Медленный (культурная публицистика),3,Очерк,Справедливость,Управление ресурсами,Наводнение,Наблюдатель,Индивидуальное–Коллективное,
M328,https://www.gazeta.press/business/news/2025/02/18/25107812.shtml,Россиянам пообещали рост экономики в 2025 году - Газета.ру,Медленный (культурная публицистика),4,Лонгрид,Прогресс,Финансовые связи,Засуха,Жертва,Общее–Частное,
M328,https://www.gazeta.press/business/news/2025/02/18/25107812.shtml,Россиянам пообещали рост экономики в 2025 году - Газета.ру,Медленный (культурная публицистика),5,Лонгрид,Образование,Эстетическая трансгрессия,Увядание,Мудрец,Дух–Материя,
M328,https://www.gazeta.press/business/news/2025/02/18/25107812.shtml,Россиянам пообещали рост экономики в 2025 году - Газета.ру,Медленный (культурная публицистика),6,Лонгрид,Долг,Рыночная конъюнктура,Шестерёнка,Устроитель,Честь–Выгода,
M328,https://www.gazeta.press/business/news/2025/02/18/25107812.shtml,Россиянам пообещали рост экономики в 2025 году - Газета.ру,Медленный (культурная публицистика),7,Репортаж-эссе,Равенство,Инновационный прорыв,Запруда,Новатор,Стабильность–Перемены,
M329,https://monocle.ru/monocle/2025/15/zolotoye-yabloko-dokatilos-do-liderstva,«Золотое яблоко» докатилось до лидерства (7  - Monocle.ru,Медленный (культурная публицистика),1,Лонгрид,Безопасность,Межпоколенческие отношения,Фронт,Защитник,Свой–Чужой,
M329,https://monocle.ru/monocle/2025/15/zolotoye-yabloko-dokatilos-do-liderstva,«Золотое яблоко» докатилось до лидерства (7  - Monocle.ru,Медленный (культурная публицистика),2,Колонка,Солидарность,Социальная солидарность,Увядание,Жертва,Общее–Частное,
M329,https://monocle.ru/monocle/2025/15/zolotoye-yabloko-dokatilos-do-liderstva,«Золотое яблоко» докатилось до лидерства (7  - Monocle.ru,Медленный (культурная публицистика),3,Очерк,Надежда,Жизненный путь,Запруда,Герой,Свобода–Безопасность,
M329,https://monocle.ru/monocle/2025/15/zolotoye-yabloko-dokatilos-do-liderstva,«Золотое яблоко» докатилось до лидерства (7  - Monocle.ru,Медленный (культурная публицистика),4,Колонка,Семья,Миграционная волна,Реконструкция,Страдалец,Справедливость–Законность,
M329,https://monocle.ru/monocle/2025/15/zolotoye-yabloko-dokatilos-do-liderstva,«Золотое яблоко» докатилось до лидерства (7  - Monocle.ru,Медленный (культурная публицистика),5,Репортаж-эссе,Достоинство,Культурная трансформация,Наступление,Бунтарь,Равенство–Иерархия,
M329,https://monocle.ru/monocle/2025/15/zolotoye-yabloko-dokatilos-do-liderstva,«Золотое яблоко» докатилось до лидерства (7  - Monocle.ru,Медленный (культурная публицистика),6,Интервью,Долг,Демографическая динамика,Фундамент,Свидетель,Добро–Зло,
M329,https://monocle.ru/monocle/2025/15/zolotoye-yabloko-dokatilos-do-liderstva,«Золотое яблоко» докатилось до лидерства (7  - Monocle.ru,Медленный (культурная публицистика),7,Эссе,Правда,Социальная мобильность,Реконструкция,Страдалец,Справедливость–Законность,
M329,https://monocle.ru/monocle/2025/15/zolotoye-yabloko-dokatilos-do-liderstva,«Золотое яблоко» докатилось до лидерства (7  - Monocle.ru,Медленный (культурная публицистика),8,Лонгрид,Справедливость,Социальная поляризация,Засуха,Бунтарь,Добро–Зло,
M330,https://www.kp.ru/daily/27715.5/5103383,"На ПМЭФ-2025 рассказали, как культурные коды становятся",Медленный (культурная публицистика),1,Культурная публицистика,Суверенитет,Внешняя угроза,Режиссура,Лидер,Равенство–Иерархия,
M330,https://www.kp.ru/daily/27715.5/5103383,"На ПМЭФ-2025 рассказали, как культурные коды становятся",Медленный (культурная публицистика),2,Лонгрид,Идентичность,Идентичностный кризис,Граница,Творец,Прошлое–Будущее,
M330,https://www.kp.ru/daily/27715.5/5103383,"На ПМЭФ-2025 рассказали, как культурные коды становятся",Медленный (культурная публицистика),3,Интервью,Красота,Культурная гибридизация,Перестройка,Хранитель,Дух–Материя,
M330,https://www.kp.ru/daily/27715.5/5103383,"На ПМЭФ-2025 рассказали, как культурные коды становятся",Медленный (культурная публицистика),4,Очерк,Истина,Эстетическая трансгрессия,Разрушение,Мудрец,Открытость–Закрытость,
M330,https://www.kp.ru/daily/27715.5/5103383,"На ПМЭФ-2025 рассказали, как культурные коды становятся",Медленный (культурная публицистика),5,Интервью,Традиция,Традиция и новаторство,Засуха,Новатор,Истина–Ложь,
M330,https://www.kp.ru/daily/27715.5/5103383,"На ПМЭФ-2025 рассказали, как культурные коды становятся",Медленный (культурная публицистика),6,Эссе,Вера,Культурная память,Граница,Проводник,Традиция–Новаторство,
M330,https://www.kp.ru/daily/27715.5/5103383,"На ПМЭФ-2025 рассказали, как культурные коды становятся",Медленный (культурная публицистика),7,Репортаж-эссе,Память,Культурный канон,Увядание,Наблюдатель,Природа–Культура,
M330,https://www.kp.ru/daily/27715.5/5103383,"На ПМЭФ-2025 рассказали, как культурные коды становятся",Медленный (культурная публицистика),8,Лонгрид,Душа,Нравственный поиск,Засуха,Мудрец,Истина–Ложь,
M330,https://www.kp.ru/daily/27715.5/5103383,"На ПМЭФ-2025 рассказали, как культурные коды становятся",Медленный (культурная публицистика),9,Культурная публицистика,Родина,Нравственный поиск,Низ,Мудрец,Открытость–Закрытость,
M331,https://www.kp.ru/online/news/6568624,Путин принял участие в XI международном форуме,Медленный (культурная публицистика),1,Репортаж-эссе,Равенство,Конфликт интересов,Фронт,Лидер,Свой–Чужой,
M331,https://www.kp.ru/online/news/6568624,Путин принял участие в XI международном форуме,Медленный (культурная публицистика),2,Рецензия,Власть,Политическая трансформация,Маска,Оппонент,Свобода–Безопасность,
M331,https://www.kp.ru/online/news/6568624,Путин принял участие в XI международном форуме,Медленный (культурная публицистика),3,Лонгрид,Свобода,Государственный контроль,Фронт,Манипулятор,Порядок–Хаос,
M331,https://www.kp.ru/online/news/6568624,Путин принял участие в XI международном форуме,Медленный (культурная публицистика),4,Культурная публицистика,Сила,Суверенитет,Осада,Страж,Единство–Разделение,
M331,https://www.kp.ru/online/news/6568624,Путин принял участие в XI международном форуме,Медленный (культурная публицистика),5,Репортаж-эссе,Справедливость,Внешняя угроза,Строительство,Враг,Сила–Слабость,
M331,https://www.kp.ru/online/news/6568624,Путин принял участие в XI международном форуме,Медленный (культурная публицистика),6,Культурная публицистика,Порядок,Переговорный процесс,Маска,Защитник,Равенство–Иерархия,
M331,https://www.kp.ru/online/news/6568624,Путин принял участие в XI международном форуме,Медленный (культурная публицистика),7,Культурная публицистика,Закон,Институциональная трансформация,Спектакль,Лидер,Свой–Чужой,
M331,https://www.kp.ru/online/news/6568624,Путин принял участие в XI международном форуме,Медленный (культурная публицистика),8,Колонка,Ответственность,Борьба за власть,Спектакль,Враг,Свобода–Безопасность,
M332,https://www.kp.ru/daily/27653/5038864,Что год 2025 нам готовит: Какие тренды будут  - KP.RU,Медленный (культурная публицистика),1,Репортаж-эссе,Память,Эстетическая трансгрессия,Путь,Наблюдатель,Природа–Культура,
M332,https://www.kp.ru/daily/27653/5038864,Что год 2025 нам готовит: Какие тренды будут  - KP.RU,Медленный (культурная публицистика),2,Рецензия,Традиция,Культурная гибридизация,Засуха,Творец,Дух–Материя,
M332,https://www.kp.ru/daily/27653/5038864,Что год 2025 нам готовит: Какие тренды будут  - KP.RU,Медленный (культурная публицистика),3,Рецензия,Душа,Нравственный поиск,Реконструкция,Мудрец,Прошлое–Будущее,
M332,https://www.kp.ru/daily/27653/5038864,Что год 2025 нам готовит: Какие тренды будут  - KP.RU,Медленный (культурная публицистика),4,Лонгрид,Культура,Идентичностный кризис,Граница,Новатор,Традиция–Новаторство,
M332,https://www.kp.ru/daily/27653/5038864,Что год 2025 нам готовит: Какие тренды будут  - KP.RU,Медленный (культурная публицистика),5,Эссе,Образование,Культурный канон,Центр,Хранитель,Истина–Ложь,
M332,https://www.kp.ru/daily/27653/5038864,Что год 2025 нам готовит: Какие тренды будут  - KP.RU,Медленный (культурная публицистика),6,Интервью,Истина,Традиция и новаторство,Разрушение,Проводник,Открытость–Закрытость,
M332,https://www.kp.ru/daily/27653/5038864,Что год 2025 нам готовит: Какие тренды будут  - KP.RU,Медленный (культурная публицистика),7,Лонгрид,Вера,Культурная память,Реконструкция,Творец,Природа–Культура,
M333,https://www.kp.ru/online/news/6430695,Максим Древаль: Запрет русского языка – попытка лишить,Медленный (культурная публицистика),1,Лонгрид,Традиция,Идентичностный кризис,Строительство,Проводник,Природа–Культура,
M333,https://www.kp.ru/online/news/6430695,Максим Древаль: Запрет русского языка – попытка лишить,Медленный (культурная публицистика),2,Культурная публицистика,Душа,Культурный канон,Корни,Наблюдатель,Дух–Материя,
M333,https://www.kp.ru/online/news/6430695,Максим Древаль: Запрет русского языка – попытка лишить,Медленный (культурная публицистика),3,Эссе,Память,Традиция и новаторство,Архитектура,Новатор,Традиция–Новаторство,
M333,https://www.kp.ru/online/news/6430695,Максим Древаль: Запрет русского языка – попытка лишить,Медленный (культурная публицистика),4,Интервью,Идентичность,Нравственный поиск,Строительство,Творец,Истина–Ложь,
M333,https://www.kp.ru/online/news/6430695,Максим Древаль: Запрет русского языка – попытка лишить,Медленный (культурная публицистика),5,Лонгрид,Красота,Эстетическая трансгрессия,Перестройка,Мудрец,Прошлое–Будущее,
M333,https://www.kp.ru/online/news/6430695,Максим Древаль: Запрет русского языка – попытка лишить,Медленный (культурная публицистика),6,Культурная публицистика,Истина,Культурная память,Горизонт,Хранитель,Открытость–Закрытость,
M333,https://www.kp.ru/online/news/6430695,Максим Древаль: Запрет русского языка – попытка лишить,Медленный (культурная публицистика),7,Рецензия,Вера,Культурная гибридизация,Прививка,Проводник,Истина–Ложь,
M334,https://www.kp.ru/daily/27670.5/5021397,Какова должна быть роль культуры в устойчивом развитии - KP.RU,Медленный (культурная публицистика),1,Лонгрид,Долг,Экономический рост,Корни,Жертва,Честь–Выгода,
M334,https://www.kp.ru/daily/27670.5/5021397,Какова должна быть роль культуры в устойчивом развитии - KP.RU,Медленный (культурная публицистика),2,Эссе,Благополучие,Экономическая динамика,Запруда,Творец,Общее–Частное,
M334,https://www.kp.ru/daily/27670.5/5021397,Какова должна быть роль культуры в устойчивом развитии - KP.RU,Медленный (культурная публицистика),3,Эссе,Благосостояние,Социальная дифференциация,Рост,Трудолюбивый,Традиция–Новаторство,
M334,https://www.kp.ru/daily/27670.5/5021397,Какова должна быть роль культуры в устойчивом развитии - KP.RU,Медленный (культурная публицистика),4,Эссе,Стабильность,Рыночная конъюнктура,Запруда,Наблюдатель,Справедливость–Законность,
M334,https://www.kp.ru/daily/27670.5/5021397,Какова должна быть роль культуры в устойчивом развитии - KP.RU,Медленный (культурная публицистика),5,Колонка,Развитие,Финансовые связи,Устье,Новатор,Стабильность–Перемены,
M334,https://www.kp.ru/daily/27670.5/5021397,Какова должна быть роль культуры в устойчивом развитии - KP.RU,Медленный (культурная публицистика),6,Колонка,Прогресс,Экономическая модернизация,Рост,Устроитель,Индивидуальное–Коллективное,
M334,https://www.kp.ru/daily/27670.5/5021397,Какова должна быть роль культуры в устойчивом развитии - KP.RU,Медленный (культурная публицистика),7,Колонка,Труд,Управление ресурсами,Запруда,Наблюдатель,Справедливость–Законность,
M334,https://www.kp.ru/daily/27670.5/5021397,Какова должна быть роль культуры в устойчивом развитии - KP.RU,Медленный (культурная публицистика),8,Репортаж-эссе,Справедливость,Инновационный прорыв,Механизм,Трудолюбивый,Индивидуальное–Коллективное,
M335,https://www.kp.ru/video/989524,«Просто уникальный год!»: появились предсказания на 2025-й,Медленный (культурная публицистика),1,Интервью,Честь,Социальная солидарность,Прививка,Свидетель,Общее–Частное,
M335,https://www.kp.ru/video/989524,«Просто уникальный год!»: появились предсказания на 2025-й,Медленный (культурная публицистика),2,Очерк,Правда,Культурная трансформация,Мобилизация,Герой,Свой–Чужой,
M335,https://www.kp.ru/video/989524,«Просто уникальный год!»: появились предсказания на 2025-й,Медленный (культурная публицистика),3,Культурная публицистика,Ответственность,Социальная мобильность,Корни,Бунтарь,Свобода–Безопасность,
M335,https://www.kp.ru/video/989524,«Просто уникальный год!»: появились предсказания на 2025-й,Медленный (культурная публицистика),4,Культурная публицистика,Безопасность,Социальная поляризация,Война,Жертва,Равенство–Иерархия,
M335,https://www.kp.ru/video/989524,«Просто уникальный год!»: появились предсказания на 2025-й,Медленный (культурная публицистика),5,Репортаж-эссе,Солидарность,Демографическая динамика,Мобилизация,Страдалец,Добро–Зло,
M335,https://www.kp.ru/video/989524,«Просто уникальный год!»: появились предсказания на 2025-й,Медленный (культурная публицистика),6,Интервью,Справедливость,Миграционная волна,Крепость,Защитник,Справедливость–Законность,
M335,https://www.kp.ru/video/989524,«Просто уникальный год!»: появились предсказания на 2025-й,Медленный (культурная публицистика),7,Лонгрид,Долг,Межпоколенческие отношения,Реконструкция,Герой,Добро–Зло,
M335,https://www.kp.ru/video/989524,«Просто уникальный год!»: появились предсказания на 2025-й,Медленный (культурная публицистика),8,Культурная публицистика,Достоинство,Социальная мобильность,Обвал,Герой,Добро–Зло,
M336,https://www.kp.ru/video/1015258,Игорь Алутин в открытой студии «Комсомольской правды,Медленный (культурная публицистика),1,Интервью,Долг,Социальная мобильность,Заслон,Бунтарь,Свобода–Безопасность,
M336,https://www.kp.ru/video/1015258,Игорь Алутин в открытой студии «Комсомольской правды,Медленный (культурная публицистика),2,Лонгрид,Ответственность,Социальная дифференциация,Шестерёнка,Творец,Справедливость–Законность,
M336,https://www.kp.ru/video/1015258,Игорь Алутин в открытой студии «Комсомольской правды,Медленный (культурная публицистика),3,Колонка,Труд,Экономическая модернизация,Запруда,Новатор,Честь–Выгода,
M336,https://www.kp.ru/video/1015258,Игорь Алутин в открытой студии «Комсомольской правды,Медленный (культурная публицистика),4,Очерк,Стабильность,Экономический рост,Цветение,Трудолюбивый,Общее–Частное,
M336,https://www.kp.ru/video/1015258,Игорь Алутин в открытой студии «Комсомольской правды,Медленный (культурная публицистика),5,Рецензия,Равенство,Рыночная конъюнктура,Течение,Жертва,Стабильность–Перемены,
M336,https://www.kp.ru/video/1015258,Игорь Алутин в открытой студии «Комсомольской правды,Медленный (культурная публицистика),6,Интервью,Развитие,Управление ресурсами,Ржавчина,Устроитель,Традиция–Новаторство,
M336,https://www.kp.ru/video/1015258,Игорь Алутин в открытой студии «Комсомольской правды,Медленный (культурная публицистика),7,Культурная публицистика,Прогресс,Экономическая динамика,Системное изменение,Наблюдатель,Индивидуальное–Коллективное,
M336,https://www.kp.ru/video/1015258,Игорь Алутин в открытой студии «Комсомольской правды,Медленный (культурная публицистика),8,Культурная публицистика,Честь,Социальная поляризация,Реконструкция,Герой,Свой–Чужой,
M336,https://www.kp.ru/video/1015258,Игорь Алутин в открытой студии «Комсомольской правды,Медленный (культурная публицистика),9,Интервью,Справедливость,Финансовые связи,Настройка,Устроитель,Честь–Выгода,
M337,https://www.kp.ru/daily/27770/5230477,Отдых в России» стал победителем премии «Золотой сайт 2025,Медленный (культурная публицистика),1,Интервью,Долг,Культурная трансформация,Капитуляция,Защитник,Свобода–Безопасность,
M337,https://www.kp.ru/daily/27770/5230477,Отдых в России» стал победителем премии «Золотой сайт 2025,Медленный (культурная публицистика),2,Колонка,Справедливость,Межпоколенческие отношения,Рост,Герой,Справедливость–Законность,
M337,https://www.kp.ru/daily/27770/5230477,Отдых в России» стал победителем премии «Золотой сайт 2025,Медленный (культурная публицистика),3,Репортаж-эссе,Ответственность,Социальная солидарность,Семя,Страдалец,Общее–Частное,
M337,https://www.kp.ru/daily/27770/5230477,Отдых в России» стал победителем премии «Золотой сайт 2025,Медленный (культурная публицистика),4,Колонка,Любовь,Потеря смыслов,Корни,Мудрец,Истина–Ложь,
M337,https://www.kp.ru/daily/27770/5230477,Отдых в России» стал победителем премии «Золотой сайт 2025,Медленный (культурная публицистика),5,Культурная публицистика,Солидарность,Демографическая динамика,Обвал,Бунтарь,Равенство–Иерархия,
M337,https://www.kp.ru/daily/27770/5230477,Отдых в России» стал победителем премии «Золотой сайт 2025,Медленный (культурная публицистика),6,Колонка,Безопасность,Миграционная волна,Наступление,Свидетель,Свой–Чужой,
M337,https://www.kp.ru/daily/27770/5230477,Отдых в России» стал победителем премии «Золотой сайт 2025,Медленный (культурная публицистика),7,Культурная публицистика,Вера,Жизненный путь,Запруда,Проводник,Жизнь–Смерть,
M338,https://www.m24.ru/videos/obshchestvo/24052025/799990,"Газете ""Комсомольская правда"" исполнилось 100 лет - Москва 24",Медленный (культурная публицистика),1,Колонка,Сила,Суверенитет,Оборона,Лидер,Порядок–Хаос,
M338,https://www.m24.ru/videos/obshchestvo/24052025/799990,"Газете ""Комсомольская правда"" исполнилось 100 лет - Москва 24",Медленный (культурная публицистика),2,Интервью,Долг,Управление ресурсами,Прививка,Трудолюбивый,Индивидуальное–Коллективное,
M338,https://www.m24.ru/videos/obshchestvo/24052025/799990,"Газете ""Комсомольская правда"" исполнилось 100 лет - Москва 24",Медленный (культурная публицистика),3,Лонгрид,Благополучие,Экономический рост,Рост,Новатор,Стабильность–Перемены,
M338,https://www.m24.ru/videos/obshchestvo/24052025/799990,"Газете ""Комсомольская правда"" исполнилось 100 лет - Москва 24",Медленный (культурная публицистика),4,Культурная публицистика,Благосостояние,Экономическая динамика,Поток,Жертва,Честь–Выгода,
M338,https://www.m24.ru/videos/obshchestvo/24052025/799990,"Газете ""Комсомольская правда"" исполнилось 100 лет - Москва 24",Медленный (культурная публицистика),5,Эссе,Развитие,Социальная дифференциация,Исток,Наблюдатель,Общее–Частное,
M338,https://www.m24.ru/videos/obshchestvo/24052025/799990,"Газете ""Комсомольская правда"" исполнилось 100 лет - Москва 24",Медленный (культурная публицистика),6,Интервью,Прогресс,Финансовые связи,Двигатель,Творец,Справедливость–Законность,
M338,https://www.m24.ru/videos/obshchestvo/24052025/799990,"Газете ""Комсомольская правда"" исполнилось 100 лет - Москва 24",Медленный (культурная публицистика),7,Репортаж-эссе,Равенство,Переговорный процесс,Капитуляция,Манипулятор,Единство–Разделение,
M339,https://www.mk.ru/video/2025/01/16/analitik-rasskazal-kuda-vkladyvatsya-v-2025-godu-video.html,"Аналитик рассказал, куда вкладываться в 2025 году: видео",Медленный (культурная публицистика),1,Рецензия,Стабильность,Экономическая динамика,Течение,Жертва,Общее–Частное,
M339,https://www.mk.ru/video/2025/01/16/analitik-rasskazal-kuda-vkladyvatsya-v-2025-godu-video.html,"Аналитик рассказал, куда вкладываться в 2025 году: видео",Медленный (культурная публицистика),2,Очерк,Прогресс,Экономическая модернизация,Шестерёнка,Творец,Честь–Выгода,
M339,https://www.mk.ru/video/2025/01/16/analitik-rasskazal-kuda-vkladyvatsya-v-2025-godu-video.html,"Аналитик рассказал, куда вкладываться в 2025 году: видео",Медленный (культурная публицистика),3,Колонка,Справедливость,Рыночная конъюнктура,Наводнение,Устроитель,Индивидуальное–Коллективное,
M339,https://www.mk.ru/video/2025/01/16/analitik-rasskazal-kuda-vkladyvatsya-v-2025-godu-video.html,"Аналитик рассказал, куда вкладываться в 2025 году: видео",Медленный (культурная публицистика),4,Интервью,Ответственность,Социальная поляризация,Фундамент,Страдалец,Добро–Зло,
M339,https://www.mk.ru/video/2025/01/16/analitik-rasskazal-kuda-vkladyvatsya-v-2025-godu-video.html,"Аналитик рассказал, куда вкладываться в 2025 году: видео",Медленный (культурная публицистика),5,Интервью,Благополучие,Инновационный прорыв,Шестерёнка,Трудолюбивый,Стабильность–Перемены,
M339,https://www.mk.ru/video/2025/01/16/analitik-rasskazal-kuda-vkladyvatsya-v-2025-godu-video.html,"Аналитик рассказал, куда вкладываться в 2025 году: видео",Медленный (культурная публицистика),6,Интервью,Долг,Экономический рост,Засуха,Наблюдатель,Традиция–Новаторство,
M339,https://www.mk.ru/video/2025/01/16/analitik-rasskazal-kuda-vkladyvatsya-v-2025-godu-video.html,"Аналитик рассказал, куда вкладываться в 2025 году: видео",Медленный (культурная публицистика),7,Лонгрид,Развитие,Управление ресурсами,Системное изменение,Новатор,Справедливость–Законность,
M340,https://www.mk.ru/social/2025/06/19,Новости общества и общественной жизни - МК за 19 июня 2025,Медленный (культурная публицистика),1,Репортаж-эссе,Семья,Социальная солидарность,Засуха,Свидетель,Общее–Частное,
M340,https://www.mk.ru/social/2025/06/19,Новости общества и общественной жизни - МК за 19 июня 2025,Медленный (культурная публицистика),2,Культурная публицистика,Сила,Конфликт интересов,Режиссура,Враг,Сила–Слабость,
M340,https://www.mk.ru/social/2025/06/19,Новости общества и общественной жизни - МК за 19 июня 2025,Медленный (культурная публицистика),3,Рецензия,Долг,Межпоколенческие отношения,Семя,Жертва,Равенство–Иерархия,
M340,https://www.mk.ru/social/2025/06/19,Новости общества и общественной жизни - МК за 19 июня 2025,Медленный (культурная публицистика),4,Лонгрид,Справедливость,Институциональная трансформация,Фундамент,Оппонент,Свой–Чужой,
M340,https://www.mk.ru/social/2025/06/19,Новости общества и общественной жизни - МК за 19 июня 2025,Медленный (культурная публицистика),5,Очерк,Безопасность,Социальная поляризация,Фундамент,Защитник,Добро–Зло,
M340,https://www.mk.ru/social/2025/06/19,Новости общества и общественной жизни - МК за 19 июня 2025,Медленный (культурная публицистика),6,Интервью,Достоинство,Культурная трансформация,Корни,Бунтарь,Свобода–Безопасность,
M340,https://www.mk.ru/social/2025/06/19,Новости общества и общественной жизни - МК за 19 июня 2025,Медленный (культурная публицистика),7,Эссе,Порядок,Политическая трансформация,Трагедия,Лидер,Единство–Разделение,
M340,https://www.mk.ru/social/2025/06/19,Новости общества и общественной жизни - МК за 19 июня 2025,Медленный (культурная публицистика),8,Культурная публицистика,Ответственность,Социальная мобильность,Архитектура,Герой,Справедливость–Законность,
M341,https://www.mk.ru/authors/mkru-/god-2025,MK.RU - Авторы статей и новостей МК | Публикации за 2025 год,Медленный (культурная публицистика),1,Эссе,Долг,Социальная дифференциация,Механизм,Новатор,Справедливость–Законность,
M341,https://www.mk.ru/authors/mkru-/god-2025,MK.RU - Авторы статей и новостей МК | Публикации за 2025 год,Медленный (культурная публицистика),2,Лонгрид,Развитие,Финансовые связи,Наводнение,Жертва,Стабильность–Перемены,
M341,https://www.mk.ru/authors/mkru-/god-2025,MK.RU - Авторы статей и новостей МК | Публикации за 2025 год,Медленный (культурная публицистика),3,Эссе,Ответственность,Рыночная конъюнктура,Поломка,Творец,Честь–Выгода,
M341,https://www.mk.ru/authors/mkru-/god-2025,MK.RU - Авторы статей и новостей МК | Публикации за 2025 год,Медленный (культурная публицистика),4,Колонка,Труд,Инновационный прорыв,Механизм,Трудолюбивый,Общее–Частное,
M341,https://www.mk.ru/authors/mkru-/god-2025,MK.RU - Авторы статей и новостей МК | Публикации за 2025 год,Медленный (культурная публицистика),5,Колонка,Равенство,Экономический рост,Исток,Устроитель,Индивидуальное–Коллективное,
M341,https://www.mk.ru/authors/mkru-/god-2025,MK.RU - Авторы статей и новостей МК | Публикации за 2025 год,Медленный (культурная публицистика),6,Интервью,Стабильность,Экономическая динамика,Прививка,Наблюдатель,Традиция–Новаторство,
M341,https://www.mk.ru/authors/mkru-/god-2025,MK.RU - Авторы статей и новостей МК | Публикации за 2025 год,Медленный (культурная публицистика),7,Эссе,Суверенитет,Конфликт интересов,Оборона,Защитник,Порядок–Хаос,
M342,https://www.mk.ru/authors/olga-grekova/god-2025,Ольга Грекова | Публикации за 2025 год - Московский комсомолец,Медленный (культурная публицистика),1,Репортаж-эссе,Благополучие,Рыночная конъюнктура,Исток,Трудолюбивый,Традиция–Новаторство,
M342,https://www.mk.ru/authors/olga-grekova/god-2025,Ольга Грекова | Публикации за 2025 год - Московский комсомолец,Медленный (культурная публицистика),2,Колонка,Прогресс,Финансовые связи,Увядание,Жертва,Стабильность–Перемены,
M342,https://www.mk.ru/authors/olga-grekova/god-2025,Ольга Грекова | Публикации за 2025 год - Московский комсомолец,Медленный (культурная публицистика),3,Лонгрид,Справедливость,Экономический рост,Запруда,Наблюдатель,Индивидуальное–Коллективное,
M342,https://www.mk.ru/authors/olga-grekova/god-2025,Ольга Грекова | Публикации за 2025 год - Московский комсомолец,Медленный (культурная публицистика),4,Репортаж-эссе,Равенство,Экономическая модернизация,Системное изменение,Творец,Честь–Выгода,
M342,https://www.mk.ru/authors/olga-grekova/god-2025,Ольга Грекова | Публикации за 2025 год - Московский комсомолец,Медленный (культурная публицистика),5,Рецензия,Ответственность,Экономическая динамика,Настройка,Новатор,Справедливость–Законность,
M342,https://www.mk.ru/authors/olga-grekova/god-2025,Ольга Грекова | Публикации за 2025 год - Московский комсомолец,Медленный (культурная публицистика),6,Очерк,Любовь,Человеческое достоинство,Корни,Мудрец,Прошлое–Будущее,
M342,https://www.mk.ru/authors/olga-grekova/god-2025,Ольга Грекова | Публикации за 2025 год - Московский комсомолец,Медленный (культурная публицистика),7,Культурная публицистика,Стабильность,Управление ресурсами,Системное изменение,Устроитель,Общее–Частное,
M342,https://www.mk.ru/authors/olga-grekova/god-2025,Ольга Грекова | Публикации за 2025 год - Московский комсомолец,Медленный (культурная публицистика),8,Очерк,Судьба,Жизненный путь,Течение,Проводник,Дух–Материя,
M343,https://www.mk.ru/realestate/realty-analytics,Аналитика недвижимости - МК,Медленный (культурная публицистика),1,Эссе,Истина,Экзистенциальный кризис,Центр,Мудрец,Вера–Знание,
M343,https://www.mk.ru/realestate/realty-analytics,Аналитика недвижимости - МК,Медленный (культурная публицистика),2,Эссе,Путь,Жизненный путь,Семя,Проводник,Прошлое–Будущее,
M343,https://www.mk.ru/realestate/realty-analytics,Аналитика недвижимости - МК,Медленный (культурная публицистика),3,Культурная публицистика,Любовь,Обретение идентичности,Путь,Наблюдатель,Дух–Материя,
M343,https://www.mk.ru/realestate/realty-analytics,Аналитика недвижимости - МК,Медленный (культурная публицистика),4,Культурная публицистика,Душа,Моральный выбор,Течение,Творец,Свобода–Безопасность,
M343,https://www.mk.ru/realestate/realty-analytics,Аналитика недвижимости - МК,Медленный (культурная публицистика),5,Лонгрид,Мужество,Человеческое достоинство,Наводнение,Герой,Жизнь–Смерть,
M343,https://www.mk.ru/realestate/realty-analytics,Аналитика недвижимости - МК,Медленный (культурная публицистика),6,Культурная публицистика,Надежда,Духовное прозрение,Исток,Страдалец,Истина–Ложь,
M343,https://www.mk.ru/realestate/realty-analytics,Аналитика недвижимости - МК,Медленный (культурная публицистика),7,Очерк,Судьба,Столкновение с вечностью,Корни,Наблюдатель,Свобода–Безопасность,
M343,https://www.mk.ru/realestate/realty-analytics,Аналитика недвижимости - МК,Медленный (культурная публицистика),8,Лонгрид,Достоинство,Потеря смыслов,Увядание,Наблюдатель,Свобода–Безопасность,
M343,https://www.mk.ru/realestate/realty-analytics,Аналитика недвижимости - МК,Медленный (культурная публицистика),9,Эссе,Вера,Экзистенциальный кризис,Путь,Мудрец,Вера–Знание,
M344,https://www.mk.ru/authors/petr-spektor/god-2025,Петр Спектор | Публикации за 2025 год - Московский комсомолец,Медленный (культурная публицистика),1,Эссе,Прогресс,Экономическая динамика,Засуха,Наблюдатель,Общее–Частное,
M344,https://www.mk.ru/authors/petr-spektor/god-2025,Петр Спектор | Публикации за 2025 год - Московский комсомолец,Медленный (культурная публицистика),2,Очерк,Стабильность,Экономический рост,Механизм,Трудолюбивый,Стабильность–Перемены,
M344,https://www.mk.ru/authors/petr-spektor/god-2025,Петр Спектор | Публикации за 2025 год - Московский комсомолец,Медленный (культурная публицистика),3,Колонка,Благополучие,Инновационный прорыв,Настройка,Жертва,Индивидуальное–Коллективное,
M344,https://www.mk.ru/authors/petr-spektor/god-2025,Петр Спектор | Публикации за 2025 год - Московский комсомолец,Медленный (культурная публицистика),4,Колонка,Ответственность,Социальная дифференциация,Засуха,Творец,Честь–Выгода,
M344,https://www.mk.ru/authors/petr-spektor/god-2025,Петр Спектор | Публикации за 2025 год - Московский комсомолец,Медленный (культурная публицистика),5,Колонка,Равенство,Рыночная конъюнктура,Течение,Новатор,Традиция–Новаторство,
M344,https://www.mk.ru/authors/petr-spektor/god-2025,Петр Спектор | Публикации за 2025 год - Московский комсомолец,Медленный (культурная публицистика),6,Очерк,Благосостояние,Финансовые связи,Ржавчина,Устроитель,Справедливость–Законность,
M344,https://www.mk.ru/authors/petr-spektor/god-2025,Петр Спектор | Публикации за 2025 год - Московский комсомолец,Медленный (культурная публицистика),7,Рецензия,Безопасность,Социальная солидарность,Разрушение,Защитник,Равенство–Иерархия,
M344,https://www.mk.ru/authors/petr-spektor/god-2025,Петр Спектор | Публикации за 2025 год - Московский комсомолец,Медленный (культурная публицистика),8,Культурная публицистика,Справедливость,Экономическая модернизация,Семя,Творец,Индивидуальное–Коллективное,
M345,https://www.mk.ru/authors/igor-bokov/god-2025,Игорь Боков | Публикации за 2025 год - Московский комсомолец,Медленный (культурная публицистика),1,Эссе,Развитие,Экономическая модернизация,Механизм,Новатор,Традиция–Новаторство,
M345,https://www.mk.ru/authors/igor-bokov/god-2025,Игорь Боков | Публикации за 2025 год - Московский комсомолец,Медленный (культурная публицистика),2,Эссе,Долг,Экономическая динамика,Увядание,Жертва,Честь–Выгода,
M345,https://www.mk.ru/authors/igor-bokov/god-2025,Игорь Боков | Публикации за 2025 год - Московский комсомолец,Медленный (культурная публицистика),3,Интервью,Равенство,Экономический рост,Шестерёнка,Устроитель,Индивидуальное–Коллективное,
M345,https://www.mk.ru/authors/igor-bokov/god-2025,Игорь Боков | Публикации за 2025 год - Московский комсомолец,Медленный (культурная публицистика),4,Репортаж-эссе,Прогресс,Управление ресурсами,Течение,Творец,Стабильность–Перемены,
M345,https://www.mk.ru/authors/igor-bokov/god-2025,Игорь Боков | Публикации за 2025 год - Московский комсомолец,Медленный (культурная публицистика),5,Колонка,Стабильность,Социальная дифференциация,Плоды,Трудолюбивый,Общее–Частное,
M345,https://www.mk.ru/authors/igor-bokov/god-2025,Игорь Боков | Публикации за 2025 год - Московский комсомолец,Медленный (культурная публицистика),6,Колонка,Благосостояние,Рыночная конъюнктура,Исток,Наблюдатель,Справедливость–Законность,
M345,https://www.mk.ru/authors/igor-bokov/god-2025,Игорь Боков | Публикации за 2025 год - Московский комсомолец,Медленный (культурная публицистика),7,Очерк,Истина,Жизненный путь,Запруда,Мудрец,Вера–Знание,
M345,https://www.mk.ru/authors/igor-bokov/god-2025,Игорь Боков | Публикации за 2025 год - Московский комсомолец,Медленный (культурная публицистика),8,Интервью,Достоинство,Моральный выбор,Исток,Страдалец,Прошлое–Будущее,
M345,https://www.mk.ru/authors/igor-bokov/god-2025,Игорь Боков | Публикации за 2025 год - Московский комсомолец,Медленный (культурная публицистика),9,Репортаж-эссе,Труд,Инновационный прорыв,Прививка,Трудолюбивый,Стабильность–Перемены,
M346,https://www.mk.ru/social,Новости общества и общественной жизни - МК,Медленный (культурная публицистика),1,Эссе,Ответственность,Социальная солидарность,Наступление,Страдалец,Справедливость–Законность,
M346,https://www.mk.ru/social,Новости общества и общественной жизни - МК,Медленный (культурная публицистика),2,Колонка,Честь,Межпоколенческие отношения,Крепость,Герой,Общее–Частное,
M346,https://www.mk.ru/social,Новости общества и общественной жизни - МК,Медленный (культурная публицистика),3,Культурная публицистика,Память,Культурная трансформация,Реконструкция,Свидетель,Свой–Чужой,
M346,https://www.mk.ru/social,Новости общества и общественной жизни - МК,Медленный (культурная публицистика),4,Лонгрид,Власть,Государственный контроль,Трагедия,Враг,Порядок–Хаос,
M346,https://www.mk.ru/social,Новости общества и общественной жизни - МК,Медленный (культурная публицистика),5,Очерк,Правда,Миграционная волна,Капитуляция,Бунтарь,Добро–Зло,
M346,https://www.mk.ru/social,Новости общества и общественной жизни - МК,Медленный (культурная публицистика),6,Эссе,Семья,Социальная мобильность,Цветение,Защитник,Свобода–Безопасность,
M346,https://www.mk.ru/social,Новости общества и общественной жизни - МК,Медленный (культурная публицистика),7,Интервью,Долг,Социальная поляризация,Семя,Жертва,Равенство–Иерархия,
M346,https://www.mk.ru/social,Новости общества и общественной жизни - МК,Медленный (культурная публицистика),8,Колонка,Достоинство,Демографическая динамика,Оборона,Бунтарь,Общее–Частное,
M347,https://www.mk.ru/realestate/2025/12/21/pokupateli-kvartir-zakhoteli-prostranstva-pod-sebya-glavnye-trendy-na-stolichnom-rynke-novostroek-biznesklassa.html,главные тренды на столичном рынке новостроек бизнес-класса,Медленный (культурная публицистика),1,Рецензия,Вера,Моральный выбор,Путь,Мудрец,Вера–Знание,
M347,https://www.mk.ru/realestate/2025/12/21/pokupateli-kvartir-zakhoteli-prostranstva-pod-sebya-glavnye-trendy-na-stolichnom-rynke-novostroek-biznesklassa.html,главные тренды на столичном рынке новостроек бизнес-класса,Медленный (культурная публицистика),2,Культурная публицистика,Мужество,Человеческое достоинство,Низ,Творец,Свобода–Безопасность,
M347,https://www.mk.ru/realestate/2025/12/21/pokupateli-kvartir-zakhoteli-prostranstva-pod-sebya-glavnye-trendy-na-stolichnom-rynke-novostroek-biznesklassa.html,главные тренды на столичном рынке новостроек бизнес-класса,Медленный (культурная публицистика),3,Очерк,Справедливость,Финансовые связи,Устье,Трудолюбивый,Справедливость–Законность,
M347,https://www.mk.ru/realestate/2025/12/21/pokupateli-kvartir-zakhoteli-prostranstva-pod-sebya-glavnye-trendy-na-stolichnom-rynke-novostroek-biznesklassa.html,главные тренды на столичном рынке новостроек бизнес-класса,Медленный (культурная публицистика),4,Рецензия,Равенство,Социальная дифференциация,Течение,Наблюдатель,Традиция–Новаторство,
M347,https://www.mk.ru/realestate/2025/12/21/pokupateli-kvartir-zakhoteli-prostranstva-pod-sebya-glavnye-trendy-na-stolichnom-rynke-novostroek-biznesklassa.html,главные тренды на столичном рынке новостроек бизнес-класса,Медленный (культурная публицистика),5,Рецензия,Труд,Экономический рост,Рост,Жертва,Стабильность–Перемены,
M347,https://www.mk.ru/realestate/2025/12/21/pokupateli-kvartir-zakhoteli-prostranstva-pod-sebya-glavnye-trendy-na-stolichnom-rynke-novostroek-biznesklassa.html,главные тренды на столичном рынке новостроек бизнес-класса,Медленный (культурная публицистика),6,Эссе,Долг,Управление ресурсами,Устье,Устроитель,Честь–Выгода,
M347,https://www.mk.ru/realestate/2025/12/21/pokupateli-kvartir-zakhoteli-prostranstva-pod-sebya-glavnye-trendy-na-stolichnom-rynke-novostroek-biznesklassa.html,главные тренды на столичном рынке новостроек бизнес-класса,Медленный (культурная публицистика),7,Лонгрид,Благосостояние,Инновационный прорыв,Двигатель,Новатор,Индивидуальное–Коллективное,
M347,https://www.mk.ru/realestate/2025/12/21/pokupateli-kvartir-zakhoteli-prostranstva-pod-sebya-glavnye-trendy-na-stolichnom-rynke-novostroek-biznesklassa.html,главные тренды на столичном рынке новостроек бизнес-класса,Медленный (культурная публицистика),8,Культурная публицистика,Ответственность,Рыночная конъюнктура,Цветение,Трудолюбивый,Общее–Частное,
M348,https://www.mk.ru/culture,Новости культуры - МК - Московский комсомолец,Медленный (культурная публицистика),1,Эссе,Традиция,Культурная гибридизация,Корни,Новатор,Традиция–Новаторство,
M348,https://www.mk.ru/culture,Новости культуры - МК - Московский комсомолец,Медленный (культурная публицистика),2,Лонгрид,Память,Культурный канон,Строительство,Мудрец,Открытость–Закрытость,
M348,https://www.mk.ru/culture,Новости культуры - МК - Московский комсомолец,Медленный (культурная публицистика),3,Очерк,Образование,Эстетическая трансгрессия,Засуха,Наблюдатель,Прошлое–Будущее,
M348,https://www.mk.ru/culture,Новости культуры - МК - Московский комсомолец,Медленный (культурная публицистика),4,Репортаж-эссе,Культура,Идентичностный кризис,Граница,Проводник,Истина–Ложь,
M348,https://www.mk.ru/culture,Новости культуры - МК - Московский комсомолец,Медленный (культурная публицистика),5,Лонгрид,Красота,Традиция и новаторство,Цветение,Хранитель,Природа–Культура,
M348,https://www.mk.ru/culture,Новости культуры - МК - Московский комсомолец,Медленный (культурная публицистика),6,Лонгрид,Истина,Культурная память,Верх,Творец,Дух–Материя,
M348,https://www.mk.ru/culture,Новости культуры - МК - Московский комсомолец,Медленный (культурная публицистика),7,Колонка,Родина,Нравственный поиск,Семя,Хранитель,Прошлое–Будущее,
M348,https://www.mk.ru/culture,Новости культуры - МК - Московский комсомолец,Медленный (культурная публицистика),8,Рецензия,Ответственность,Социальная солидарность,Семя,Жертва,Свобода–Безопасность,
M348,https://www.mk.ru/culture,Новости культуры - МК - Московский комсомолец,Медленный (культурная публицистика),9,Культурная публицистика,Идентичность,Идентичностный кризис,Разрушение,Мудрец,Дух–Материя,
M349,https://culture.gov.ru,Министерство культуры Российской Федерации,Медленный (культурная публицистика),1,Лонгрид,Душа,Культурная гибридизация,Разрушение,Проводник,Дух–Материя,
M349,https://culture.gov.ru,Министерство культуры Российской Федерации,Медленный (культурная публицистика),2,Очерк,Идентичность,Культурная память,Разрушение,Творец,Открытость–Закрытость,
M349,https://culture.gov.ru,Министерство культуры Российской Федерации,Медленный (культурная публицистика),3,Эссе,Родина,Традиция и новаторство,Разрушение,Новатор,Истина–Ложь,
M349,https://culture.gov.ru,Министерство культуры Российской Федерации,Медленный (культурная публицистика),4,Рецензия,Память,Культурный канон,Реконструкция,Наблюдатель,Природа–Культура,
M349,https://culture.gov.ru,Министерство культуры Российской Федерации,Медленный (культурная публицистика),5,Очерк,Красота,Идентичностный кризис,Рост,Хранитель,Традиция–Новаторство,
M349,https://culture.gov.ru,Министерство культуры Российской Федерации,Медленный (культурная публицистика),6,Эссе,Культура,Эстетическая трансгрессия,Горизонт,Мудрец,Прошлое–Будущее,
M349,https://culture.gov.ru,Министерство культуры Российской Федерации,Медленный (культурная публицистика),7,Колонка,Истина,Нравственный поиск,Прививка,Творец,Истина–Ложь,
M350,https://mk.mosreg.ru,Министерство культуры Московской области,Медленный (культурная публицистика),1,Эссе,Путь,Столкновение с вечностью,Путь,Наблюдатель,Свобода–Безопасность,
M350,https://mk.mosreg.ru,Министерство культуры Московской области,Медленный (культурная публицистика),2,Культурная публицистика,Любовь,Жизненный путь,Рост,Мудрец,Прошлое–Будущее,
M350,https://mk.mosreg.ru,Министерство культуры Московской области,Медленный (культурная публицистика),3,Репортаж-эссе,Душа,Моральный выбор,Наводнение,Страдалец,Вера–Знание,
M350,https://mk.mosreg.ru,Министерство культуры Московской области,Медленный (культурная публицистика),4,Очерк,Вера,Эстетическая трансгрессия,Засуха,Проводник,Традиция–Новаторство,
M350,https://mk.mosreg.ru,Министерство культуры Московской области,Медленный (культурная публицистика),5,Очерк,Достоинство,Духовное прозрение,Корни,Герой,Жизнь–Смерть,
M350,https://mk.mosreg.ru,Министерство культуры Московской области,Медленный (культурная публицистика),6,Рецензия,Традиция,Идентичностный кризис,Архитектура,Хранитель,Открытость–Закрытость,
M350,https://mk.mosreg.ru,Министерство культуры Московской области,Медленный (культурная публицистика),7,Лонгрид,Память,Культурный канон,Засуха,Новатор,Природа–Культура,
M351,https://mk.alania.gov.ru,Главная | Министерство культуры Республики Северная Осетия,Медленный (культурная публицистика),1,Рецензия,Идентичность,Культурный канон,Граница,Наблюдатель,Открытость–Закрытость,
M351,https://mk.alania.gov.ru,Главная | Министерство культуры Республики Северная Осетия,Медленный (культурная публицистика),2,Колонка,Традиция,Нравственный поиск,Граница,Хранитель,Прошлое–Будущее,
M351,https://mk.alania.gov.ru,Главная | Министерство культуры Республики Северная Осетия,Медленный (культурная публицистика),3,Эссе,Вера,Традиция и новаторство,Цветение,Новатор,Природа–Культура,
M351,https://mk.alania.gov.ru,Главная | Министерство культуры Республики Северная Осетия,Медленный (культурная публицистика),4,Колонка,Душа,Культурная память,Плоды,Проводник,Дух–Материя,
M351,https://mk.alania.gov.ru,Главная | Министерство культуры Республики Северная Осетия,Медленный (культурная публицистика),5,Колонка,Память,Идентичностный кризис,Увядание,Мудрец,Традиция–Новаторство,
M351,https://mk.alania.gov.ru,Главная | Министерство культуры Республики Северная Осетия,Медленный (культурная публицистика),6,Эссе,Культура,Культурная гибридизация,Фундамент,Творец,Истина–Ложь,
M351,https://mk.alania.gov.ru,Главная | Министерство культуры Республики Северная Осетия,Медленный (культурная публицистика),7,Колонка,Истина,Эстетическая трансгрессия,Горизонт,Наблюдатель,Дух–Материя,
M352,https://mk.permkrai.ru,Министерство культуры Пермского края,Медленный (культурная публицистика),1,Интервью,Вера,Культурная гибридизация,Строительство,Наблюдатель,Открытость–Закрытость,
M352,https://mk.permkrai.ru,Министерство культуры Пермского края,Медленный (культурная публицистика),2,Лонгрид,Истина,Идентичностный кризис,Засуха,Творец,Истина–Ложь,
M352,https://mk.permkrai.ru,Министерство культуры Пермского края,Медленный (культурная публицистика),3,Интервью,Идентичность,Культурная память,Прививка,Проводник,Природа–Культура,
M352,https://mk.permkrai.ru,Министерство культуры Пермского края,Медленный (культурная публицистика),4,Рецензия,Душа,Традиция и новаторство,Верх,Новатор,Прошлое–Будущее,
M352,https://mk.permkrai.ru,Министерство культуры Пермского края,Медленный (культурная публицистика),5,Репортаж-эссе,Стабильность,Финансовые связи,Рост,Трудолюбивый,Стабильность–Перемены,
M352,https://mk.permkrai.ru,Министерство культуры Пермского края,Медленный (культурная публицистика),6,Очерк,Культура,Эстетическая трансгрессия,Семя,Мудрец,Дух–Материя,
M352,https://mk.permkrai.ru,Министерство культуры Пермского края,Медленный (культурная публицистика),7,Колонка,Образование,Культурный канон,Обвал,Хранитель,Традиция–Новаторство,
M352,https://mk.permkrai.ru,Министерство культуры Пермского края,Медленный (культурная публицистика),8,Репортаж-эссе,Родина,Нравственный поиск,Низ,Творец,Дух–Материя,
M353,https://dzen.ru/a/ahFb7ZPDW1dCfL0D,«Кутюр» (2025): красота как диагноз | (Не)критично,Медленный (культурная публицистика),1,Колонка,Образование,Традиция и новаторство,Корни,Хранитель,Открытость–Закрытость,
M353,https://dzen.ru/a/ahFb7ZPDW1dCfL0D,«Кутюр» (2025): красота как диагноз | (Не)критично,Медленный (культурная публицистика),2,Колонка,Долг,Конфликт интересов,Фундамент,Защитник,Свой–Чужой,
M353,https://dzen.ru/a/ahFb7ZPDW1dCfL0D,«Кутюр» (2025): красота как диагноз | (Не)критично,Медленный (культурная публицистика),3,Интервью,Традиция,Культурный канон,Граница,Мудрец,Дух–Материя,
M353,https://dzen.ru/a/ahFb7ZPDW1dCfL0D,«Кутюр» (2025): красота как диагноз | (Не)критично,Медленный (культурная публицистика),4,Репортаж-эссе,Справедливость,Институциональная трансформация,Режиссура,Оппонент,Равенство–Иерархия,
M353,https://dzen.ru/a/ahFb7ZPDW1dCfL0D,«Кутюр» (2025): красота как диагноз | (Не)критично,Медленный (культурная публицистика),5,Эссе,Душа,Культурная гибридизация,Простор,Наблюдатель,Истина–Ложь,
M353,https://dzen.ru/a/ahFb7ZPDW1dCfL0D,«Кутюр» (2025): красота как диагноз | (Не)критично,Медленный (культурная публицистика),6,Репортаж-эссе,Память,Культурная память,Горизонт,Новатор,Традиция–Новаторство,
M353,https://dzen.ru/a/ahFb7ZPDW1dCfL0D,«Кутюр» (2025): красота как диагноз | (Не)критично,Медленный (культурная публицистика),7,Рецензия,Вера,Нравственный поиск,Реконструкция,Творец,Природа–Культура,
M354,https://znamlit.ru/publication.php?id=9252,«Дружба народов»: от вчера к сегодня. Сергей Чупринин,Глубокий (литературный канон),1,Литературный очерк,Развитие,Экономическая динамика,Засуха,Устроитель,Стабильность–Перемены,
M354,https://znamlit.ru/publication.php?id=9252,«Дружба народов»: от вчера к сегодня. Сергей Чупринин,Глубокий (литературный канон),2,Эссе-размышление,Правда,Социальная поляризация,Рост,Свидетель,Свобода–Безопасность,
M354,https://znamlit.ru/publication.php?id=9252,«Дружба народов»: от вчера к сегодня. Сергей Чупринин,Глубокий (литературный канон),3,Эссе-размышление,Ответственность,Управление ресурсами,Двигатель,Творец,Справедливость–Законность,
M354,https://znamlit.ru/publication.php?id=9252,«Дружба народов»: от вчера к сегодня. Сергей Чупринин,Глубокий (литературный канон),4,Мемуарный очерк,Достоинство,Демографическая динамика,Мобилизация,Бунтарь,Общее–Частное,
M354,https://znamlit.ru/publication.php?id=9252,«Дружба народов»: от вчера к сегодня. Сергей Чупринин,Глубокий (литературный канон),5,Философская публицистика,Семья,Миграционная волна,Увядание,Защитник,Равенство–Иерархия,
M354,https://znamlit.ru/publication.php?id=9252,«Дружба народов»: от вчера к сегодня. Сергей Чупринин,Глубокий (литературный канон),6,Культурологическое эссе,Память,Социальная солидарность,Цветение,Страдалец,Свой–Чужой,
M354,https://znamlit.ru/publication.php?id=9252,«Дружба народов»: от вчера к сегодня. Сергей Чупринин,Глубокий (литературный канон),7,Литературная критика,Долг,Социальная мобильность,Увядание,Жертва,Добро–Зло,
M355,https://sovross.ru/2026/05/29/ekonomika-dolzhna-byt-nezavisimoj,"Экономика должна быть независимой! - Газета ""Советская Россия""",Глубокий (литературный канон),1,Мемуарный очерк,Благополучие,Экономический рост,Корни,Жертва,Индивидуальное–Коллективное,
M355,https://sovross.ru/2026/05/29/ekonomika-dolzhna-byt-nezavisimoj,"Экономика должна быть независимой! - Газета ""Советская Россия""",Глубокий (литературный канон),2,Литературная критика,Ответственность,Рыночная конъюнктура,Увядание,Устроитель,Честь–Выгода,
M355,https://sovross.ru/2026/05/29/ekonomika-dolzhna-byt-nezavisimoj,"Экономика должна быть независимой! - Газета ""Советская Россия""",Глубокий (литературный канон),3,Философская публицистика,Благосостояние,Финансовые связи,Настройка,Творец,Стабильность–Перемены,
M355,https://sovross.ru/2026/05/29/ekonomika-dolzhna-byt-nezavisimoj,"Экономика должна быть независимой! - Газета ""Советская Россия""",Глубокий (литературный канон),4,Культурологическое эссе,Долг,Управление ресурсами,Корни,Новатор,Общее–Частное,
M355,https://sovross.ru/2026/05/29/ekonomika-dolzhna-byt-nezavisimoj,"Экономика должна быть независимой! - Газета ""Советская Россия""",Глубокий (литературный канон),5,Эссе-размышление,Смысл,Моральный выбор,Наводнение,Наблюдатель,Жизнь–Смерть,
M355,https://sovross.ru/2026/05/29/ekonomika-dolzhna-byt-nezavisimoj,"Экономика должна быть независимой! - Газета ""Советская Россия""",Глубокий (литературный канон),6,Философская публицистика,Стабильность,Социальная дифференциация,Ремонт,Трудолюбивый,Традиция–Новаторство,
M355,https://sovross.ru/2026/05/29/ekonomika-dolzhna-byt-nezavisimoj,"Экономика должна быть независимой! - Газета ""Советская Россия""",Глубокий (литературный канон),7,Философская публицистика,Справедливость,Экономическая динамика,Ржавчина,Жертва,Справедливость–Законность,
M356,https://nm1925.ru/articles/publications/anons-1-2025,Анонс № 1 2025 - Новый мир,Глубокий (литературный канон),1,Литературный очерк,Культура,Идентичностный кризис,Увядание,Проводник,Прошлое–Будущее,
M356,https://nm1925.ru/articles/publications/anons-1-2025,Анонс № 1 2025 - Новый мир,Глубокий (литературный канон),2,Культурологическое эссе,Красота,Культурная память,Архитектура,Хранитель,Дух–Материя,
M356,https://nm1925.ru/articles/publications/anons-1-2025,Анонс № 1 2025 - Новый мир,Глубокий (литературный канон),3,Литературный очерк,Образование,Культурный канон,Прививка,Наблюдатель,Природа–Культура,
M356,https://nm1925.ru/articles/publications/anons-1-2025,Анонс № 1 2025 - Новый мир,Глубокий (литературный канон),4,Мемуарный очерк,Ответственность,Социальная мобильность,Фронт,Защитник,Справедливость–Законность,
M356,https://nm1925.ru/articles/publications/anons-1-2025,Анонс № 1 2025 - Новый мир,Глубокий (литературный канон),5,Эссе-размышление,Идентичность,Культурная гибридизация,Обвал,Новатор,Традиция–Новаторство,
M356,https://nm1925.ru/articles/publications/anons-1-2025,Анонс № 1 2025 - Новый мир,Глубокий (литературный канон),6,Эссе-размышление,Душа,Традиция и новаторство,Периферия,Мудрец,Открытость–Закрытость,
M356,https://nm1925.ru/articles/publications/anons-1-2025,Анонс № 1 2025 - Новый мир,Глубокий (литературный канон),7,Культурологическое эссе,Родина,Эстетическая трансгрессия,Граница,Творец,Истина–Ложь,
M356,https://nm1925.ru/articles/publications/anons-1-2025,Анонс № 1 2025 - Новый мир,Глубокий (литературный канон),8,Мемуарный очерк,Истина,Нравственный поиск,Путь,Мудрец,Истина–Ложь,
M357,https://nm1925.ru,«Новый мир» – Ежемесячный журнал художественной литературы,Глубокий (литературный канон),1,Культурологическое эссе,Культура,Культурная гибридизация,Низ,Хранитель,Прошлое–Будущее,
M357,https://nm1925.ru,«Новый мир» – Ежемесячный журнал художественной литературы,Глубокий (литературный канон),2,Эссе-размышление,Истина,Обретение идентичности,Цветение,Мудрец,Жизнь–Смерть,
M357,https://nm1925.ru,«Новый мир» – Ежемесячный журнал художественной литературы,Глубокий (литературный канон),3,Мемуарный очерк,Традиция,Культурный канон,Крепость,Творец,Традиция–Новаторство,
M357,https://nm1925.ru,«Новый мир» – Ежемесячный журнал художественной литературы,Глубокий (литературный канон),4,Мемуарный очерк,Память,Идентичностный кризис,Строительство,Наблюдатель,Открытость–Закрытость,
M357,https://nm1925.ru,«Новый мир» – Ежемесячный журнал художественной литературы,Глубокий (литературный канон),5,Литературный очерк,Красота,Культурная память,Реконструкция,Проводник,Истина–Ложь,
M357,https://nm1925.ru,«Новый мир» – Ежемесячный журнал художественной литературы,Глубокий (литературный канон),6,Литературная критика,Образование,Традиция и новаторство,Разрушение,Новатор,Природа–Культура,
M357,https://nm1925.ru,«Новый мир» – Ежемесячный журнал художественной литературы,Глубокий (литературный канон),7,Литературный очерк,Вера,Эстетическая трансгрессия,Корни,Творец,Дух–Материя,
M357,https://nm1925.ru,«Новый мир» – Ежемесячный журнал художественной литературы,Глубокий (литературный канон),8,Литературный очерк,Родина,Нравственный поиск,Засуха,Творец,Истина–Ложь,
M358,https://newlit.ru/archive.php?year=2024,"Архив новостей, 2024 год, апрель - Новая Литература",Глубокий (литературный канон),1,Литературный очерк,Душа,Культурный канон,Центр,Хранитель,Прошлое–Будущее,
M358,https://newlit.ru/archive.php?year=2024,"Архив новостей, 2024 год, апрель - Новая Литература",Глубокий (литературный канон),2,Культурологическое эссе,Родина,Культурная гибридизация,Строительство,Наблюдатель,Дух–Материя,
M358,https://newlit.ru/archive.php?year=2024,"Архив новостей, 2024 год, апрель - Новая Литература",Глубокий (литературный канон),3,Эссе-размышление,Память,Традиция и новаторство,Засуха,Новатор,Открытость–Закрытость,
M358,https://newlit.ru/archive.php?year=2024,"Архив новостей, 2024 год, апрель - Новая Литература",Глубокий (литературный канон),4,Мемуарный очерк,Культура,Нравственный поиск,Горизонт,Проводник,Природа–Культура,
M358,https://newlit.ru/archive.php?year=2024,"Архив новостей, 2024 год, апрель - Новая Литература",Глубокий (литературный канон),5,Литературный очерк,Образование,Идентичностный кризис,Центр,Творец,Истина–Ложь,
M358,https://newlit.ru/archive.php?year=2024,"Архив новостей, 2024 год, апрель - Новая Литература",Глубокий (литературный канон),6,Культурологическое эссе,Идентичность,Культурная память,Архитектура,Мудрец,Традиция–Новаторство,
M358,https://newlit.ru/archive.php?year=2024,"Архив новостей, 2024 год, апрель - Новая Литература",Глубокий (литературный канон),7,Философская публицистика,Красота,Эстетическая трансгрессия,Крепость,Проводник,Традиция–Новаторство,
M359,https://nm1925.ru/journal-archive/year-content/2025,Содержание журнала за 2025 - Новый мир,Глубокий (литературный канон),1,Культурологическое эссе,Красота,Идентичностный кризис,Перестройка,Наблюдатель,Традиция–Новаторство,
M359,https://nm1925.ru/journal-archive/year-content/2025,Содержание журнала за 2025 - Новый мир,Глубокий (литературный канон),2,Эссе-размышление,Образование,Культурная гибридизация,Обвал,Мудрец,Природа–Культура,
M359,https://nm1925.ru/journal-archive/year-content/2025,Содержание журнала за 2025 - Новый мир,Глубокий (литературный канон),3,Мемуарный очерк,Истина,Эстетическая трансгрессия,Прививка,Новатор,Открытость–Закрытость,
M359,https://nm1925.ru/journal-archive/year-content/2025,Содержание журнала за 2025 - Новый мир,Глубокий (литературный канон),4,Эссе-размышление,Идентичность,Культурный канон,Увядание,Проводник,Прошлое–Будущее,
M359,https://nm1925.ru/journal-archive/year-content/2025,Содержание журнала за 2025 - Новый мир,Глубокий (литературный канон),5,Культурологическое эссе,Душа,Культурная память,Рост,Творец,Дух–Материя,
M359,https://nm1925.ru/journal-archive/year-content/2025,Содержание журнала за 2025 - Новый мир,Глубокий (литературный канон),6,Литературный очерк,Родина,Нравственный поиск,Периферия,Хранитель,Истина–Ложь,
M359,https://nm1925.ru/journal-archive/year-content/2025,Содержание журнала за 2025 - Новый мир,Глубокий (литературный канон),7,Эссе-размышление,Ответственность,Социальная солидарность,Фронт,Герой,Равенство–Иерархия,
M360,https://voplit.ru/article/litso-zhurnala-po-stranitsam-novogo-mira,Лицо журнала (По страницам «Нового мира») - Вопросы,Глубокий (литературный канон),1,Мемуарный очерк,Благополучие,Экономическая модернизация,Рост,Новатор,Традиция–Новаторство,
M360,https://voplit.ru/article/litso-zhurnala-po-stranitsam-novogo-mira,Лицо журнала (По страницам «Нового мира») - Вопросы,Глубокий (литературный канон),2,Литературная критика,Справедливость,Рыночная конъюнктура,Запруда,Жертва,Честь–Выгода,
M360,https://voplit.ru/article/litso-zhurnala-po-stranitsam-novogo-mira,Лицо журнала (По страницам «Нового мира») - Вопросы,Глубокий (литературный канон),3,Мемуарный очерк,Благосостояние,Финансовые связи,Двигатель,Трудолюбивый,Общее–Частное,
M360,https://voplit.ru/article/litso-zhurnala-po-stranitsam-novogo-mira,Лицо журнала (По страницам «Нового мира») - Вопросы,Глубокий (литературный канон),4,Литературный очерк,Долг,Экономическая динамика,Механизм,Творец,Справедливость–Законность,
M360,https://voplit.ru/article/litso-zhurnala-po-stranitsam-novogo-mira,Лицо журнала (По страницам «Нового мира») - Вопросы,Глубокий (литературный канон),5,Литературная критика,Равенство,Экономический рост,Плоды,Наблюдатель,Стабильность–Перемены,
M360,https://voplit.ru/article/litso-zhurnala-po-stranitsam-novogo-mira,Лицо журнала (По страницам «Нового мира») - Вопросы,Глубокий (литературный канон),6,Культурологическое эссе,Ответственность,Суверенитет,Обвал,Защитник,Равенство–Иерархия,
M360,https://voplit.ru/article/litso-zhurnala-po-stranitsam-novogo-mira,Лицо журнала (По страницам «Нового мира») - Вопросы,Глубокий (литературный канон),7,Эссе-размышление,Власть,Политическая трансформация,Премьера,Лидер,Единство–Разделение,
M360,https://voplit.ru/article/litso-zhurnala-po-stranitsam-novogo-mira,Лицо журнала (По страницам «Нового мира») - Вопросы,Глубокий (литературный канон),8,Культурологическое эссе,Прогресс,Инновационный прорыв,Ржавчина,Устроитель,Индивидуальное–Коллективное,
M361,http://journal-novy-mir.tilda.ws,"Журнал ""Новый мир"". К 100-летию со дня основания",Глубокий (литературный канон),1,Философская публицистика,Душа,Культурный канон,Обвал,Творец,Дух–Материя,
M361,http://journal-novy-mir.tilda.ws,"Журнал ""Новый мир"". К 100-летию со дня основания",Глубокий (литературный канон),2,Литературный очерк,Честь,Демографическая динамика,Цветение,Страдалец,Равенство–Иерархия,
M361,http://journal-novy-mir.tilda.ws,"Журнал ""Новый мир"". К 100-летию со дня основания",Глубокий (литературный канон),3,Мемуарный очерк,Традиция,Нравственный поиск,Горизонт,Хранитель,Традиция–Новаторство,
M361,http://journal-novy-mir.tilda.ws,"Журнал ""Новый мир"". К 100-летию со дня основания",Глубокий (литературный канон),4,Философская публицистика,Истина,Идентичностный кризис,Плоды,Мудрец,Прошлое–Будущее,
M361,http://journal-novy-mir.tilda.ws,"Журнал ""Новый мир"". К 100-летию со дня основания",Глубокий (литературный канон),5,Мемуарный очерк,Справедливость,Межпоколенческие отношения,Фронт,Бунтарь,Свобода–Безопасность,
M361,http://journal-novy-mir.tilda.ws,"Журнал ""Новый мир"". К 100-летию со дня основания",Глубокий (литературный канон),6,Литературный очерк,Красота,Культурная память,Низ,Новатор,Истина–Ложь,
M361,http://journal-novy-mir.tilda.ws,"Журнал ""Новый мир"". К 100-летию со дня основания",Глубокий (литературный канон),7,Философская публицистика,Долг,Социальная поляризация,Прививка,Жертва,Справедливость–Законность,
M361,http://journal-novy-mir.tilda.ws,"Журнал ""Новый мир"". К 100-летию со дня основания",Глубокий (литературный канон),8,Философская публицистика,Память,Традиция и новаторство,Рост,Проводник,Открытость–Закрытость,
M362,https://voplit.ru/article/novyj-mir-i-novye-vremena-postyubilejnye-zametki,«Новый мир» и новые времена (Постюбилейные заметки,Глубокий (литературный канон),1,Литературный очерк,Ответственность,Социальная солидарность,Оборона,Страдалец,Свобода–Безопасность,
M362,https://voplit.ru/article/novyj-mir-i-novye-vremena-postyubilejnye-zametki,«Новый мир» и новые времена (Постюбилейные заметки,Глубокий (литературный канон),2,Эссе-размышление,Долг,Социальная мобильность,Увядание,Защитник,Добро–Зло,
M362,https://voplit.ru/article/novyj-mir-i-novye-vremena-postyubilejnye-zametki,«Новый мир» и новые времена (Постюбилейные заметки,Глубокий (литературный канон),3,Литературный очерк,Солидарность,Межпоколенческие отношения,Рост,Жертва,Равенство–Иерархия,
M362,https://voplit.ru/article/novyj-mir-i-novye-vremena-postyubilejnye-zametki,«Новый мир» и новые времена (Постюбилейные заметки,Глубокий (литературный канон),4,Культурологическое эссе,Правда,Социальная поляризация,Засуха,Герой,Свой–Чужой,
M362,https://voplit.ru/article/novyj-mir-i-novye-vremena-postyubilejnye-zametki,«Новый мир» и новые времена (Постюбилейные заметки,Глубокий (литературный канон),5,Литературная критика,Семья,Демографическая динамика,Увядание,Бунтарь,Справедливость–Законность,
M362,https://voplit.ru/article/novyj-mir-i-novye-vremena-postyubilejnye-zametki,«Новый мир» и новые времена (Постюбилейные заметки,Глубокий (литературный канон),6,Эссе-размышление,Свобода,Суверенитет,Строительство,Лидер,Порядок–Хаос,
M362,https://voplit.ru/article/novyj-mir-i-novye-vremena-postyubilejnye-zametki,«Новый мир» и новые времена (Постюбилейные заметки,Глубокий (литературный канон),7,Культурологическое эссе,Безопасность,Миграционная волна,Обвал,Свидетель,Общее–Частное,
M362,https://voplit.ru/article/novyj-mir-i-novye-vremena-postyubilejnye-zametki,«Новый мир» и новые времена (Постюбилейные заметки,Глубокий (литературный канон),8,Философская публицистика,Честь,Культурная трансформация,Архитектура,Защитник,Свобода–Безопасность,
M362,https://voplit.ru/article/novyj-mir-i-novye-vremena-postyubilejnye-zametki,«Новый мир» и новые времена (Постюбилейные заметки,Глубокий (литературный канон),9,Литературный очерк,Справедливость,Культурная трансформация,Заслон,Защитник,Свой–Чужой,
M363,https://www.oktyabr.org/latest.html,Последнее | Современный литературный журнал Октябрь,Глубокий (литературный канон),1,Культурологическое эссе,Прогресс,Инновационный прорыв,Запруда,Творец,Традиция–Новаторство,
M363,https://www.oktyabr.org/latest.html,Последнее | Современный литературный журнал Октябрь,Глубокий (литературный канон),2,Эссе-размышление,Культура,Традиция и новаторство,Крепость,Наблюдатель,Дух–Материя,
M363,https://www.oktyabr.org/latest.html,Последнее | Современный литературный журнал Октябрь,Глубокий (литературный канон),3,Литературный очерк,Истина,Культурный канон,Перестройка,Мудрец,Природа–Культура,
M363,https://www.oktyabr.org/latest.html,Последнее | Современный литературный журнал Октябрь,Глубокий (литературный канон),4,Культурологическое эссе,Родина,Нравственный поиск,Семя,Проводник,Прошлое–Будущее,
M363,https://www.oktyabr.org/latest.html,Последнее | Современный литературный журнал Октябрь,Глубокий (литературный канон),5,Эссе-размышление,Душа,Идентичностный кризис,Перестройка,Хранитель,Открытость–Закрытость,
M363,https://www.oktyabr.org/latest.html,Последнее | Современный литературный журнал Октябрь,Глубокий (литературный канон),6,Философская публицистика,Традиция,Культурная гибридизация,Горизонт,Новатор,Истина–Ложь,
M363,https://www.oktyabr.org/latest.html,Последнее | Современный литературный журнал Октябрь,Глубокий (литературный канон),7,Культурологическое эссе,Идентичность,Эстетическая трансгрессия,Фундамент,Творец,Прошлое–Будущее,
M364,https://www.oktyabr.org,Октябрь | Современный литературный журнал,Глубокий (литературный канон),1,Культурологическое эссе,Правда,Социальная мобильность,Архитектура,Жертва,Общее–Частное,
M364,https://www.oktyabr.org,Октябрь | Современный литературный журнал,Глубокий (литературный канон),2,Эссе-размышление,Память,Культурная память,Горизонт,Творец,Дух–Материя,
M364,https://www.oktyabr.org,Октябрь | Современный литературный журнал,Глубокий (литературный канон),3,Философская публицистика,Образование,Нравственный поиск,Верх,Новатор,Истина–Ложь,
M364,https://www.oktyabr.org,Октябрь | Современный литературный журнал,Глубокий (литературный канон),4,Мемуарный очерк,Истина,Культурная гибридизация,Корни,Мудрец,Прошлое–Будущее,
M364,https://www.oktyabr.org,Октябрь | Современный литературный журнал,Глубокий (литературный канон),5,Эссе-размышление,Честь,Демографическая динамика,Прививка,Герой,Равенство–Иерархия,
M364,https://www.oktyabr.org,Октябрь | Современный литературный журнал,Глубокий (литературный канон),6,Философская публицистика,Душа,Идентичностный кризис,Верх,Наблюдатель,Традиция–Новаторство,
M364,https://www.oktyabr.org,Октябрь | Современный литературный журнал,Глубокий (литературный канон),7,Культурологическое эссе,Родина,Культурный канон,Прививка,Хранитель,Открытость–Закрытость,
M364,https://www.oktyabr.org,Октябрь | Современный литературный журнал,Глубокий (литературный канон),8,Философская публицистика,Красота,Эстетическая трансгрессия,Засуха,Проводник,Природа–Культура,
M365,https://www.newlit.ru/archive.php?year=2025&mounth=10,"Архив новостей, 2025 год, октябрь - Новая Литература",Глубокий (литературный канон),1,Мемуарный очерк,Культура,Традиция и новаторство,Крепость,Наблюдатель,Природа–Культура,
M365,https://www.newlit.ru/archive.php?year=2025&mounth=10,"Архив новостей, 2025 год, октябрь - Новая Литература",Глубокий (литературный канон),2,Мемуарный очерк,Душа,Культурная память,Архитектура,Проводник,Традиция–Новаторство,
M365,https://www.newlit.ru/archive.php?year=2025&mounth=10,"Архив новостей, 2025 год, октябрь - Новая Литература",Глубокий (литературный канон),3,Философская публицистика,Традиция,Культурная гибридизация,Увядание,Творец,Дух–Материя,
M365,https://www.newlit.ru/archive.php?year=2025&mounth=10,"Архив новостей, 2025 год, октябрь - Новая Литература",Глубокий (литературный канон),4,Литературный очерк,Идентичность,Идентичностный кризис,Засуха,Мудрец,Открытость–Закрытость,
M365,https://www.newlit.ru/archive.php?year=2025&mounth=10,"Архив новостей, 2025 год, октябрь - Новая Литература",Глубокий (литературный канон),5,Мемуарный очерк,Образование,Культурный канон,Перестройка,Новатор,Истина–Ложь,
M365,https://www.newlit.ru/archive.php?year=2025&mounth=10,"Архив новостей, 2025 год, октябрь - Новая Литература",Глубокий (литературный канон),6,Культурологическое эссе,Истина,Нравственный поиск,Путь,Хранитель,Прошлое–Будущее,
M365,https://www.newlit.ru/archive.php?year=2025&mounth=10,"Архив новостей, 2025 год, октябрь - Новая Литература",Глубокий (литературный канон),7,Эссе-размышление,Родина,Эстетическая трансгрессия,Центр,Наблюдатель,Традиция–Новаторство,
M365,https://www.newlit.ru/archive.php?year=2025&mounth=10,"Архив новостей, 2025 год, октябрь - Новая Литература",Глубокий (литературный канон),8,Эссе-размышление,Красота,Эстетическая трансгрессия,Обвал,Хранитель,Истина–Ложь,
M366,https://www.oktyabr.org/archive.html,Архив | Октябрь | Современный литературный журнал,Глубокий (литературный канон),1,Эссе-размышление,Образование,Культурная гибридизация,Строительство,Творец,Дух–Материя,
M366,https://www.oktyabr.org/archive.html,Архив | Октябрь | Современный литературный журнал,Глубокий (литературный канон),2,Культурологическое эссе,Вера,Нравственный поиск,Низ,Новатор,Традиция–Новаторство,
M366,https://www.oktyabr.org/archive.html,Архив | Октябрь | Современный литературный журнал,Глубокий (литературный канон),3,Мемуарный очерк,Родина,Идентичностный кризис,Периферия,Мудрец,Истина–Ложь,
M366,https://www.oktyabr.org/archive.html,Архив | Октябрь | Современный литературный журнал,Глубокий (литературный канон),4,Философская публицистика,Традиция,Эстетическая трансгрессия,Низ,Наблюдатель,Природа–Культура,
M366,https://www.oktyabr.org/archive.html,Архив | Октябрь | Современный литературный журнал,Глубокий (литературный канон),5,Литературная критика,Красота,Культурная память,Низ,Проводник,Открытость–Закрытость,
M366,https://www.oktyabr.org/archive.html,Архив | Октябрь | Современный литературный журнал,Глубокий (литературный канон),6,Литературная критика,Истина,Традиция и новаторство,Разрушение,Хранитель,Прошлое–Будущее,
M366,https://www.oktyabr.org/archive.html,Архив | Октябрь | Современный литературный журнал,Глубокий (литературный канон),7,Мемуарный очерк,Память,Культурный канон,Путь,Проводник,Традиция–Новаторство,
M366,https://www.oktyabr.org/archive.html,Архив | Октябрь | Современный литературный журнал,Глубокий (литературный канон),8,Литературная критика,Идентичность,Традиция и новаторство,Крепость,Новатор,Дух–Материя,
M367,https://nlobooks.ru/magazines/novoe_literaturnoe_obozrenie/195_nlo_5_2025,195 / 5'25 - Новое литературное обозрение,Глубокий (литературный канон),1,Литературный очерк,Достоинство,Потеря смыслов,Устье,Наблюдатель,Дух–Материя,
M367,https://nlobooks.ru/magazines/novoe_literaturnoe_obozrenie/195_nlo_5_2025,195 / 5'25 - Новое литературное обозрение,Глубокий (литературный канон),2,Литературный очерк,Смысл,Жизненный путь,Течение,Мудрец,Прошлое–Будущее,
M367,https://nlobooks.ru/magazines/novoe_literaturnoe_obozrenie/195_nlo_5_2025,195 / 5'25 - Новое литературное обозрение,Глубокий (литературный канон),3,Культурологическое эссе,Мужество,Обретение идентичности,Центр,Творец,Свобода–Безопасность,
M367,https://nlobooks.ru/magazines/novoe_literaturnoe_obozrenie/195_nlo_5_2025,195 / 5'25 - Новое литературное обозрение,Глубокий (литературный канон),4,Литературный очерк,Судьба,Духовное прозрение,Волна,Герой,Вера–Знание,
M367,https://nlobooks.ru/magazines/novoe_literaturnoe_obozrenie/195_nlo_5_2025,195 / 5'25 - Новое литературное обозрение,Глубокий (литературный канон),5,Философская публицистика,Надежда,Человеческое достоинство,Устье,Проводник,Истина–Ложь,
M367,https://nlobooks.ru/magazines/novoe_literaturnoe_obozrenie/195_nlo_5_2025,195 / 5'25 - Новое литературное обозрение,Глубокий (литературный канон),6,Мемуарный очерк,Вера,Столкновение с вечностью,Корни,Страдалец,Жизнь–Смерть,
M367,https://nlobooks.ru/magazines/novoe_literaturnoe_obozrenie/195_nlo_5_2025,195 / 5'25 - Новое литературное обозрение,Глубокий (литературный канон),7,Философская публицистика,Истина,Моральный выбор,Простор,Страдалец,Жизнь–Смерть,
M368,https://voplit.ru/column/vypusk-2025-05,"Выпуск №5, 2025 - Вопросы литературы",Глубокий (литературный канон),1,Литературный очерк,Безопасность,Культурная трансформация,Мобилизация,Герой,Равенство–Иерархия,
M368,https://voplit.ru/column/vypusk-2025-05,"Выпуск №5, 2025 - Вопросы литературы",Глубокий (литературный канон),2,Культурологическое эссе,Вера,Эстетическая трансгрессия,Горизонт,Проводник,Истина–Ложь,
M368,https://voplit.ru/column/vypusk-2025-05,"Выпуск №5, 2025 - Вопросы литературы",Глубокий (литературный канон),3,Эссе-размышление,Память,Культурная память,Реконструкция,Наблюдатель,Открытость–Закрытость,
M368,https://voplit.ru/column/vypusk-2025-05,"Выпуск №5, 2025 - Вопросы литературы",Глубокий (литературный канон),4,Культурологическое эссе,Образование,Традиция и новаторство,Горизонт,Хранитель,Традиция–Новаторство,
M368,https://voplit.ru/column/vypusk-2025-05,"Выпуск №5, 2025 - Вопросы литературы",Глубокий (литературный канон),5,Литературная критика,Душа,Культурный канон,Цветение,Мудрец,Прошлое–Будущее,
M368,https://voplit.ru/column/vypusk-2025-05,"Выпуск №5, 2025 - Вопросы литературы",Глубокий (литературный канон),6,Эссе-размышление,Родина,Нравственный поиск,Корни,Творец,Дух–Материя,
M368,https://voplit.ru/column/vypusk-2025-05,"Выпуск №5, 2025 - Вопросы литературы",Глубокий (литературный канон),7,Литературный очерк,Идентичность,Идентичностный кризис,Прививка,Новатор,Природа–Культура,
M368,https://voplit.ru/column/vypusk-2025-05,"Выпуск №5, 2025 - Вопросы литературы",Глубокий (литературный канон),8,Культурологическое эссе,Истина,Культурная гибридизация,Разрушение,Мудрец,Природа–Культура,
M368,https://voplit.ru/column/vypusk-2025-05,"Выпуск №5, 2025 - Вопросы литературы",Глубокий (литературный канон),9,Мемуарный очерк,Долг,Демографическая динамика,Заслон,Страдалец,Свой–Чужой,
M369,https://natelit.ru/nomera-zhurnala,Номера журнала - Литературный журнал НАТЕ,Глубокий (литературный канон),1,Литературный очерк,Истина,Культурная гибридизация,Засуха,Новатор,Традиция–Новаторство,
M369,https://natelit.ru/nomera-zhurnala,Номера журнала - Литературный журнал НАТЕ,Глубокий (литературный канон),2,Культурологическое эссе,Образование,Идентичностный кризис,Низ,Проводник,Дух–Материя,
M369,https://natelit.ru/nomera-zhurnala,Номера журнала - Литературный журнал НАТЕ,Глубокий (литературный канон),3,Мемуарный очерк,Идентичность,Традиция и новаторство,Фундамент,Творец,Истина–Ложь,
M369,https://natelit.ru/nomera-zhurnala,Номера журнала - Литературный журнал НАТЕ,Глубокий (литературный канон),4,Литературная критика,Вера,Культурный канон,Реконструкция,Мудрец,Прошлое–Будущее,
M369,https://natelit.ru/nomera-zhurnala,Номера журнала - Литературный журнал НАТЕ,Глубокий (литературный канон),5,Эссе-размышление,Родина,Эстетическая трансгрессия,Центр,Хранитель,Природа–Культура,
M369,https://natelit.ru/nomera-zhurnala,Номера журнала - Литературный журнал НАТЕ,Глубокий (литературный канон),6,Мемуарный очерк,Безопасность,Социальная поляризация,Фронт,Страдалец,Равенство–Иерархия,
M369,https://natelit.ru/nomera-zhurnala,Номера журнала - Литературный журнал НАТЕ,Глубокий (литературный канон),7,Мемуарный очерк,Традиция,Культурная память,Горизонт,Наблюдатель,Открытость–Закрытость,
M370,https://prolitcult.ru/2025,"Стихи, проза, критика за 2025 год",Глубокий (литературный канон),1,Мемуарный очерк,Память,Идентичностный кризис,Цветение,Новатор,Истина–Ложь,
M370,https://prolitcult.ru/2025,"Стихи, проза, критика за 2025 год",Глубокий (литературный канон),2,Мемуарный очерк,Идентичность,Нравственный поиск,Простор,Проводник,Традиция–Новаторство,
M370,https://prolitcult.ru/2025,"Стихи, проза, критика за 2025 год",Глубокий (литературный канон),3,Философская публицистика,Родина,Эстетическая трансгрессия,Периферия,Наблюдатель,Дух–Материя,
M370,https://prolitcult.ru/2025,"Стихи, проза, критика за 2025 год",Глубокий (литературный канон),4,Философская публицистика,Образование,Культурная память,Граница,Мудрец,Природа–Культура,
M370,https://prolitcult.ru/2025,"Стихи, проза, критика за 2025 год",Глубокий (литературный канон),5,Литературная критика,Душа,Культурная гибридизация,Периферия,Творец,Открытость–Закрытость,
M370,https://prolitcult.ru/2025,"Стихи, проза, критика за 2025 год",Глубокий (литературный канон),6,Эссе-размышление,Истина,Традиция и новаторство,Обвал,Хранитель,Прошлое–Будущее,
M370,https://prolitcult.ru/2025,"Стихи, проза, критика за 2025 год",Глубокий (литературный канон),7,Литературная критика,Вера,Культурный канон,Верх,Проводник,Истина–Ложь,
M370,https://prolitcult.ru/2025,"Стихи, проза, критика за 2025 год",Глубокий (литературный канон),8,Философская публицистика,Красота,Культурная гибридизация,Цветение,Мудрец,Истина–Ложь,
M370,https://prolitcult.ru/2025,"Стихи, проза, критика за 2025 год",Глубокий (литературный канон),9,Эссе-размышление,Культура,Культурная гибридизация,Строительство,Наблюдатель,Прошлое–Будущее,
M371,https://pechorin.net/raz,Русский академический журнал | Литературный портал,Глубокий (литературный канон),1,Литературный очерк,Культура,Культурная гибридизация,Низ,Новатор,Природа–Культура,
M371,https://pechorin.net/raz,Русский академический журнал | Литературный портал,Глубокий (литературный канон),2,Культурологическое эссе,Благополучие,Экономическая динамика,Запруда,Устроитель,Стабильность–Перемены,
M371,https://pechorin.net/raz,Русский академический журнал | Литературный портал,Глубокий (литературный канон),3,Эссе-размышление,Вера,Культурный канон,Реконструкция,Проводник,Дух–Материя,
M371,https://pechorin.net/raz,Русский академический журнал | Литературный портал,Глубокий (литературный канон),4,Философская публицистика,Справедливость,Финансовые связи,Запруда,Творец,Справедливость–Законность,
M371,https://pechorin.net/raz,Русский академический журнал | Литературный портал,Глубокий (литературный канон),5,Культурологическое эссе,Развитие,Социальная дифференциация,Прививка,Жертва,Традиция–Новаторство,
M371,https://pechorin.net/raz,Русский академический журнал | Литературный портал,Глубокий (литературный канон),6,Литературный очерк,Душа,Традиция и новаторство,Цветение,Наблюдатель,Истина–Ложь,
M371,https://pechorin.net/raz,Русский академический журнал | Литературный портал,Глубокий (литературный канон),7,Литературная критика,Долг,Управление ресурсами,Ремонт,Трудолюбивый,Общее–Частное,
M371,https://pechorin.net/raz,Русский академический журнал | Литературный портал,Глубокий (литературный канон),8,Мемуарный очерк,Идентичность,Нравственный поиск,Рост,Хранитель,Прошлое–Будущее,
M372,https://www.artcritic.com/ru/%D1%85%D0%B0%D0%BB%D0%B5%D0%B4-%D1%81%D0%B0%D0%B1%D1%81%D0%B0%D0%B1%D0%B8-%D0%BF%D0%BE%D0%B4%D0%BB%D0%B8%D0%BD%D0%BD%D0%BE%D0%B5-%D0%B8%D1%81%D0%BA%D1%83%D1%81%D1%81%D1%82%D0%B2%D0%BE-%D0%BA%D0%BE,"Халед Сабсаби: подлинное искусство, которое стоит поддержать",Глубокий (литературный канон),1,Культурологическое эссе,Душа,Культурная гибридизация,Граница,Наблюдатель,Открытость–Закрытость,
M372,https://www.artcritic.com/ru/%D1%85%D0%B0%D0%BB%D0%B5%D0%B4-%D1%81%D0%B0%D0%B1%D1%81%D0%B0%D0%B1%D0%B8-%D0%BF%D0%BE%D0%B4%D0%BB%D0%B8%D0%BD%D0%BD%D0%BE%D0%B5-%D0%B8%D1%81%D0%BA%D1%83%D1%81%D1%81%D1%82%D0%B2%D0%BE-%D0%BA%D0%BE,"Халед Сабсаби: подлинное искусство, которое стоит поддержать",Глубокий (литературный канон),2,Философская публицистика,Родина,Традиция и новаторство,Цветение,Новатор,Истина–Ложь,
M372,https://www.artcritic.com/ru/%D1%85%D0%B0%D0%BB%D0%B5%D0%B4-%D1%81%D0%B0%D0%B1%D1%81%D0%B0%D0%B1%D0%B8-%D0%BF%D0%BE%D0%B4%D0%BB%D0%B8%D0%BD%D0%BD%D0%BE%D0%B5-%D0%B8%D1%81%D0%BA%D1%83%D1%81%D1%81%D1%82%D0%B2%D0%BE-%D0%BA%D0%BE,"Халед Сабсаби: подлинное искусство, которое стоит поддержать",Глубокий (литературный канон),3,Литературная критика,Традиция,Идентичностный кризис,Горизонт,Мудрец,Природа–Культура,
M372,https://www.artcritic.com/ru/%D1%85%D0%B0%D0%BB%D0%B5%D0%B4-%D1%81%D0%B0%D0%B1%D1%81%D0%B0%D0%B1%D0%B8-%D0%BF%D0%BE%D0%B4%D0%BB%D0%B8%D0%BD%D0%BD%D0%BE%D0%B5-%D0%B8%D1%81%D0%BA%D1%83%D1%81%D1%81%D1%82%D0%B2%D0%BE-%D0%BA%D0%BE,"Халед Сабсаби: подлинное искусство, которое стоит поддержать",Глубокий (литературный канон),4,Культурологическое эссе,Истина,Духовное прозрение,Верх,Творец,Свобода–Безопасность,
M372,https://www.artcritic.com/ru/%D1%85%D0%B0%D0%BB%D0%B5%D0%B4-%D1%81%D0%B0%D0%B1%D1%81%D0%B0%D0%B1%D0%B8-%D0%BF%D0%BE%D0%B4%D0%BB%D0%B8%D0%BD%D0%BD%D0%BE%D0%B5-%D0%B8%D1%81%D0%BA%D1%83%D1%81%D1%81%D1%82%D0%B2%D0%BE-%D0%BA%D0%BE,"Халед Сабсаби: подлинное искусство, которое стоит поддержать",Глубокий (литературный канон),5,Культурологическое эссе,Судьба,Потеря смыслов,Рост,Проводник,Вера–Знание,
M372,https://www.artcritic.com/ru/%D1%85%D0%B0%D0%BB%D0%B5%D0%B4-%D1%81%D0%B0%D0%B1%D1%81%D0%B0%D0%B1%D0%B8-%D0%BF%D0%BE%D0%B4%D0%BB%D0%B8%D0%BD%D0%BD%D0%BE%D0%B5-%D0%B8%D1%81%D0%BA%D1%83%D1%81%D1%81%D1%82%D0%B2%D0%BE-%D0%BA%D0%BE,"Халед Сабсаби: подлинное искусство, которое стоит поддержать",Глубокий (литературный канон),6,Литературная критика,Идентичность,Культурная память,Архитектура,Хранитель,Традиция–Новаторство,
M372,https://www.artcritic.com/ru/%D1%85%D0%B0%D0%BB%D0%B5%D0%B4-%D1%81%D0%B0%D0%B1%D1%81%D0%B0%D0%B1%D0%B8-%D0%BF%D0%BE%D0%B4%D0%BB%D0%B8%D0%BD%D0%BD%D0%BE%D0%B5-%D0%B8%D1%81%D0%BA%D1%83%D1%81%D1%81%D1%82%D0%B2%D0%BE-%D0%BA%D0%BE,"Халед Сабсаби: подлинное искусство, которое стоит поддержать",Глубокий (литературный канон),7,Литературный очерк,Вера,Столкновение с вечностью,Засуха,Герой,Жизнь–Смерть,
M372,https://www.artcritic.com/ru/%D1%85%D0%B0%D0%BB%D0%B5%D0%B4-%D1%81%D0%B0%D0%B1%D1%81%D0%B0%D0%B1%D0%B8-%D0%BF%D0%BE%D0%B4%D0%BB%D0%B8%D0%BD%D0%BD%D0%BE%D0%B5-%D0%B8%D1%81%D0%BA%D1%83%D1%81%D1%81%D1%82%D0%B2%D0%BE-%D0%BA%D0%BE,"Халед Сабсаби: подлинное искусство, которое стоит поддержать",Глубокий (литературный канон),8,Эссе-размышление,Образование,Нравственный поиск,Периферия,Творец,Прошлое–Будущее,
M372,https://www.artcritic.com/ru/%D1%85%D0%B0%D0%BB%D0%B5%D0%B4-%D1%81%D0%B0%D0%B1%D1%81%D0%B0%D0%B1%D0%B8-%D0%BF%D0%BE%D0%B4%D0%BB%D0%B8%D0%BD%D0%BD%D0%BE%D0%B5-%D0%B8%D1%81%D0%BA%D1%83%D1%81%D1%81%D1%82%D0%B2%D0%BE-%D0%BA%D0%BE,"Халед Сабсаби: подлинное искусство, которое стоит поддержать",Глубокий (литературный канон),9,Философская публицистика,Красота,Эстетическая трансгрессия,Рост,Проводник,Дух–Материя,
M373,https://www.artcritic.com/ru/%D1%83%D0%B8%D0%BB%D0%BB%D0%B5%D0%BC-%D0%B4%D0%B5-%D0%BA%D1%83%D0%BD%D0%B8%D0%BD%D0%B3-%D0%BF%D0%BB%D0%BE%D1%82%D1%8C-%D0%B8-%D0%B6%D0%B5%D1%81%D1%82,Уиллем де Кунинг: плоть и жест - ArtCritic,Глубокий (литературный канон),1,Культурологическое эссе,Идентичность,Эстетическая трансгрессия,Путь,Новатор,Дух–Материя,
M373,https://www.artcritic.com/ru/%D1%83%D0%B8%D0%BB%D0%BB%D0%B5%D0%BC-%D0%B4%D0%B5-%D0%BA%D1%83%D0%BD%D0%B8%D0%BD%D0%B3-%D0%BF%D0%BB%D0%BE%D1%82%D1%8C-%D0%B8-%D0%B6%D0%B5%D1%81%D1%82,Уиллем де Кунинг: плоть и жест - ArtCritic,Глубокий (литературный канон),2,Мемуарный очерк,Родина,Нравственный поиск,Строительство,Творец,Прошлое–Будущее,
M373,https://www.artcritic.com/ru/%D1%83%D0%B8%D0%BB%D0%BB%D0%B5%D0%BC-%D0%B4%D0%B5-%D0%BA%D1%83%D0%BD%D0%B8%D0%BD%D0%B3-%D0%BF%D0%BB%D0%BE%D1%82%D1%8C-%D0%B8-%D0%B6%D0%B5%D1%81%D1%82,Уиллем де Кунинг: плоть и жест - ArtCritic,Глубокий (литературный канон),3,Литературная критика,Память,Культурная память,Корни,Проводник,Природа–Культура,
M373,https://www.artcritic.com/ru/%D1%83%D0%B8%D0%BB%D0%BB%D0%B5%D0%BC-%D0%B4%D0%B5-%D0%BA%D1%83%D0%BD%D0%B8%D0%BD%D0%B3-%D0%BF%D0%BB%D0%BE%D1%82%D1%8C-%D0%B8-%D0%B6%D0%B5%D1%81%D1%82,Уиллем де Кунинг: плоть и жест - ArtCritic,Глубокий (литературный канон),4,Литературный очерк,Культура,Культурная гибридизация,Центр,Наблюдатель,Открытость–Закрытость,
M373,https://www.artcritic.com/ru/%D1%83%D0%B8%D0%BB%D0%BB%D0%B5%D0%BC-%D0%B4%D0%B5-%D0%BA%D1%83%D0%BD%D0%B8%D0%BD%D0%B3-%D0%BF%D0%BB%D0%BE%D1%82%D1%8C-%D0%B8-%D0%B6%D0%B5%D1%81%D1%82,Уиллем де Кунинг: плоть и жест - ArtCritic,Глубокий (литературный канон),5,Мемуарный очерк,Образование,Идентичностный кризис,Верх,Мудрец,Традиция–Новаторство,
M373,https://www.artcritic.com/ru/%D1%83%D0%B8%D0%BB%D0%BB%D0%B5%D0%BC-%D0%B4%D0%B5-%D0%BA%D1%83%D0%BD%D0%B8%D0%BD%D0%B3-%D0%BF%D0%BB%D0%BE%D1%82%D1%8C-%D0%B8-%D0%B6%D0%B5%D1%81%D1%82,Уиллем де Кунинг: плоть и жест - ArtCritic,Глубокий (литературный канон),6,Философская публицистика,Душа,Культурный канон,Обвал,Хранитель,Истина–Ложь,
M373,https://www.artcritic.com/ru/%D1%83%D0%B8%D0%BB%D0%BB%D0%B5%D0%BC-%D0%B4%D0%B5-%D0%BA%D1%83%D0%BD%D0%B8%D0%BD%D0%B3-%D0%BF%D0%BB%D0%BE%D1%82%D1%8C-%D0%B8-%D0%B6%D0%B5%D1%81%D1%82,Уиллем де Кунинг: плоть и жест - ArtCritic,Глубокий (литературный канон),7,Мемуарный очерк,Красота,Традиция и новаторство,Архитектура,Мудрец,Истина–Ложь,
